[2025-08-02 17:39:33] [INFO] Initializing TimeTracker application
[2025-08-02 17:39:33] [DEBUG] Console cleared and cursor hidden
[2025-08-02 17:39:33] [DEBUG] Creating TimeListScreen
[2025-08-02 17:39:33] [INFO] Loaded 3 time entries
[2025-08-02 17:39:34] [DEBUG] Initializing screen with dimensions: 80 x 24
[2025-08-02 17:39:34] [INFO] TimeTracker initialization complete
[2025-08-02 17:39:34] [INFO] Starting TimeTracker main loop
[2025-08-02 17:39:34] [ERROR] Application error in main loop: Exception calling "ReadKey" with "1" argument(s): "Cannot read keys when either application does not have a console or when console input has been redirected. Try Console.Read."
[2025-08-02 17:39:34] [ERROR] Stack trace: at Start-TimeTracker, /home/teej/projects/github/praxis/TimeTracker/TimeTracker.ps1: line 88
at <ScriptBlock>, /home/teej/projects/github/praxis/TimeTracker/TimeTracker.ps1: line 113
[2025-08-02 17:39:34] [INFO] Cleaning up and closing TimeTracker
[2025-08-02 17:42:39] [INFO] Initializing TimeTracker application
[2025-08-02 17:42:39] [DEBUG] Used Clear-Host instead of Console.Clear
[2025-08-02 17:42:39] [DEBUG] Creating TimeListScreen
[2025-08-02 17:42:40] [INFO] Loaded 4 time entries
[2025-08-02 17:42:41] [DEBUG] Initializing screen with dimensions: 80 x 24
[2025-08-02 17:42:41] [INFO] TimeTracker initialization complete
[2025-08-02 17:42:41] [INFO] Starting TimeTracker main loop
[2025-08-02 17:42:41] [DEBUG] Console not available, using Read-Host fallback
[2025-08-02 17:42:41] [ERROR] Application error in main loop: You cannot call a method on a null-valued expression.
[2025-08-02 17:42:41] [ERROR] Stack trace: at Get-InputKey, /home/teej/projects/github/praxis/TimeTracker/TimeTrackerFixed.ps1: line 74
at Start-TimeTracker, /home/teej/projects/github/praxis/TimeTracker/TimeTrackerFixed.ps1: line 144
at <ScriptBlock>, /home/teej/projects/github/praxis/TimeTracker/TimeTrackerFixed.ps1: line 173
[2025-08-02 17:42:41] [INFO] Cleaning up and closing TimeTracker
[2025-08-02 17:52:35] [INFO] Initializing TimeTracker application
[2025-08-02 17:52:35] [DEBUG] Used Clear-Host instead of Console.Clear
[2025-08-02 17:52:35] [DEBUG] Creating TimeListScreen
[2025-08-02 17:52:36] [INFO] Loaded 4 time entries
[2025-08-02 17:52:36] [DEBUG] Initializing screen with dimensions: 80 x 24
[2025-08-02 17:52:36] [INFO] TimeTracker initialization complete
[2025-08-02 17:52:37] [INFO] Starting TimeTracker main loop
[2025-08-02 17:52:37] [DEBUG] Console not available, using Read-Host fallback
[2025-08-02 17:52:37] [DEBUG] Main loop: Key received, calling HandleInput
[2025-08-02 17:52:37] [DEBUG] HandleInput: Key pressed: A (Char: 'a') EditingIndex: -1
[2025-08-02 17:52:37] [DEBUG] HandleInput: A - Start inline add new entry
[2025-08-02 17:52:37] [DEBUG] StartInlineAdd: Beginning add new entry process
[2025-08-02 17:52:37] [DEBUG] StartInlineAdd: Creating new SimpleTimeEntry
[2025-08-02 17:52:37] [DEBUG] StartInlineAdd: New entry created with ID: 9a7c2f2b-2766-4e6f-bdca-6360e8a3e785
[2025-08-02 17:52:37] [DEBUG] StartInlineAdd: Using TimeService CurrentWeekFriday: 08/08/2025 00:00:00
[2025-08-02 17:52:37] [DEBUG] StartInlineAdd: Week set to: 20250808
[2025-08-02 17:52:37] [DEBUG] StartInlineAdd: Adding entry to FlatList (current count: 4)
[2025-08-02 17:52:37] [DEBUG] StartInlineAdd: State set - EditingIndex: 4, SelectedIndex: 4, Field: project
[2025-08-02 17:52:37] [DEBUG] StartInlineAdd: Calling EnsureVisible
[2025-08-02 17:52:37] [DEBUG] StartInlineAdd: Successfully completed
[2025-08-02 17:52:37] [DEBUG] Console not available, using Read-Host fallback
[2025-08-02 17:52:37] [DEBUG] Main loop: Key received, calling HandleInput
[2025-08-02 17:52:37] [DEBUG] HandleInput: Key pressed: Q (Char: 'q') EditingIndex: 4
[2025-08-02 17:52:37] [DEBUG] HandleInput: In editing mode, delegating to HandleEditingInput
[2025-08-02 17:52:37] [DEBUG] Console not available, using Read-Host fallback
[2025-08-02 17:52:37] [DEBUG] Main loop: Key received, calling HandleInput
[2025-08-02 17:52:37] [DEBUG] HandleInput: Key pressed: Q (Char: 'q') EditingIndex: 4
[2025-08-02 17:52:37] [DEBUG] HandleInput: In editing mode, delegating to HandleEditingInput
[2025-08-02 17:52:37] [DEBUG] Console not available, using Read-Host fallback
[2025-08-02 17:52:37] [DEBUG] Main loop: Key received, calling HandleInput
[2025-08-02 17:52:37] [DEBUG] HandleInput: Key pressed: Q (Char: 'q') EditingIndex: 4
[2025-08-02 17:52:37] [DEBUG] HandleInput: In editing mode, delegating to HandleEditingInput
[2025-08-02 17:52:37] [DEBUG] Console not available, using Read-Host fallback
[2025-08-02 17:52:37] [DEBUG] Main loop: Key received, calling HandleInput
[2025-08-02 17:52:37] [DEBUG] HandleInput: Key pressed: Q (Char: 'q') EditingIndex: 4
[2025-08-02 17:52:37] [DEBUG] HandleInput: In editing mode, delegating to HandleEditingInput
[2025-08-02 17:52:37] [DEBUG] Console not available, using Read-Host fallback
[2025-08-02 17:52:37] [DEBUG] Main loop: Key received, calling HandleInput
[2025-08-02 17:52:37] [DEBUG] HandleInput: Key pressed: Q (Char: 'q') EditingIndex: 4
[2025-08-02 17:52:37] [DEBUG] HandleInput: In editing mode, delegating to HandleEditingInput
[2025-08-02 17:52:38] [DEBUG] Console not available, using Read-Host fallback
[2025-08-02 17:52:38] [DEBUG] Main loop: Key received, calling HandleInput
[2025-08-02 17:52:38] [DEBUG] HandleInput: Key pressed: Q (Char: 'q') EditingIndex: 4
[2025-08-02 17:52:38] [DEBUG] HandleInput: In editing mode, delegating to HandleEditingInput
[2025-08-02 17:52:38] [DEBUG] Console not available, using Read-Host fallback
[2025-08-02 17:52:38] [DEBUG] Main loop: Key received, calling HandleInput
[2025-08-02 17:52:38] [DEBUG] HandleInput: Key pressed: Q (Char: 'q') EditingIndex: 4
[2025-08-02 17:52:38] [DEBUG] HandleInput: In editing mode, delegating to HandleEditingInput
[2025-08-02 17:52:38] [DEBUG] Console not available, using Read-Host fallback
[2025-08-02 17:52:38] [DEBUG] Main loop: Key received, calling HandleInput
[2025-08-02 17:52:38] [DEBUG] HandleInput: Key pressed: Q (Char: 'q') EditingIndex: 4
[2025-08-02 17:52:38] [DEBUG] HandleInput: In editing mode, delegating to HandleEditingInput
[2025-08-02 17:52:38] [DEBUG] Console not available, using Read-Host fallback
[2025-08-02 17:52:38] [DEBUG] Main loop: Key received, calling HandleInput
[2025-08-02 17:52:38] [DEBUG] HandleInput: Key pressed: Q (Char: 'q') EditingIndex: 4
[2025-08-02 17:52:38] [DEBUG] HandleInput: In editing mode, delegating to HandleEditingInput
[2025-08-02 17:52:38] [DEBUG] Console not available, using Read-Host fallback
[2025-08-02 17:52:38] [DEBUG] Main loop: Key received, calling HandleInput
[2025-08-02 17:52:38] [DEBUG] HandleInput: Key pressed: Q (Char: 'q') EditingIndex: 4
[2025-08-02 17:52:38] [DEBUG] HandleInput: In editing mode, delegating to HandleEditingInput
[2025-08-02 17:52:38] [DEBUG] Console not available, using Read-Host fallback
[2025-08-02 17:52:38] [DEBUG] Main loop: Key received, calling HandleInput
[2025-08-02 17:52:38] [DEBUG] HandleInput: Key pressed: Q (Char: 'q') EditingIndex: 4
[2025-08-02 17:52:38] [DEBUG] HandleInput: In editing mode, delegating to HandleEditingInput
[2025-08-02 17:52:39] [DEBUG] Console not available, using Read-Host fallback
[2025-08-02 17:52:39] [DEBUG] Main loop: Key received, calling HandleInput
[2025-08-02 17:52:39] [DEBUG] HandleInput: Key pressed: Q (Char: 'q') EditingIndex: 4
[2025-08-02 17:52:39] [DEBUG] HandleInput: In editing mode, delegating to HandleEditingInput
[2025-08-02 17:52:39] [DEBUG] Console not available, using Read-Host fallback
[2025-08-02 17:52:39] [DEBUG] Main loop: Key received, calling HandleInput
[2025-08-02 17:52:39] [DEBUG] HandleInput: Key pressed: Q (Char: 'q') EditingIndex: 4
[2025-08-02 17:52:39] [DEBUG] HandleInput: In editing mode, delegating to HandleEditingInput
[2025-08-02 17:52:39] [DEBUG] Console not available, using Read-Host fallback
[2025-08-02 17:52:39] [DEBUG] Main loop: Key received, calling HandleInput
[2025-08-02 17:52:39] [DEBUG] HandleInput: Key pressed: Q (Char: 'q') EditingIndex: 4
[2025-08-02 17:52:39] [DEBUG] HandleInput: In editing mode, delegating to HandleEditingInput
[2025-08-02 17:52:39] [DEBUG] Console not available, using Read-Host fallback
[2025-08-02 17:52:39] [DEBUG] Main loop: Key received, calling HandleInput
[2025-08-02 17:52:39] [DEBUG] HandleInput: Key pressed: Q (Char: 'q') EditingIndex: 4
[2025-08-02 17:52:39] [DEBUG] HandleInput: In editing mode, delegating to HandleEditingInput
[2025-08-02 17:52:39] [DEBUG] Console not available, using Read-Host fallback
[2025-08-02 17:52:39] [DEBUG] Main loop: Key received, calling HandleInput
[2025-08-02 17:52:39] [DEBUG] HandleInput: Key pressed: Q (Char: 'q') EditingIndex: 4
[2025-08-02 17:52:39] [DEBUG] HandleInput: In editing mode, delegating to HandleEditingInput
[2025-08-02 17:52:39] [DEBUG] Console not available, using Read-Host fallback
[2025-08-02 17:52:39] [DEBUG] Main loop: Key received, calling HandleInput
[2025-08-02 17:52:39] [DEBUG] HandleInput: Key pressed: Q (Char: 'q') EditingIndex: 4
[2025-08-02 17:52:39] [DEBUG] HandleInput: In editing mode, delegating to HandleEditingInput
[2025-08-02 17:52:39] [DEBUG] Console not available, using Read-Host fallback
[2025-08-02 17:52:39] [DEBUG] Main loop: Key received, calling HandleInput
[2025-08-02 17:52:39] [DEBUG] HandleInput: Key pressed: Q (Char: 'q') EditingIndex: 4
[2025-08-02 17:52:39] [DEBUG] HandleInput: In editing mode, delegating to HandleEditingInput
[2025-08-02 17:52:40] [DEBUG] Console not available, using Read-Host fallback
[2025-08-02 17:52:40] [DEBUG] Main loop: Key received, calling HandleInput
[2025-08-02 17:52:40] [DEBUG] HandleInput: Key pressed: Q (Char: 'q') EditingIndex: 4
[2025-08-02 17:52:40] [DEBUG] HandleInput: In editing mode, delegating to HandleEditingInput
[2025-08-02 17:52:40] [DEBUG] Console not available, using Read-Host fallback
[2025-08-02 17:52:40] [DEBUG] Main loop: Key received, calling HandleInput
[2025-08-02 17:52:40] [DEBUG] HandleInput: Key pressed: Q (Char: 'q') EditingIndex: 4
[2025-08-02 17:52:40] [DEBUG] HandleInput: In editing mode, delegating to HandleEditingInput
[2025-08-02 17:52:40] [DEBUG] Console not available, using Read-Host fallback
[2025-08-02 17:52:40] [DEBUG] Main loop: Key received, calling HandleInput
[2025-08-02 17:52:40] [DEBUG] HandleInput: Key pressed: Q (Char: 'q') EditingIndex: 4
[2025-08-02 17:52:40] [DEBUG] HandleInput: In editing mode, delegating to HandleEditingInput
[2025-08-02 17:52:40] [DEBUG] Console not available, using Read-Host fallback
[2025-08-02 17:52:40] [DEBUG] Main loop: Key received, calling HandleInput
[2025-08-02 17:52:40] [DEBUG] HandleInput: Key pressed: Q (Char: 'q') EditingIndex: 4
[2025-08-02 17:52:40] [DEBUG] HandleInput: In editing mode, delegating to HandleEditingInput
[2025-08-02 17:52:40] [DEBUG] Console not available, using Read-Host fallback
[2025-08-02 17:52:40] [DEBUG] Main loop: Key received, calling HandleInput
[2025-08-02 17:52:40] [DEBUG] HandleInput: Key pressed: Q (Char: 'q') EditingIndex: 4
[2025-08-02 17:52:40] [DEBUG] HandleInput: In editing mode, delegating to HandleEditingInput
[2025-08-02 17:52:40] [DEBUG] Console not available, using Read-Host fallback
[2025-08-02 17:52:40] [DEBUG] Main loop: Key received, calling HandleInput
[2025-08-02 17:52:40] [DEBUG] HandleInput: Key pressed: Q (Char: 'q') EditingIndex: 4
[2025-08-02 17:52:40] [DEBUG] HandleInput: In editing mode, delegating to HandleEditingInput
[2025-08-02 17:52:40] [DEBUG] Console not available, using Read-Host fallback
[2025-08-02 17:52:41] [DEBUG] Main loop: Key received, calling HandleInput
[2025-08-02 17:52:41] [DEBUG] HandleInput: Key pressed: Q (Char: 'q') EditingIndex: 4
[2025-08-02 17:52:41] [DEBUG] HandleInput: In editing mode, delegating to HandleEditingInput
[2025-08-02 17:52:41] [DEBUG] Console not available, using Read-Host fallback
[2025-08-02 17:52:41] [DEBUG] Main loop: Key received, calling HandleInput
[2025-08-02 17:52:41] [DEBUG] HandleInput: Key pressed: Q (Char: 'q') EditingIndex: 4
[2025-08-02 17:52:41] [DEBUG] HandleInput: In editing mode, delegating to HandleEditingInput
[2025-08-02 17:52:41] [DEBUG] Console not available, using Read-Host fallback
[2025-08-02 17:52:41] [DEBUG] Main loop: Key received, calling HandleInput
[2025-08-02 17:52:41] [DEBUG] HandleInput: Key pressed: Q (Char: 'q') EditingIndex: 4
[2025-08-02 17:52:41] [DEBUG] HandleInput: In editing mode, delegating to HandleEditingInput
[2025-08-02 17:52:41] [DEBUG] Console not available, using Read-Host fallback
[2025-08-02 17:52:41] [DEBUG] Main loop: Key received, calling HandleInput
[2025-08-02 17:52:41] [DEBUG] HandleInput: Key pressed: Q (Char: 'q') EditingIndex: 4
[2025-08-02 17:52:41] [DEBUG] HandleInput: In editing mode, delegating to HandleEditingInput
[2025-08-02 17:52:41] [DEBUG] Console not available, using Read-Host fallback
[2025-08-02 17:52:41] [DEBUG] Main loop: Key received, calling HandleInput
[2025-08-02 17:52:41] [DEBUG] HandleInput: Key pressed: Q (Char: 'q') EditingIndex: 4
[2025-08-02 17:52:41] [DEBUG] HandleInput: In editing mode, delegating to HandleEditingInput
[2025-08-02 17:52:41] [DEBUG] Console not available, using Read-Host fallback
[2025-08-02 17:52:41] [DEBUG] Main loop: Key received, calling HandleInput
[2025-08-02 17:52:41] [DEBUG] HandleInput: Key pressed: Q (Char: 'q') EditingIndex: 4
[2025-08-02 17:52:41] [DEBUG] HandleInput: In editing mode, delegating to HandleEditingInput
[2025-08-02 17:52:42] [DEBUG] Console not available, using Read-Host fallback
[2025-08-02 17:52:42] [DEBUG] Main loop: Key received, calling HandleInput
[2025-08-02 17:52:42] [DEBUG] HandleInput: Key pressed: Q (Char: 'q') EditingIndex: 4
[2025-08-02 17:52:42] [DEBUG] HandleInput: In editing mode, delegating to HandleEditingInput
[2025-08-02 17:52:42] [DEBUG] Console not available, using Read-Host fallback
[2025-08-02 17:52:42] [DEBUG] Main loop: Key received, calling HandleInput
[2025-08-02 17:52:42] [DEBUG] HandleInput: Key pressed: Q (Char: 'q') EditingIndex: 4
[2025-08-02 17:52:42] [DEBUG] HandleInput: In editing mode, delegating to HandleEditingInput
[2025-08-02 17:52:42] [DEBUG] Console not available, using Read-Host fallback
[2025-08-02 17:52:42] [DEBUG] Main loop: Key received, calling HandleInput
[2025-08-02 17:52:42] [DEBUG] HandleInput: Key pressed: Q (Char: 'q') EditingIndex: 4
[2025-08-02 17:52:42] [DEBUG] HandleInput: In editing mode, delegating to HandleEditingInput
[2025-08-02 17:52:42] [DEBUG] Console not available, using Read-Host fallback
[2025-08-02 17:52:42] [DEBUG] Main loop: Key received, calling HandleInput
[2025-08-02 17:52:42] [DEBUG] HandleInput: Key pressed: Q (Char: 'q') EditingIndex: 4
[2025-08-02 17:52:42] [DEBUG] HandleInput: In editing mode, delegating to HandleEditingInput
[2025-08-02 17:52:42] [DEBUG] Console not available, using Read-Host fallback
[2025-08-02 17:52:43] [DEBUG] Main loop: Key received, calling HandleInput
[2025-08-02 17:52:43] [DEBUG] HandleInput: Key pressed: Q (Char: 'q') EditingIndex: 4
[2025-08-02 17:52:43] [DEBUG] HandleInput: In editing mode, delegating to HandleEditingInput
[2025-08-02 17:52:43] [DEBUG] Console not available, using Read-Host fallback
[2025-08-02 17:52:43] [DEBUG] Main loop: Key received, calling HandleInput
[2025-08-02 17:52:43] [DEBUG] HandleInput: Key pressed: Q (Char: 'q') EditingIndex: 4
[2025-08-02 17:52:43] [DEBUG] HandleInput: In editing mode, delegating to HandleEditingInput
[2025-08-02 17:52:43] [DEBUG] Console not available, using Read-Host fallback
[2025-08-02 17:52:43] [DEBUG] Main loop: Key received, calling HandleInput
[2025-08-02 17:52:43] [DEBUG] HandleInput: Key pressed: Q (Char: 'q') EditingIndex: 4
[2025-08-02 17:52:43] [DEBUG] HandleInput: In editing mode, delegating to HandleEditingInput
[2025-08-02 17:52:43] [DEBUG] Console not available, using Read-Host fallback
[2025-08-02 17:52:43] [DEBUG] Main loop: Key received, calling HandleInput
[2025-08-02 17:52:43] [DEBUG] HandleInput: Key pressed: Q (Char: 'q') EditingIndex: 4
[2025-08-02 17:52:43] [DEBUG] HandleInput: In editing mode, delegating to HandleEditingInput
[2025-08-02 17:52:43] [DEBUG] Console not available, using Read-Host fallback
[2025-08-02 17:52:43] [DEBUG] Main loop: Key received, calling HandleInput
[2025-08-02 17:52:43] [DEBUG] HandleInput: Key pressed: Q (Char: 'q') EditingIndex: 4
[2025-08-02 17:52:43] [DEBUG] HandleInput: In editing mode, delegating to HandleEditingInput
[2025-08-02 17:52:43] [DEBUG] Console not available, using Read-Host fallback
[2025-08-02 17:52:43] [DEBUG] Main loop: Key received, calling HandleInput
[2025-08-02 17:52:43] [DEBUG] HandleInput: Key pressed: Q (Char: 'q') EditingIndex: 4
[2025-08-02 17:52:43] [DEBUG] HandleInput: In editing mode, delegating to HandleEditingInput
[2025-08-02 17:52:44] [DEBUG] Console not available, using Read-Host fallback
[2025-08-02 17:52:44] [DEBUG] Main loop: Key received, calling HandleInput
[2025-08-02 17:52:44] [DEBUG] HandleInput: Key pressed: Q (Char: 'q') EditingIndex: 4
[2025-08-02 17:52:44] [DEBUG] HandleInput: In editing mode, delegating to HandleEditingInput
[2025-08-02 17:52:44] [DEBUG] Console not available, using Read-Host fallback
[2025-08-02 17:52:44] [DEBUG] Main loop: Key received, calling HandleInput
[2025-08-02 17:52:44] [DEBUG] HandleInput: Key pressed: Q (Char: 'q') EditingIndex: 4
[2025-08-02 17:52:44] [DEBUG] HandleInput: In editing mode, delegating to HandleEditingInput
[2025-08-02 17:52:44] [DEBUG] Console not available, using Read-Host fallback
[2025-08-02 17:52:44] [DEBUG] Main loop: Key received, calling HandleInput
[2025-08-02 17:52:44] [DEBUG] HandleInput: Key pressed: Q (Char: 'q') EditingIndex: 4
[2025-08-02 17:52:44] [DEBUG] HandleInput: In editing mode, delegating to HandleEditingInput
[2025-08-02 17:52:44] [DEBUG] Console not available, using Read-Host fallback
[2025-08-02 17:52:44] [DEBUG] Main loop: Key received, calling HandleInput
[2025-08-02 17:52:44] [DEBUG] HandleInput: Key pressed: Q (Char: 'q') EditingIndex: 4
[2025-08-02 17:52:44] [DEBUG] HandleInput: In editing mode, delegating to HandleEditingInput
[2025-08-02 17:52:44] [DEBUG] Console not available, using Read-Host fallback
[2025-08-02 17:52:44] [DEBUG] Main loop: Key received, calling HandleInput
[2025-08-02 17:52:44] [DEBUG] HandleInput: Key pressed: Q (Char: 'q') EditingIndex: 4
[2025-08-02 17:52:44] [DEBUG] HandleInput: In editing mode, delegating to HandleEditingInput
[2025-08-02 17:52:44] [DEBUG] Console not available, using Read-Host fallback
[2025-08-02 17:52:45] [DEBUG] Main loop: Key received, calling HandleInput
[2025-08-02 17:52:45] [DEBUG] HandleInput: Key pressed: Q (Char: 'q') EditingIndex: 4
[2025-08-02 17:52:45] [DEBUG] HandleInput: In editing mode, delegating to HandleEditingInput
[2025-08-02 17:52:45] [DEBUG] Console not available, using Read-Host fallback
[2025-08-02 17:52:45] [DEBUG] Main loop: Key received, calling HandleInput
[2025-08-02 17:52:45] [DEBUG] HandleInput: Key pressed: Q (Char: 'q') EditingIndex: 4
[2025-08-02 17:52:45] [DEBUG] HandleInput: In editing mode, delegating to HandleEditingInput
[2025-08-02 17:52:45] [DEBUG] Console not available, using Read-Host fallback
[2025-08-02 17:52:45] [DEBUG] Main loop: Key received, calling HandleInput
[2025-08-02 17:52:45] [DEBUG] HandleInput: Key pressed: Q (Char: 'q') EditingIndex: 4
[2025-08-02 17:52:45] [DEBUG] HandleInput: In editing mode, delegating to HandleEditingInput
[2025-08-02 17:52:45] [DEBUG] Console not available, using Read-Host fallback
[2025-08-02 17:52:45] [DEBUG] Main loop: Key received, calling HandleInput
[2025-08-02 17:52:45] [DEBUG] HandleInput: Key pressed: Q (Char: 'q') EditingIndex: 4
[2025-08-02 17:52:45] [DEBUG] HandleInput: In editing mode, delegating to HandleEditingInput
[2025-08-02 17:52:45] [DEBUG] Console not available, using Read-Host fallback
[2025-08-02 17:52:45] [DEBUG] Main loop: Key received, calling HandleInput
[2025-08-02 17:52:45] [DEBUG] HandleInput: Key pressed: Q (Char: 'q') EditingIndex: 4
[2025-08-02 17:52:45] [DEBUG] HandleInput: In editing mode, delegating to HandleEditingInput
[2025-08-02 17:52:45] [DEBUG] Console not available, using Read-Host fallback
[2025-08-02 17:52:45] [DEBUG] Main loop: Key received, calling HandleInput
[2025-08-02 17:52:45] [DEBUG] HandleInput: Key pressed: Q (Char: 'q') EditingIndex: 4
[2025-08-02 17:52:45] [DEBUG] HandleInput: In editing mode, delegating to HandleEditingInput
[2025-08-02 17:52:45] [DEBUG] Console not available, using Read-Host fallback
[2025-08-02 17:52:45] [DEBUG] Main loop: Key received, calling HandleInput
[2025-08-02 17:52:46] [DEBUG] HandleInput: Key pressed: Q (Char: 'q') EditingIndex: 4
[2025-08-02 17:52:46] [DEBUG] HandleInput: In editing mode, delegating to HandleEditingInput
[2025-08-02 17:52:46] [DEBUG] Console not available, using Read-Host fallback
[2025-08-02 17:52:46] [DEBUG] Main loop: Key received, calling HandleInput
[2025-08-02 17:52:46] [DEBUG] HandleInput: Key pressed: Q (Char: 'q') EditingIndex: 4
[2025-08-02 17:52:46] [DEBUG] HandleInput: In editing mode, delegating to HandleEditingInput
[2025-08-02 17:52:46] [DEBUG] Console not available, using Read-Host fallback
[2025-08-02 17:52:46] [DEBUG] Main loop: Key received, calling HandleInput
[2025-08-02 17:52:46] [DEBUG] HandleInput: Key pressed: Q (Char: 'q') EditingIndex: 4
[2025-08-02 17:52:46] [DEBUG] HandleInput: In editing mode, delegating to HandleEditingInput
[2025-08-02 17:52:46] [DEBUG] Console not available, using Read-Host fallback
[2025-08-02 17:52:46] [DEBUG] Main loop: Key received, calling HandleInput
[2025-08-02 17:52:46] [DEBUG] HandleInput: Key pressed: Q (Char: 'q') EditingIndex: 4
[2025-08-02 17:52:46] [DEBUG] HandleInput: In editing mode, delegating to HandleEditingInput
[2025-08-02 17:52:46] [DEBUG] Console not available, using Read-Host fallback
[2025-08-02 17:52:46] [DEBUG] Main loop: Key received, calling HandleInput
[2025-08-02 17:52:46] [DEBUG] HandleInput: Key pressed: Q (Char: 'q') EditingIndex: 4
[2025-08-02 17:52:46] [DEBUG] HandleInput: In editing mode, delegating to HandleEditingInput
[2025-08-02 17:52:46] [DEBUG] Console not available, using Read-Host fallback
[2025-08-02 17:52:46] [DEBUG] Main loop: Key received, calling HandleInput
[2025-08-02 17:52:46] [DEBUG] HandleInput: Key pressed: Q (Char: 'q') EditingIndex: 4
[2025-08-02 17:52:46] [DEBUG] HandleInput: In editing mode, delegating to HandleEditingInput
[2025-08-02 17:52:47] [DEBUG] Console not available, using Read-Host fallback
[2025-08-02 17:52:47] [DEBUG] Main loop: Key received, calling HandleInput
[2025-08-02 17:52:47] [DEBUG] HandleInput: Key pressed: Q (Char: 'q') EditingIndex: 4
[2025-08-02 17:52:47] [DEBUG] HandleInput: In editing mode, delegating to HandleEditingInput
[2025-08-02 17:52:47] [DEBUG] Console not available, using Read-Host fallback
[2025-08-02 17:52:47] [DEBUG] Main loop: Key received, calling HandleInput
[2025-08-02 17:52:47] [DEBUG] HandleInput: Key pressed: Q (Char: 'q') EditingIndex: 4
[2025-08-02 17:52:47] [DEBUG] HandleInput: In editing mode, delegating to HandleEditingInput
[2025-08-02 17:52:47] [DEBUG] Console not available, using Read-Host fallback
[2025-08-02 17:52:47] [DEBUG] Main loop: Key received, calling HandleInput
[2025-08-02 17:52:47] [DEBUG] HandleInput: Key pressed: Q (Char: 'q') EditingIndex: 4
[2025-08-02 17:52:47] [DEBUG] HandleInput: In editing mode, delegating to HandleEditingInput
[2025-08-02 17:52:47] [DEBUG] Console not available, using Read-Host fallback
[2025-08-02 17:52:47] [DEBUG] Main loop: Key received, calling HandleInput
[2025-08-02 17:52:47] [DEBUG] HandleInput: Key pressed: Q (Char: 'q') EditingIndex: 4
[2025-08-02 17:52:47] [DEBUG] HandleInput: In editing mode, delegating to HandleEditingInput
[2025-08-02 17:52:47] [DEBUG] Console not available, using Read-Host fallback
[2025-08-02 17:52:47] [DEBUG] Main loop: Key received, calling HandleInput
[2025-08-02 17:52:47] [DEBUG] HandleInput: Key pressed: Q (Char: 'q') EditingIndex: 4
[2025-08-02 17:52:47] [DEBUG] HandleInput: In editing mode, delegating to HandleEditingInput
[2025-08-02 17:52:47] [DEBUG] Console not available, using Read-Host fallback
[2025-08-02 17:52:47] [DEBUG] Main loop: Key received, calling HandleInput
[2025-08-02 17:52:47] [DEBUG] HandleInput: Key pressed: Q (Char: 'q') EditingIndex: 4
[2025-08-02 17:52:47] [DEBUG] HandleInput: In editing mode, delegating to HandleEditingInput
[2025-08-02 17:52:47] [DEBUG] Console not available, using Read-Host fallback
[2025-08-02 17:52:47] [DEBUG] Main loop: Key received, calling HandleInput
[2025-08-02 17:52:47] [DEBUG] HandleInput: Key pressed: Q (Char: 'q') EditingIndex: 4
[2025-08-02 17:52:47] [DEBUG] HandleInput: In editing mode, delegating to HandleEditingInput
[2025-08-02 17:52:48] [DEBUG] Console not available, using Read-Host fallback
[2025-08-02 17:52:48] [DEBUG] Main loop: Key received, calling HandleInput
[2025-08-02 17:52:48] [DEBUG] HandleInput: Key pressed: Q (Char: 'q') EditingIndex: 4
[2025-08-02 17:52:48] [DEBUG] HandleInput: In editing mode, delegating to HandleEditingInput
[2025-08-02 17:52:48] [DEBUG] Console not available, using Read-Host fallback
[2025-08-02 17:52:48] [DEBUG] Main loop: Key received, calling HandleInput
[2025-08-02 17:52:48] [DEBUG] HandleInput: Key pressed: Q (Char: 'q') EditingIndex: 4
[2025-08-02 17:52:48] [DEBUG] HandleInput: In editing mode, delegating to HandleEditingInput
[2025-08-02 17:52:48] [DEBUG] Console not available, using Read-Host fallback
[2025-08-02 17:52:48] [DEBUG] Main loop: Key received, calling HandleInput
[2025-08-02 17:52:48] [DEBUG] HandleInput: Key pressed: Q (Char: 'q') EditingIndex: 4
[2025-08-02 17:52:48] [DEBUG] HandleInput: In editing mode, delegating to HandleEditingInput
[2025-08-02 17:52:48] [DEBUG] Console not available, using Read-Host fallback
[2025-08-02 17:52:48] [DEBUG] Main loop: Key received, calling HandleInput
[2025-08-02 17:52:48] [DEBUG] HandleInput: Key pressed: Q (Char: 'q') EditingIndex: 4
[2025-08-02 17:52:48] [DEBUG] HandleInput: In editing mode, delegating to HandleEditingInput
[2025-08-02 17:52:48] [DEBUG] Console not available, using Read-Host fallback
[2025-08-02 17:52:48] [DEBUG] Main loop: Key received, calling HandleInput
[2025-08-02 17:52:48] [DEBUG] HandleInput: Key pressed: Q (Char: 'q') EditingIndex: 4
[2025-08-02 17:52:48] [DEBUG] HandleInput: In editing mode, delegating to HandleEditingInput
[2025-08-02 17:52:48] [DEBUG] Console not available, using Read-Host fallback
[2025-08-02 17:52:48] [DEBUG] Main loop: Key received, calling HandleInput
[2025-08-02 17:52:48] [DEBUG] HandleInput: Key pressed: Q (Char: 'q') EditingIndex: 4
[2025-08-02 17:52:48] [DEBUG] HandleInput: In editing mode, delegating to HandleEditingInput
[2025-08-02 17:52:48] [DEBUG] Console not available, using Read-Host fallback
[2025-08-02 17:52:48] [DEBUG] Main loop: Key received, calling HandleInput
[2025-08-02 17:52:48] [DEBUG] HandleInput: Key pressed: Q (Char: 'q') EditingIndex: 4
[2025-08-02 17:52:48] [DEBUG] HandleInput: In editing mode, delegating to HandleEditingInput
[2025-08-02 17:52:49] [DEBUG] Console not available, using Read-Host fallback
[2025-08-02 17:52:49] [DEBUG] Main loop: Key received, calling HandleInput
[2025-08-02 17:52:49] [DEBUG] HandleInput: Key pressed: Q (Char: 'q') EditingIndex: 4
[2025-08-02 17:52:49] [DEBUG] HandleInput: In editing mode, delegating to HandleEditingInput
[2025-08-02 17:52:49] [DEBUG] Console not available, using Read-Host fallback
[2025-08-02 17:52:49] [DEBUG] Main loop: Key received, calling HandleInput
[2025-08-02 17:52:49] [DEBUG] HandleInput: Key pressed: Q (Char: 'q') EditingIndex: 4
[2025-08-02 17:52:49] [DEBUG] HandleInput: In editing mode, delegating to HandleEditingInput
[2025-08-02 17:52:49] [DEBUG] Console not available, using Read-Host fallback
[2025-08-02 17:52:49] [DEBUG] Main loop: Key received, calling HandleInput
[2025-08-02 17:52:49] [DEBUG] HandleInput: Key pressed: Q (Char: 'q') EditingIndex: 4
[2025-08-02 17:52:49] [DEBUG] HandleInput: In editing mode, delegating to HandleEditingInput
[2025-08-02 17:52:49] [DEBUG] Console not available, using Read-Host fallback
[2025-08-02 17:52:49] [DEBUG] Main loop: Key received, calling HandleInput
[2025-08-02 17:52:49] [DEBUG] HandleInput: Key pressed: Q (Char: 'q') EditingIndex: 4
[2025-08-02 17:52:49] [DEBUG] HandleInput: In editing mode, delegating to HandleEditingInput
[2025-08-02 17:52:49] [DEBUG] Console not available, using Read-Host fallback
[2025-08-02 17:52:49] [DEBUG] Main loop: Key received, calling HandleInput
[2025-08-02 17:52:49] [DEBUG] HandleInput: Key pressed: Q (Char: 'q') EditingIndex: 4
[2025-08-02 17:52:49] [DEBUG] HandleInput: In editing mode, delegating to HandleEditingInput
[2025-08-02 17:52:49] [DEBUG] Console not available, using Read-Host fallback
[2025-08-02 17:52:49] [DEBUG] Main loop: Key received, calling HandleInput
[2025-08-02 17:52:49] [DEBUG] HandleInput: Key pressed: Q (Char: 'q') EditingIndex: 4
[2025-08-02 17:52:49] [DEBUG] HandleInput: In editing mode, delegating to HandleEditingInput
[2025-08-02 17:52:49] [DEBUG] Console not available, using Read-Host fallback
[2025-08-02 17:52:49] [DEBUG] Main loop: Key received, calling HandleInput
[2025-08-02 17:52:49] [DEBUG] HandleInput: Key pressed: Q (Char: 'q') EditingIndex: 4
[2025-08-02 17:52:49] [DEBUG] HandleInput: In editing mode, delegating to HandleEditingInput
[2025-08-02 17:52:49] [DEBUG] Console not available, using Read-Host fallback
[2025-08-02 17:52:49] [DEBUG] Main loop: Key received, calling HandleInput
[2025-08-02 17:52:49] [DEBUG] HandleInput: Key pressed: Q (Char: 'q') EditingIndex: 4
[2025-08-02 17:52:49] [DEBUG] HandleInput: In editing mode, delegating to HandleEditingInput
[2025-08-02 17:52:49] [DEBUG] Console not available, using Read-Host fallback
[2025-08-02 17:52:49] [DEBUG] Main loop: Key received, calling HandleInput
[2025-08-02 17:52:49] [DEBUG] HandleInput: Key pressed: Q (Char: 'q') EditingIndex: 4
[2025-08-02 17:52:49] [DEBUG] HandleInput: In editing mode, delegating to HandleEditingInput
[2025-08-02 17:52:49] [DEBUG] Console not available, using Read-Host fallback
[2025-08-02 17:52:49] [DEBUG] Main loop: Key received, calling HandleInput
[2025-08-02 17:52:49] [DEBUG] HandleInput: Key pressed: Q (Char: 'q') EditingIndex: 4
[2025-08-02 17:52:49] [DEBUG] HandleInput: In editing mode, delegating to HandleEditingInput
[2025-08-02 17:52:49] [DEBUG] Console not available, using Read-Host fallback
[2025-08-02 17:52:50] [DEBUG] Main loop: Key received, calling HandleInput
[2025-08-02 17:52:50] [DEBUG] HandleInput: Key pressed: Q (Char: 'q') EditingIndex: 4
[2025-08-02 17:52:50] [DEBUG] HandleInput: In editing mode, delegating to HandleEditingInput
[2025-08-02 17:52:50] [DEBUG] Console not available, using Read-Host fallback
[2025-08-02 17:52:50] [DEBUG] Main loop: Key received, calling HandleInput
[2025-08-02 17:52:50] [DEBUG] HandleInput: Key pressed: Q (Char: 'q') EditingIndex: 4
[2025-08-02 17:52:50] [DEBUG] HandleInput: In editing mode, delegating to HandleEditingInput
[2025-08-02 17:52:50] [DEBUG] Console not available, using Read-Host fallback
[2025-08-02 17:52:50] [DEBUG] Main loop: Key received, calling HandleInput
[2025-08-02 17:52:50] [DEBUG] HandleInput: Key pressed: Q (Char: 'q') EditingIndex: 4
[2025-08-02 17:52:50] [DEBUG] HandleInput: In editing mode, delegating to HandleEditingInput
[2025-08-02 17:52:50] [DEBUG] Console not available, using Read-Host fallback
[2025-08-02 17:52:50] [DEBUG] Main loop: Key received, calling HandleInput
[2025-08-02 17:52:50] [DEBUG] HandleInput: Key pressed: Q (Char: 'q') EditingIndex: 4
[2025-08-02 17:52:50] [DEBUG] HandleInput: In editing mode, delegating to HandleEditingInput
[2025-08-02 17:52:50] [DEBUG] Console not available, using Read-Host fallback
[2025-08-02 17:52:50] [DEBUG] Main loop: Key received, calling HandleInput
[2025-08-02 17:52:50] [DEBUG] HandleInput: Key pressed: Q (Char: 'q') EditingIndex: 4
[2025-08-02 17:52:50] [DEBUG] HandleInput: In editing mode, delegating to HandleEditingInput
[2025-08-02 17:52:50] [DEBUG] Console not available, using Read-Host fallback
[2025-08-02 17:52:50] [DEBUG] Main loop: Key received, calling HandleInput
[2025-08-02 17:52:50] [DEBUG] HandleInput: Key pressed: Q (Char: 'q') EditingIndex: 4
[2025-08-02 17:52:50] [DEBUG] HandleInput: In editing mode, delegating to HandleEditingInput
[2025-08-02 17:52:51] [DEBUG] Console not available, using Read-Host fallback
[2025-08-02 17:52:51] [DEBUG] Main loop: Key received, calling HandleInput
[2025-08-02 17:52:51] [DEBUG] HandleInput: Key pressed: Q (Char: 'q') EditingIndex: 4
[2025-08-02 17:52:51] [DEBUG] HandleInput: In editing mode, delegating to HandleEditingInput
[2025-08-02 17:52:51] [DEBUG] Console not available, using Read-Host fallback
[2025-08-02 17:52:51] [DEBUG] Main loop: Key received, calling HandleInput
[2025-08-02 17:52:51] [DEBUG] HandleInput: Key pressed: Q (Char: 'q') EditingIndex: 4
[2025-08-02 17:52:51] [DEBUG] HandleInput: In editing mode, delegating to HandleEditingInput
[2025-08-02 17:52:51] [DEBUG] Console not available, using Read-Host fallback
[2025-08-02 17:52:51] [DEBUG] Main loop: Key received, calling HandleInput
[2025-08-02 17:52:51] [DEBUG] HandleInput: Key pressed: Q (Char: 'q') EditingIndex: 4
[2025-08-02 17:52:51] [DEBUG] HandleInput: In editing mode, delegating to HandleEditingInput
[2025-08-02 17:52:51] [DEBUG] Console not available, using Read-Host fallback
[2025-08-02 17:52:51] [DEBUG] Main loop: Key received, calling HandleInput
[2025-08-02 17:52:51] [DEBUG] HandleInput: Key pressed: Q (Char: 'q') EditingIndex: 4
[2025-08-02 17:52:51] [DEBUG] HandleInput: In editing mode, delegating to HandleEditingInput
[2025-08-02 17:52:51] [DEBUG] Console not available, using Read-Host fallback
[2025-08-02 17:52:51] [DEBUG] Main loop: Key received, calling HandleInput
[2025-08-02 17:52:51] [DEBUG] HandleInput: Key pressed: Q (Char: 'q') EditingIndex: 4
[2025-08-02 17:52:51] [DEBUG] HandleInput: In editing mode, delegating to HandleEditingInput
[2025-08-02 17:52:51] [DEBUG] Console not available, using Read-Host fallback
[2025-08-02 17:52:52] [DEBUG] Main loop: Key received, calling HandleInput
[2025-08-02 17:52:52] [DEBUG] HandleInput: Key pressed: Q (Char: 'q') EditingIndex: 4
[2025-08-02 17:52:52] [DEBUG] HandleInput: In editing mode, delegating to HandleEditingInput
[2025-08-02 17:52:52] [DEBUG] Console not available, using Read-Host fallback
[2025-08-02 17:52:52] [DEBUG] Main loop: Key received, calling HandleInput
[2025-08-02 17:52:52] [DEBUG] HandleInput: Key pressed: Q (Char: 'q') EditingIndex: 4
[2025-08-02 17:52:52] [DEBUG] HandleInput: In editing mode, delegating to HandleEditingInput
[2025-08-02 17:52:52] [DEBUG] Console not available, using Read-Host fallback
[2025-08-02 17:52:52] [DEBUG] Main loop: Key received, calling HandleInput
[2025-08-02 17:52:52] [DEBUG] HandleInput: Key pressed: Q (Char: 'q') EditingIndex: 4
[2025-08-02 17:52:52] [DEBUG] HandleInput: In editing mode, delegating to HandleEditingInput
[2025-08-02 17:52:52] [DEBUG] Console not available, using Read-Host fallback
[2025-08-02 17:52:52] [DEBUG] Main loop: Key received, calling HandleInput
[2025-08-02 17:52:52] [DEBUG] HandleInput: Key pressed: Q (Char: 'q') EditingIndex: 4
[2025-08-02 17:52:52] [DEBUG] HandleInput: In editing mode, delegating to HandleEditingInput
[2025-08-02 17:52:52] [DEBUG] Console not available, using Read-Host fallback
[2025-08-02 17:52:52] [DEBUG] Main loop: Key received, calling HandleInput
[2025-08-02 17:52:52] [DEBUG] HandleInput: Key pressed: Q (Char: 'q') EditingIndex: 4
[2025-08-02 17:52:52] [DEBUG] HandleInput: In editing mode, delegating to HandleEditingInput
[2025-08-02 17:52:52] [DEBUG] Console not available, using Read-Host fallback
[2025-08-02 17:52:52] [DEBUG] Main loop: Key received, calling HandleInput
[2025-08-02 17:52:52] [DEBUG] HandleInput: Key pressed: Q (Char: 'q') EditingIndex: 4
[2025-08-02 17:52:52] [DEBUG] HandleInput: In editing mode, delegating to HandleEditingInput
[2025-08-02 17:52:52] [DEBUG] Console not available, using Read-Host fallback
[2025-08-02 17:52:52] [DEBUG] Main loop: Key received, calling HandleInput
[2025-08-02 17:52:52] [DEBUG] HandleInput: Key pressed: Q (Char: 'q') EditingIndex: 4
[2025-08-02 17:52:52] [DEBUG] HandleInput: In editing mode, delegating to HandleEditingInput
[2025-08-02 17:52:53] [DEBUG] Console not available, using Read-Host fallback
[2025-08-02 17:52:53] [DEBUG] Main loop: Key received, calling HandleInput
[2025-08-02 17:52:53] [DEBUG] HandleInput: Key pressed: Q (Char: 'q') EditingIndex: 4
[2025-08-02 17:52:53] [DEBUG] HandleInput: In editing mode, delegating to HandleEditingInput
[2025-08-02 17:52:53] [DEBUG] Console not available, using Read-Host fallback
[2025-08-02 17:52:53] [DEBUG] Main loop: Key received, calling HandleInput
[2025-08-02 17:52:53] [DEBUG] HandleInput: Key pressed: Q (Char: 'q') EditingIndex: 4
[2025-08-02 17:52:53] [DEBUG] HandleInput: In editing mode, delegating to HandleEditingInput
[2025-08-02 17:52:53] [DEBUG] Console not available, using Read-Host fallback
[2025-08-02 17:52:53] [DEBUG] Main loop: Key received, calling HandleInput
[2025-08-02 17:52:53] [DEBUG] HandleInput: Key pressed: Q (Char: 'q') EditingIndex: 4
[2025-08-02 17:52:53] [DEBUG] HandleInput: In editing mode, delegating to HandleEditingInput
[2025-08-02 17:52:53] [DEBUG] Console not available, using Read-Host fallback
[2025-08-02 17:52:53] [DEBUG] Main loop: Key received, calling HandleInput
[2025-08-02 17:52:53] [DEBUG] HandleInput: Key pressed: Q (Char: 'q') EditingIndex: 4
[2025-08-02 17:52:53] [DEBUG] HandleInput: In editing mode, delegating to HandleEditingInput
[2025-08-02 17:52:53] [DEBUG] Console not available, using Read-Host fallback
[2025-08-02 17:52:53] [DEBUG] Main loop: Key received, calling HandleInput
[2025-08-02 17:52:53] [DEBUG] HandleInput: Key pressed: Q (Char: 'q') EditingIndex: 4
[2025-08-02 17:52:53] [DEBUG] HandleInput: In editing mode, delegating to HandleEditingInput
[2025-08-02 17:52:53] [DEBUG] Console not available, using Read-Host fallback
[2025-08-02 17:52:54] [DEBUG] Main loop: Key received, calling HandleInput
[2025-08-02 17:52:54] [DEBUG] HandleInput: Key pressed: Q (Char: 'q') EditingIndex: 4
[2025-08-02 17:52:54] [DEBUG] HandleInput: In editing mode, delegating to HandleEditingInput
[2025-08-02 17:52:54] [DEBUG] Console not available, using Read-Host fallback
[2025-08-02 17:52:54] [DEBUG] Main loop: Key received, calling HandleInput
[2025-08-02 17:52:54] [DEBUG] HandleInput: Key pressed: Q (Char: 'q') EditingIndex: 4
[2025-08-02 17:52:54] [DEBUG] HandleInput: In editing mode, delegating to HandleEditingInput
[2025-08-02 17:52:54] [DEBUG] Console not available, using Read-Host fallback
[2025-08-02 17:52:54] [DEBUG] Main loop: Key received, calling HandleInput
[2025-08-02 17:52:54] [DEBUG] HandleInput: Key pressed: Q (Char: 'q') EditingIndex: 4
[2025-08-02 17:52:54] [DEBUG] HandleInput: In editing mode, delegating to HandleEditingInput
[2025-08-02 17:52:54] [DEBUG] Console not available, using Read-Host fallback
[2025-08-02 17:52:54] [DEBUG] Main loop: Key received, calling HandleInput
[2025-08-02 17:52:54] [DEBUG] HandleInput: Key pressed: Q (Char: 'q') EditingIndex: 4
[2025-08-02 17:52:54] [DEBUG] HandleInput: In editing mode, delegating to HandleEditingInput
[2025-08-02 17:52:54] [DEBUG] Console not available, using Read-Host fallback
[2025-08-02 17:52:54] [DEBUG] Main loop: Key received, calling HandleInput
[2025-08-02 17:52:54] [DEBUG] HandleInput: Key pressed: Q (Char: 'q') EditingIndex: 4
[2025-08-02 17:52:54] [DEBUG] HandleInput: In editing mode, delegating to HandleEditingInput
[2025-08-02 17:52:54] [DEBUG] Console not available, using Read-Host fallback
[2025-08-02 17:52:54] [DEBUG] Main loop: Key received, calling HandleInput
[2025-08-02 17:52:55] [DEBUG] HandleInput: Key pressed: Q (Char: 'q') EditingIndex: 4
[2025-08-02 17:52:55] [DEBUG] HandleInput: In editing mode, delegating to HandleEditingInput
[2025-08-02 17:52:55] [DEBUG] Console not available, using Read-Host fallback
[2025-08-02 17:52:55] [DEBUG] Main loop: Key received, calling HandleInput
[2025-08-02 17:52:55] [DEBUG] HandleInput: Key pressed: Q (Char: 'q') EditingIndex: 4
[2025-08-02 17:52:55] [DEBUG] HandleInput: In editing mode, delegating to HandleEditingInput
[2025-08-02 17:52:55] [DEBUG] Console not available, using Read-Host fallback
[2025-08-02 17:52:55] [DEBUG] Main loop: Key received, calling HandleInput
[2025-08-02 17:52:55] [DEBUG] HandleInput: Key pressed: Q (Char: 'q') EditingIndex: 4
[2025-08-02 17:52:55] [DEBUG] HandleInput: In editing mode, delegating to HandleEditingInput
[2025-08-02 17:52:55] [DEBUG] Console not available, using Read-Host fallback
[2025-08-02 17:52:55] [DEBUG] Main loop: Key received, calling HandleInput
[2025-08-02 17:52:55] [DEBUG] HandleInput: Key pressed: Q (Char: 'q') EditingIndex: 4
[2025-08-02 17:52:55] [DEBUG] HandleInput: In editing mode, delegating to HandleEditingInput
[2025-08-02 17:52:55] [DEBUG] Console not available, using Read-Host fallback
[2025-08-02 17:52:55] [DEBUG] Main loop: Key received, calling HandleInput
[2025-08-02 17:52:55] [DEBUG] HandleInput: Key pressed: Q (Char: 'q') EditingIndex: 4
[2025-08-02 17:52:55] [DEBUG] HandleInput: In editing mode, delegating to HandleEditingInput
[2025-08-02 17:52:55] [DEBUG] Console not available, using Read-Host fallback
[2025-08-02 17:52:55] [DEBUG] Main loop: Key received, calling HandleInput
[2025-08-02 17:52:55] [DEBUG] HandleInput: Key pressed: Q (Char: 'q') EditingIndex: 4
[2025-08-02 17:52:55] [DEBUG] HandleInput: In editing mode, delegating to HandleEditingInput
[2025-08-02 17:52:55] [DEBUG] Console not available, using Read-Host fallback
[2025-08-02 17:52:55] [DEBUG] Main loop: Key received, calling HandleInput
[2025-08-02 17:52:55] [DEBUG] HandleInput: Key pressed: Q (Char: 'q') EditingIndex: 4
[2025-08-02 17:52:55] [DEBUG] HandleInput: In editing mode, delegating to HandleEditingInput
[2025-08-02 17:52:55] [DEBUG] Console not available, using Read-Host fallback
[2025-08-02 17:52:55] [DEBUG] Main loop: Key received, calling HandleInput
[2025-08-02 17:52:55] [DEBUG] HandleInput: Key pressed: Q (Char: 'q') EditingIndex: 4
[2025-08-02 17:52:55] [DEBUG] HandleInput: In editing mode, delegating to HandleEditingInput
[2025-08-02 17:52:55] [DEBUG] Console not available, using Read-Host fallback
[2025-08-02 17:52:55] [DEBUG] Main loop: Key received, calling HandleInput
[2025-08-02 17:52:55] [DEBUG] HandleInput: Key pressed: Q (Char: 'q') EditingIndex: 4
[2025-08-02 17:52:55] [DEBUG] HandleInput: In editing mode, delegating to HandleEditingInput
[2025-08-02 17:52:56] [DEBUG] Console not available, using Read-Host fallback
[2025-08-02 17:52:56] [DEBUG] Main loop: Key received, calling HandleInput
[2025-08-02 17:52:56] [DEBUG] HandleInput: Key pressed: Q (Char: 'q') EditingIndex: 4
[2025-08-02 17:52:56] [DEBUG] HandleInput: In editing mode, delegating to HandleEditingInput
[2025-08-02 17:52:56] [DEBUG] Console not available, using Read-Host fallback
[2025-08-02 17:52:56] [DEBUG] Main loop: Key received, calling HandleInput
[2025-08-02 17:52:56] [DEBUG] HandleInput: Key pressed: Q (Char: 'q') EditingIndex: 4
[2025-08-02 17:52:56] [DEBUG] HandleInput: In editing mode, delegating to HandleEditingInput
[2025-08-02 17:52:56] [DEBUG] Console not available, using Read-Host fallback
[2025-08-02 17:52:56] [DEBUG] Main loop: Key received, calling HandleInput
[2025-08-02 17:52:56] [DEBUG] HandleInput: Key pressed: Q (Char: 'q') EditingIndex: 4
[2025-08-02 17:52:56] [DEBUG] HandleInput: In editing mode, delegating to HandleEditingInput
[2025-08-02 17:52:56] [DEBUG] Console not available, using Read-Host fallback
[2025-08-02 17:52:56] [DEBUG] Main loop: Key received, calling HandleInput
[2025-08-02 17:52:56] [DEBUG] HandleInput: Key pressed: Q (Char: 'q') EditingIndex: 4
[2025-08-02 17:52:56] [DEBUG] HandleInput: In editing mode, delegating to HandleEditingInput
[2025-08-02 17:52:56] [DEBUG] Console not available, using Read-Host fallback
[2025-08-02 17:52:56] [DEBUG] Main loop: Key received, calling HandleInput
[2025-08-02 17:52:56] [DEBUG] HandleInput: Key pressed: Q (Char: 'q') EditingIndex: 4
[2025-08-02 17:52:56] [DEBUG] HandleInput: In editing mode, delegating to HandleEditingInput
[2025-08-02 17:52:56] [DEBUG] Console not available, using Read-Host fallback
[2025-08-02 17:52:56] [DEBUG] Main loop: Key received, calling HandleInput
[2025-08-02 17:52:56] [DEBUG] HandleInput: Key pressed: Q (Char: 'q') EditingIndex: 4
[2025-08-02 17:52:56] [DEBUG] HandleInput: In editing mode, delegating to HandleEditingInput
[2025-08-02 17:52:56] [DEBUG] Console not available, using Read-Host fallback
[2025-08-02 17:52:56] [DEBUG] Main loop: Key received, calling HandleInput
[2025-08-02 17:52:56] [DEBUG] HandleInput: Key pressed: Q (Char: 'q') EditingIndex: 4
[2025-08-02 17:52:56] [DEBUG] HandleInput: In editing mode, delegating to HandleEditingInput
[2025-08-02 17:52:57] [DEBUG] Console not available, using Read-Host fallback
[2025-08-02 17:52:57] [DEBUG] Main loop: Key received, calling HandleInput
[2025-08-02 17:52:57] [DEBUG] HandleInput: Key pressed: Q (Char: 'q') EditingIndex: 4
[2025-08-02 17:52:57] [DEBUG] HandleInput: In editing mode, delegating to HandleEditingInput
[2025-08-02 17:52:57] [DEBUG] Console not available, using Read-Host fallback
[2025-08-02 17:52:57] [DEBUG] Main loop: Key received, calling HandleInput
[2025-08-02 17:52:57] [DEBUG] HandleInput: Key pressed: Q (Char: 'q') EditingIndex: 4
[2025-08-02 17:52:57] [DEBUG] HandleInput: In editing mode, delegating to HandleEditingInput
[2025-08-02 17:52:57] [DEBUG] Console not available, using Read-Host fallback
[2025-08-02 17:52:57] [DEBUG] Main loop: Key received, calling HandleInput
[2025-08-02 17:52:57] [DEBUG] HandleInput: Key pressed: Q (Char: 'q') EditingIndex: 4
[2025-08-02 17:52:57] [DEBUG] HandleInput: In editing mode, delegating to HandleEditingInput
[2025-08-02 17:52:57] [DEBUG] Console not available, using Read-Host fallback
[2025-08-02 17:52:57] [DEBUG] Main loop: Key received, calling HandleInput
[2025-08-02 17:52:57] [DEBUG] HandleInput: Key pressed: Q (Char: 'q') EditingIndex: 4
[2025-08-02 17:52:57] [DEBUG] HandleInput: In editing mode, delegating to HandleEditingInput
[2025-08-02 17:52:57] [DEBUG] Console not available, using Read-Host fallback
[2025-08-02 17:52:57] [DEBUG] Main loop: Key received, calling HandleInput
[2025-08-02 17:52:57] [DEBUG] HandleInput: Key pressed: Q (Char: 'q') EditingIndex: 4
[2025-08-02 17:52:57] [DEBUG] HandleInput: In editing mode, delegating to HandleEditingInput
[2025-08-02 17:52:57] [DEBUG] Console not available, using Read-Host fallback
[2025-08-02 17:52:57] [DEBUG] Main loop: Key received, calling HandleInput
[2025-08-02 17:52:57] [DEBUG] HandleInput: Key pressed: Q (Char: 'q') EditingIndex: 4
[2025-08-02 17:52:57] [DEBUG] HandleInput: In editing mode, delegating to HandleEditingInput
[2025-08-02 17:52:58] [DEBUG] Console not available, using Read-Host fallback
[2025-08-02 17:52:58] [DEBUG] Main loop: Key received, calling HandleInput
[2025-08-02 17:52:58] [DEBUG] HandleInput: Key pressed: Q (Char: 'q') EditingIndex: 4
[2025-08-02 17:52:58] [DEBUG] HandleInput: In editing mode, delegating to HandleEditingInput
[2025-08-02 17:52:58] [DEBUG] Console not available, using Read-Host fallback
[2025-08-02 17:52:58] [DEBUG] Main loop: Key received, calling HandleInput
[2025-08-02 17:52:58] [DEBUG] HandleInput: Key pressed: Q (Char: 'q') EditingIndex: 4
[2025-08-02 17:52:58] [DEBUG] HandleInput: In editing mode, delegating to HandleEditingInput
[2025-08-02 17:52:58] [DEBUG] Console not available, using Read-Host fallback
[2025-08-02 17:52:58] [DEBUG] Main loop: Key received, calling HandleInput
[2025-08-02 17:52:58] [DEBUG] HandleInput: Key pressed: Q (Char: 'q') EditingIndex: 4
[2025-08-02 17:52:58] [DEBUG] HandleInput: In editing mode, delegating to HandleEditingInput
[2025-08-02 17:52:58] [DEBUG] Console not available, using Read-Host fallback
[2025-08-02 17:52:58] [DEBUG] Main loop: Key received, calling HandleInput
[2025-08-02 17:52:58] [DEBUG] HandleInput: Key pressed: Q (Char: 'q') EditingIndex: 4
[2025-08-02 17:52:58] [DEBUG] HandleInput: In editing mode, delegating to HandleEditingInput
[2025-08-02 17:52:58] [DEBUG] Console not available, using Read-Host fallback
[2025-08-02 17:52:58] [DEBUG] Main loop: Key received, calling HandleInput
[2025-08-02 17:52:58] [DEBUG] HandleInput: Key pressed: Q (Char: 'q') EditingIndex: 4
[2025-08-02 17:52:58] [DEBUG] HandleInput: In editing mode, delegating to HandleEditingInput
[2025-08-02 17:52:58] [DEBUG] Console not available, using Read-Host fallback
[2025-08-02 17:52:58] [DEBUG] Main loop: Key received, calling HandleInput
[2025-08-02 17:52:58] [DEBUG] HandleInput: Key pressed: Q (Char: 'q') EditingIndex: 4
[2025-08-02 17:52:58] [DEBUG] HandleInput: In editing mode, delegating to HandleEditingInput
[2025-08-02 17:52:59] [DEBUG] Console not available, using Read-Host fallback
[2025-08-02 17:52:59] [DEBUG] Main loop: Key received, calling HandleInput
[2025-08-02 17:52:59] [DEBUG] HandleInput: Key pressed: Q (Char: 'q') EditingIndex: 4
[2025-08-02 17:52:59] [DEBUG] HandleInput: In editing mode, delegating to HandleEditingInput
[2025-08-02 17:52:59] [DEBUG] Console not available, using Read-Host fallback
[2025-08-02 17:52:59] [DEBUG] Main loop: Key received, calling HandleInput
[2025-08-02 17:52:59] [DEBUG] HandleInput: Key pressed: Q (Char: 'q') EditingIndex: 4
[2025-08-02 17:52:59] [DEBUG] HandleInput: In editing mode, delegating to HandleEditingInput
[2025-08-02 17:52:59] [DEBUG] Console not available, using Read-Host fallback
[2025-08-02 17:52:59] [DEBUG] Main loop: Key received, calling HandleInput
[2025-08-02 17:52:59] [DEBUG] HandleInput: Key pressed: Q (Char: 'q') EditingIndex: 4
[2025-08-02 17:52:59] [DEBUG] HandleInput: In editing mode, delegating to HandleEditingInput
[2025-08-02 17:52:59] [DEBUG] Console not available, using Read-Host fallback
[2025-08-02 17:52:59] [DEBUG] Main loop: Key received, calling HandleInput
[2025-08-02 17:52:59] [DEBUG] HandleInput: Key pressed: Q (Char: 'q') EditingIndex: 4
[2025-08-02 17:52:59] [DEBUG] HandleInput: In editing mode, delegating to HandleEditingInput
[2025-08-02 17:52:59] [DEBUG] Console not available, using Read-Host fallback
[2025-08-02 17:52:59] [DEBUG] Main loop: Key received, calling HandleInput
[2025-08-02 17:52:59] [DEBUG] HandleInput: Key pressed: Q (Char: 'q') EditingIndex: 4
[2025-08-02 17:52:59] [DEBUG] HandleInput: In editing mode, delegating to HandleEditingInput
[2025-08-02 17:52:59] [DEBUG] Console not available, using Read-Host fallback
[2025-08-02 17:52:59] [DEBUG] Main loop: Key received, calling HandleInput
[2025-08-02 17:52:59] [DEBUG] HandleInput: Key pressed: Q (Char: 'q') EditingIndex: 4
[2025-08-02 17:52:59] [DEBUG] HandleInput: In editing mode, delegating to HandleEditingInput
[2025-08-02 17:53:00] [DEBUG] Console not available, using Read-Host fallback
[2025-08-02 17:53:00] [DEBUG] Main loop: Key received, calling HandleInput
[2025-08-02 17:53:00] [DEBUG] HandleInput: Key pressed: Q (Char: 'q') EditingIndex: 4
[2025-08-02 17:53:00] [DEBUG] HandleInput: In editing mode, delegating to HandleEditingInput
[2025-08-02 17:53:00] [DEBUG] Console not available, using Read-Host fallback
[2025-08-02 17:53:00] [DEBUG] Main loop: Key received, calling HandleInput
[2025-08-02 17:53:00] [DEBUG] HandleInput: Key pressed: Q (Char: 'q') EditingIndex: 4
[2025-08-02 17:53:00] [DEBUG] HandleInput: In editing mode, delegating to HandleEditingInput
[2025-08-02 17:53:00] [DEBUG] Console not available, using Read-Host fallback
[2025-08-02 17:53:00] [DEBUG] Main loop: Key received, calling HandleInput
[2025-08-02 17:53:00] [DEBUG] HandleInput: Key pressed: Q (Char: 'q') EditingIndex: 4
[2025-08-02 17:53:00] [DEBUG] HandleInput: In editing mode, delegating to HandleEditingInput
[2025-08-02 17:53:00] [DEBUG] Console not available, using Read-Host fallback
[2025-08-02 17:53:00] [DEBUG] Main loop: Key received, calling HandleInput
[2025-08-02 17:53:00] [DEBUG] HandleInput: Key pressed: Q (Char: 'q') EditingIndex: 4
[2025-08-02 17:53:00] [DEBUG] HandleInput: In editing mode, delegating to HandleEditingInput
[2025-08-02 17:53:00] [DEBUG] Console not available, using Read-Host fallback
[2025-08-02 17:53:00] [DEBUG] Main loop: Key received, calling HandleInput
[2025-08-02 17:53:00] [DEBUG] HandleInput: Key pressed: Q (Char: 'q') EditingIndex: 4
[2025-08-02 17:53:00] [DEBUG] HandleInput: In editing mode, delegating to HandleEditingInput
[2025-08-02 17:53:00] [DEBUG] Console not available, using Read-Host fallback
[2025-08-02 17:53:00] [DEBUG] Main loop: Key received, calling HandleInput
[2025-08-02 17:53:00] [DEBUG] HandleInput: Key pressed: Q (Char: 'q') EditingIndex: 4
[2025-08-02 17:53:00] [DEBUG] HandleInput: In editing mode, delegating to HandleEditingInput
[2025-08-02 17:53:00] [DEBUG] Console not available, using Read-Host fallback
[2025-08-02 17:53:00] [DEBUG] Main loop: Key received, calling HandleInput
[2025-08-02 17:53:00] [DEBUG] HandleInput: Key pressed: Q (Char: 'q') EditingIndex: 4
[2025-08-02 17:53:00] [DEBUG] HandleInput: In editing mode, delegating to HandleEditingInput
[2025-08-02 17:53:00] [DEBUG] Console not available, using Read-Host fallback
[2025-08-02 17:53:00] [DEBUG] Main loop: Key received, calling HandleInput
[2025-08-02 17:53:00] [DEBUG] HandleInput: Key pressed: Q (Char: 'q') EditingIndex: 4
[2025-08-02 17:53:00] [DEBUG] HandleInput: In editing mode, delegating to HandleEditingInput
[2025-08-02 17:53:00] [DEBUG] Console not available, using Read-Host fallback
[2025-08-02 17:53:00] [DEBUG] Main loop: Key received, calling HandleInput
[2025-08-02 17:53:00] [DEBUG] HandleInput: Key pressed: Q (Char: 'q') EditingIndex: 4
[2025-08-02 17:53:00] [DEBUG] HandleInput: In editing mode, delegating to HandleEditingInput
[2025-08-02 17:53:01] [DEBUG] Console not available, using Read-Host fallback
[2025-08-02 17:53:01] [DEBUG] Main loop: Key received, calling HandleInput
[2025-08-02 17:53:01] [DEBUG] HandleInput: Key pressed: Q (Char: 'q') EditingIndex: 4
[2025-08-02 17:53:01] [DEBUG] HandleInput: In editing mode, delegating to HandleEditingInput
[2025-08-02 17:53:01] [DEBUG] Console not available, using Read-Host fallback
[2025-08-02 17:53:01] [DEBUG] Main loop: Key received, calling HandleInput
[2025-08-02 17:53:01] [DEBUG] HandleInput: Key pressed: Q (Char: 'q') EditingIndex: 4
[2025-08-02 17:53:01] [DEBUG] HandleInput: In editing mode, delegating to HandleEditingInput
[2025-08-02 17:53:01] [DEBUG] Console not available, using Read-Host fallback
[2025-08-02 17:53:01] [DEBUG] Main loop: Key received, calling HandleInput
[2025-08-02 17:53:01] [DEBUG] HandleInput: Key pressed: Q (Char: 'q') EditingIndex: 4
[2025-08-02 17:53:01] [DEBUG] HandleInput: In editing mode, delegating to HandleEditingInput
[2025-08-02 17:53:01] [DEBUG] Console not available, using Read-Host fallback
[2025-08-02 17:53:01] [DEBUG] Main loop: Key received, calling HandleInput
[2025-08-02 17:53:01] [DEBUG] HandleInput: Key pressed: Q (Char: 'q') EditingIndex: 4
[2025-08-02 17:53:01] [DEBUG] HandleInput: In editing mode, delegating to HandleEditingInput
[2025-08-02 17:53:01] [DEBUG] Console not available, using Read-Host fallback
[2025-08-02 17:53:01] [DEBUG] Main loop: Key received, calling HandleInput
[2025-08-02 17:53:01] [DEBUG] HandleInput: Key pressed: Q (Char: 'q') EditingIndex: 4
[2025-08-02 17:53:01] [DEBUG] HandleInput: In editing mode, delegating to HandleEditingInput
[2025-08-02 17:53:02] [DEBUG] Console not available, using Read-Host fallback
[2025-08-02 17:53:02] [DEBUG] Main loop: Key received, calling HandleInput
[2025-08-02 17:53:02] [DEBUG] HandleInput: Key pressed: Q (Char: 'q') EditingIndex: 4
[2025-08-02 17:53:02] [DEBUG] HandleInput: In editing mode, delegating to HandleEditingInput
[2025-08-02 17:53:02] [DEBUG] Console not available, using Read-Host fallback
[2025-08-02 17:53:02] [DEBUG] Main loop: Key received, calling HandleInput
[2025-08-02 17:53:02] [DEBUG] HandleInput: Key pressed: Q (Char: 'q') EditingIndex: 4
[2025-08-02 17:53:02] [DEBUG] HandleInput: In editing mode, delegating to HandleEditingInput
[2025-08-02 17:53:02] [DEBUG] Console not available, using Read-Host fallback
[2025-08-02 17:53:02] [DEBUG] Main loop: Key received, calling HandleInput
[2025-08-02 17:53:02] [DEBUG] HandleInput: Key pressed: Q (Char: 'q') EditingIndex: 4
[2025-08-02 17:53:02] [DEBUG] HandleInput: In editing mode, delegating to HandleEditingInput
[2025-08-02 17:53:02] [DEBUG] Console not available, using Read-Host fallback
[2025-08-02 17:53:02] [DEBUG] Main loop: Key received, calling HandleInput
[2025-08-02 17:53:02] [DEBUG] HandleInput: Key pressed: Q (Char: 'q') EditingIndex: 4
[2025-08-02 17:53:02] [DEBUG] HandleInput: In editing mode, delegating to HandleEditingInput
[2025-08-02 17:53:02] [DEBUG] Console not available, using Read-Host fallback
[2025-08-02 17:53:02] [DEBUG] Main loop: Key received, calling HandleInput
[2025-08-02 17:53:02] [DEBUG] HandleInput: Key pressed: Q (Char: 'q') EditingIndex: 4
[2025-08-02 17:53:02] [DEBUG] HandleInput: In editing mode, delegating to HandleEditingInput
[2025-08-02 17:53:02] [DEBUG] Console not available, using Read-Host fallback
[2025-08-02 17:53:02] [DEBUG] Main loop: Key received, calling HandleInput
[2025-08-02 17:53:02] [DEBUG] HandleInput: Key pressed: Q (Char: 'q') EditingIndex: 4
[2025-08-02 17:53:02] [DEBUG] HandleInput: In editing mode, delegating to HandleEditingInput
[2025-08-02 17:53:02] [DEBUG] Console not available, using Read-Host fallback
[2025-08-02 17:53:02] [DEBUG] Main loop: Key received, calling HandleInput
[2025-08-02 17:53:02] [DEBUG] HandleInput: Key pressed: Q (Char: 'q') EditingIndex: 4
[2025-08-02 17:53:02] [DEBUG] HandleInput: In editing mode, delegating to HandleEditingInput
[2025-08-02 17:53:03] [DEBUG] Console not available, using Read-Host fallback
[2025-08-02 17:53:03] [DEBUG] Main loop: Key received, calling HandleInput
[2025-08-02 17:53:03] [DEBUG] HandleInput: Key pressed: Q (Char: 'q') EditingIndex: 4
[2025-08-02 17:53:03] [DEBUG] HandleInput: In editing mode, delegating to HandleEditingInput
[2025-08-02 17:53:03] [DEBUG] Console not available, using Read-Host fallback
[2025-08-02 17:53:03] [DEBUG] Main loop: Key received, calling HandleInput
[2025-08-02 17:53:03] [DEBUG] HandleInput: Key pressed: Q (Char: 'q') EditingIndex: 4
[2025-08-02 17:53:03] [DEBUG] HandleInput: In editing mode, delegating to HandleEditingInput
[2025-08-02 17:53:03] [DEBUG] Console not available, using Read-Host fallback
[2025-08-02 17:53:03] [DEBUG] Main loop: Key received, calling HandleInput
[2025-08-02 17:53:03] [DEBUG] HandleInput: Key pressed: Q (Char: 'q') EditingIndex: 4
[2025-08-02 17:53:03] [DEBUG] HandleInput: In editing mode, delegating to HandleEditingInput
[2025-08-02 17:53:03] [DEBUG] Console not available, using Read-Host fallback
[2025-08-02 17:53:03] [DEBUG] Main loop: Key received, calling HandleInput
[2025-08-02 17:53:03] [DEBUG] HandleInput: Key pressed: Q (Char: 'q') EditingIndex: 4
[2025-08-02 17:53:03] [DEBUG] HandleInput: In editing mode, delegating to HandleEditingInput
[2025-08-02 17:53:03] [DEBUG] Console not available, using Read-Host fallback
[2025-08-02 17:53:03] [DEBUG] Main loop: Key received, calling HandleInput
[2025-08-02 17:53:03] [DEBUG] HandleInput: Key pressed: Q (Char: 'q') EditingIndex: 4
[2025-08-02 17:53:03] [DEBUG] HandleInput: In editing mode, delegating to HandleEditingInput
[2025-08-02 17:53:03] [DEBUG] Console not available, using Read-Host fallback
[2025-08-02 17:53:03] [DEBUG] Main loop: Key received, calling HandleInput
[2025-08-02 17:53:03] [DEBUG] HandleInput: Key pressed: Q (Char: 'q') EditingIndex: 4
[2025-08-02 17:53:03] [DEBUG] HandleInput: In editing mode, delegating to HandleEditingInput
[2025-08-02 17:53:04] [DEBUG] Console not available, using Read-Host fallback
[2025-08-02 17:53:04] [DEBUG] Main loop: Key received, calling HandleInput
[2025-08-02 17:53:04] [DEBUG] HandleInput: Key pressed: Q (Char: 'q') EditingIndex: 4
[2025-08-02 17:53:04] [DEBUG] HandleInput: In editing mode, delegating to HandleEditingInput
[2025-08-02 17:53:04] [DEBUG] Console not available, using Read-Host fallback
[2025-08-02 17:53:04] [DEBUG] Main loop: Key received, calling HandleInput
[2025-08-02 17:53:04] [DEBUG] HandleInput: Key pressed: Q (Char: 'q') EditingIndex: 4
[2025-08-02 17:53:04] [DEBUG] HandleInput: In editing mode, delegating to HandleEditingInput
[2025-08-02 17:53:04] [DEBUG] Console not available, using Read-Host fallback
[2025-08-02 17:53:04] [DEBUG] Main loop: Key received, calling HandleInput
[2025-08-02 17:53:04] [DEBUG] HandleInput: Key pressed: Q (Char: 'q') EditingIndex: 4
[2025-08-02 17:53:04] [DEBUG] HandleInput: In editing mode, delegating to HandleEditingInput
[2025-08-02 17:53:04] [DEBUG] Console not available, using Read-Host fallback
[2025-08-02 17:53:04] [DEBUG] Main loop: Key received, calling HandleInput
[2025-08-02 17:53:04] [DEBUG] HandleInput: Key pressed: Q (Char: 'q') EditingIndex: 4
[2025-08-02 17:53:04] [DEBUG] HandleInput: In editing mode, delegating to HandleEditingInput
[2025-08-02 17:53:04] [DEBUG] Console not available, using Read-Host fallback
[2025-08-02 17:53:04] [DEBUG] Main loop: Key received, calling HandleInput
[2025-08-02 17:53:04] [DEBUG] HandleInput: Key pressed: Q (Char: 'q') EditingIndex: 4
[2025-08-02 17:53:04] [DEBUG] HandleInput: In editing mode, delegating to HandleEditingInput
[2025-08-02 17:53:04] [DEBUG] Console not available, using Read-Host fallback
[2025-08-02 17:53:04] [DEBUG] Main loop: Key received, calling HandleInput
[2025-08-02 17:53:04] [DEBUG] HandleInput: Key pressed: Q (Char: 'q') EditingIndex: 4
[2025-08-02 17:53:05] [DEBUG] HandleInput: In editing mode, delegating to HandleEditingInput
[2025-08-02 17:53:05] [DEBUG] Console not available, using Read-Host fallback
[2025-08-02 17:53:05] [DEBUG] Main loop: Key received, calling HandleInput
[2025-08-02 17:53:05] [DEBUG] HandleInput: Key pressed: Q (Char: 'q') EditingIndex: 4
[2025-08-02 17:53:05] [DEBUG] HandleInput: In editing mode, delegating to HandleEditingInput
[2025-08-02 17:53:05] [DEBUG] Console not available, using Read-Host fallback
[2025-08-02 17:53:05] [DEBUG] Main loop: Key received, calling HandleInput
[2025-08-02 17:53:05] [DEBUG] HandleInput: Key pressed: Q (Char: 'q') EditingIndex: 4
[2025-08-02 17:53:05] [DEBUG] HandleInput: In editing mode, delegating to HandleEditingInput
[2025-08-02 17:53:05] [DEBUG] Console not available, using Read-Host fallback
[2025-08-02 17:53:05] [DEBUG] Main loop: Key received, calling HandleInput
[2025-08-02 17:53:05] [DEBUG] HandleInput: Key pressed: Q (Char: 'q') EditingIndex: 4
[2025-08-02 17:53:05] [DEBUG] HandleInput: In editing mode, delegating to HandleEditingInput
[2025-08-02 17:53:05] [DEBUG] Console not available, using Read-Host fallback
[2025-08-02 17:53:05] [DEBUG] Main loop: Key received, calling HandleInput
[2025-08-02 17:53:05] [DEBUG] HandleInput: Key pressed: Q (Char: 'q') EditingIndex: 4
[2025-08-02 17:53:05] [DEBUG] HandleInput: In editing mode, delegating to HandleEditingInput
[2025-08-02 17:53:05] [DEBUG] Console not available, using Read-Host fallback
[2025-08-02 17:53:05] [DEBUG] Main loop: Key received, calling HandleInput
[2025-08-02 17:53:05] [DEBUG] HandleInput: Key pressed: Q (Char: 'q') EditingIndex: 4
[2025-08-02 17:53:05] [DEBUG] HandleInput: In editing mode, delegating to HandleEditingInput
[2025-08-02 17:53:05] [DEBUG] Console not available, using Read-Host fallback
[2025-08-02 17:53:05] [DEBUG] Main loop: Key received, calling HandleInput
[2025-08-02 17:53:05] [DEBUG] HandleInput: Key pressed: Q (Char: 'q') EditingIndex: 4
[2025-08-02 17:53:05] [DEBUG] HandleInput: In editing mode, delegating to HandleEditingInput
[2025-08-02 17:53:05] [DEBUG] Console not available, using Read-Host fallback
[2025-08-02 17:53:06] [DEBUG] Main loop: Key received, calling HandleInput
[2025-08-02 17:53:06] [DEBUG] HandleInput: Key pressed: Q (Char: 'q') EditingIndex: 4
[2025-08-02 17:53:06] [DEBUG] HandleInput: In editing mode, delegating to HandleEditingInput
[2025-08-02 17:53:06] [DEBUG] Console not available, using Read-Host fallback
[2025-08-02 17:53:06] [DEBUG] Main loop: Key received, calling HandleInput
[2025-08-02 17:53:06] [DEBUG] HandleInput: Key pressed: Q (Char: 'q') EditingIndex: 4
[2025-08-02 17:53:06] [DEBUG] HandleInput: In editing mode, delegating to HandleEditingInput
[2025-08-02 17:53:06] [DEBUG] Console not available, using Read-Host fallback
[2025-08-02 17:53:06] [DEBUG] Main loop: Key received, calling HandleInput
[2025-08-02 17:53:06] [DEBUG] HandleInput: Key pressed: Q (Char: 'q') EditingIndex: 4
[2025-08-02 17:53:06] [DEBUG] HandleInput: In editing mode, delegating to HandleEditingInput
[2025-08-02 17:53:06] [DEBUG] Console not available, using Read-Host fallback
[2025-08-02 17:53:06] [DEBUG] Main loop: Key received, calling HandleInput
[2025-08-02 17:53:06] [DEBUG] HandleInput: Key pressed: Q (Char: 'q') EditingIndex: 4
[2025-08-02 17:53:06] [DEBUG] HandleInput: In editing mode, delegating to HandleEditingInput
[2025-08-02 17:53:06] [DEBUG] Console not available, using Read-Host fallback
[2025-08-02 17:53:06] [DEBUG] Main loop: Key received, calling HandleInput
[2025-08-02 17:53:06] [DEBUG] HandleInput: Key pressed: Q (Char: 'q') EditingIndex: 4
[2025-08-02 17:53:06] [DEBUG] HandleInput: In editing mode, delegating to HandleEditingInput
[2025-08-02 17:53:06] [DEBUG] Console not available, using Read-Host fallback
[2025-08-02 17:53:06] [DEBUG] Main loop: Key received, calling HandleInput
[2025-08-02 17:53:06] [DEBUG] HandleInput: Key pressed: Q (Char: 'q') EditingIndex: 4
[2025-08-02 17:53:06] [DEBUG] HandleInput: In editing mode, delegating to HandleEditingInput
[2025-08-02 17:53:06] [DEBUG] Console not available, using Read-Host fallback
[2025-08-02 17:53:06] [DEBUG] Main loop: Key received, calling HandleInput
[2025-08-02 17:53:06] [DEBUG] HandleInput: Key pressed: Q (Char: 'q') EditingIndex: 4
[2025-08-02 17:53:06] [DEBUG] HandleInput: In editing mode, delegating to HandleEditingInput
[2025-08-02 17:53:06] [DEBUG] Console not available, using Read-Host fallback
[2025-08-02 17:53:06] [DEBUG] Main loop: Key received, calling HandleInput
[2025-08-02 17:53:06] [DEBUG] HandleInput: Key pressed: Q (Char: 'q') EditingIndex: 4
[2025-08-02 17:53:06] [DEBUG] HandleInput: In editing mode, delegating to HandleEditingInput
[2025-08-02 17:53:06] [DEBUG] Console not available, using Read-Host fallback
[2025-08-02 17:53:06] [DEBUG] Main loop: Key received, calling HandleInput
[2025-08-02 17:53:06] [DEBUG] HandleInput: Key pressed: Q (Char: 'q') EditingIndex: 4
[2025-08-02 17:53:06] [DEBUG] HandleInput: In editing mode, delegating to HandleEditingInput
[2025-08-02 17:53:06] [DEBUG] Console not available, using Read-Host fallback
[2025-08-02 17:53:06] [DEBUG] Main loop: Key received, calling HandleInput
[2025-08-02 17:53:06] [DEBUG] HandleInput: Key pressed: Q (Char: 'q') EditingIndex: 4
[2025-08-02 17:53:06] [DEBUG] HandleInput: In editing mode, delegating to HandleEditingInput
[2025-08-02 17:53:07] [DEBUG] Console not available, using Read-Host fallback
[2025-08-02 17:53:07] [DEBUG] Main loop: Key received, calling HandleInput
[2025-08-02 17:53:07] [DEBUG] HandleInput: Key pressed: Q (Char: 'q') EditingIndex: 4
[2025-08-02 17:53:07] [DEBUG] HandleInput: In editing mode, delegating to HandleEditingInput
[2025-08-02 17:53:07] [DEBUG] Console not available, using Read-Host fallback
[2025-08-02 17:53:07] [DEBUG] Main loop: Key received, calling HandleInput
[2025-08-02 17:53:07] [DEBUG] HandleInput: Key pressed: Q (Char: 'q') EditingIndex: 4
[2025-08-02 17:53:07] [DEBUG] HandleInput: In editing mode, delegating to HandleEditingInput
[2025-08-02 17:53:07] [DEBUG] Console not available, using Read-Host fallback
[2025-08-02 17:53:07] [DEBUG] Main loop: Key received, calling HandleInput
[2025-08-02 17:53:07] [DEBUG] HandleInput: Key pressed: Q (Char: 'q') EditingIndex: 4
[2025-08-02 17:53:07] [DEBUG] HandleInput: In editing mode, delegating to HandleEditingInput
[2025-08-02 17:53:07] [DEBUG] Console not available, using Read-Host fallback
[2025-08-02 17:53:07] [DEBUG] Main loop: Key received, calling HandleInput
[2025-08-02 17:53:07] [DEBUG] HandleInput: Key pressed: Q (Char: 'q') EditingIndex: 4
[2025-08-02 17:53:07] [DEBUG] HandleInput: In editing mode, delegating to HandleEditingInput
[2025-08-02 17:53:07] [DEBUG] Console not available, using Read-Host fallback
[2025-08-02 17:53:07] [DEBUG] Main loop: Key received, calling HandleInput
[2025-08-02 17:53:07] [DEBUG] HandleInput: Key pressed: Q (Char: 'q') EditingIndex: 4
[2025-08-02 17:53:07] [DEBUG] HandleInput: In editing mode, delegating to HandleEditingInput
[2025-08-02 17:53:07] [DEBUG] Console not available, using Read-Host fallback
[2025-08-02 17:53:07] [DEBUG] Main loop: Key received, calling HandleInput
[2025-08-02 17:53:07] [DEBUG] HandleInput: Key pressed: Q (Char: 'q') EditingIndex: 4
[2025-08-02 17:53:07] [DEBUG] HandleInput: In editing mode, delegating to HandleEditingInput
[2025-08-02 17:53:07] [DEBUG] Console not available, using Read-Host fallback
[2025-08-02 17:53:07] [DEBUG] Main loop: Key received, calling HandleInput
[2025-08-02 17:53:07] [DEBUG] HandleInput: Key pressed: Q (Char: 'q') EditingIndex: 4
[2025-08-02 17:53:07] [DEBUG] HandleInput: In editing mode, delegating to HandleEditingInput
[2025-08-02 17:53:07] [DEBUG] Console not available, using Read-Host fallback
[2025-08-02 17:53:07] [DEBUG] Main loop: Key received, calling HandleInput
[2025-08-02 17:53:07] [DEBUG] HandleInput: Key pressed: Q (Char: 'q') EditingIndex: 4
[2025-08-02 17:53:07] [DEBUG] HandleInput: In editing mode, delegating to HandleEditingInput
[2025-08-02 17:53:07] [DEBUG] Console not available, using Read-Host fallback
[2025-08-02 17:53:07] [DEBUG] Main loop: Key received, calling HandleInput
[2025-08-02 17:53:07] [DEBUG] HandleInput: Key pressed: Q (Char: 'q') EditingIndex: 4
[2025-08-02 17:53:07] [DEBUG] HandleInput: In editing mode, delegating to HandleEditingInput
[2025-08-02 17:53:07] [DEBUG] Console not available, using Read-Host fallback
[2025-08-02 17:53:07] [DEBUG] Main loop: Key received, calling HandleInput
[2025-08-02 17:53:07] [DEBUG] HandleInput: Key pressed: Q (Char: 'q') EditingIndex: 4
[2025-08-02 17:53:07] [DEBUG] HandleInput: In editing mode, delegating to HandleEditingInput
[2025-08-02 17:53:07] [DEBUG] Console not available, using Read-Host fallback
[2025-08-02 17:53:07] [DEBUG] Main loop: Key received, calling HandleInput
[2025-08-02 17:53:07] [DEBUG] HandleInput: Key pressed: Q (Char: 'q') EditingIndex: 4
[2025-08-02 17:53:07] [DEBUG] HandleInput: In editing mode, delegating to HandleEditingInput
[2025-08-02 17:53:07] [DEBUG] Console not available, using Read-Host fallback
[2025-08-02 17:53:07] [DEBUG] Main loop: Key received, calling HandleInput
[2025-08-02 17:53:07] [DEBUG] HandleInput: Key pressed: Q (Char: 'q') EditingIndex: 4
[2025-08-02 17:53:07] [DEBUG] HandleInput: In editing mode, delegating to HandleEditingInput
[2025-08-02 17:53:07] [DEBUG] Console not available, using Read-Host fallback
[2025-08-02 17:53:07] [DEBUG] Main loop: Key received, calling HandleInput
[2025-08-02 17:53:07] [DEBUG] HandleInput: Key pressed: Q (Char: 'q') EditingIndex: 4
[2025-08-02 17:53:07] [DEBUG] HandleInput: In editing mode, delegating to HandleEditingInput
[2025-08-02 17:53:07] [DEBUG] Console not available, using Read-Host fallback
[2025-08-02 17:53:07] [DEBUG] Main loop: Key received, calling HandleInput
[2025-08-02 17:53:07] [DEBUG] HandleInput: Key pressed: Q (Char: 'q') EditingIndex: 4
[2025-08-02 17:53:07] [DEBUG] HandleInput: In editing mode, delegating to HandleEditingInput
[2025-08-02 17:53:07] [DEBUG] Console not available, using Read-Host fallback
[2025-08-02 17:53:07] [DEBUG] Main loop: Key received, calling HandleInput
[2025-08-02 17:53:07] [DEBUG] HandleInput: Key pressed: Q (Char: 'q') EditingIndex: 4
[2025-08-02 17:53:07] [DEBUG] HandleInput: In editing mode, delegating to HandleEditingInput
[2025-08-02 17:53:08] [DEBUG] Console not available, using Read-Host fallback
[2025-08-02 17:53:08] [DEBUG] Main loop: Key received, calling HandleInput
[2025-08-02 17:53:08] [DEBUG] HandleInput: Key pressed: Q (Char: 'q') EditingIndex: 4
[2025-08-02 17:53:08] [DEBUG] HandleInput: In editing mode, delegating to HandleEditingInput
[2025-08-02 17:53:08] [DEBUG] Console not available, using Read-Host fallback
[2025-08-02 17:53:08] [DEBUG] Main loop: Key received, calling HandleInput
[2025-08-02 17:53:08] [DEBUG] HandleInput: Key pressed: Q (Char: 'q') EditingIndex: 4
[2025-08-02 17:53:08] [DEBUG] HandleInput: In editing mode, delegating to HandleEditingInput
[2025-08-02 17:53:08] [DEBUG] Console not available, using Read-Host fallback
[2025-08-02 17:53:08] [DEBUG] Main loop: Key received, calling HandleInput
[2025-08-02 17:53:08] [DEBUG] HandleInput: Key pressed: Q (Char: 'q') EditingIndex: 4
[2025-08-02 17:53:08] [DEBUG] HandleInput: In editing mode, delegating to HandleEditingInput
[2025-08-02 17:53:08] [DEBUG] Console not available, using Read-Host fallback
[2025-08-02 17:53:08] [DEBUG] Main loop: Key received, calling HandleInput
[2025-08-02 17:53:08] [DEBUG] HandleInput: Key pressed: Q (Char: 'q') EditingIndex: 4
[2025-08-02 17:53:08] [DEBUG] HandleInput: In editing mode, delegating to HandleEditingInput
[2025-08-02 17:53:08] [DEBUG] Console not available, using Read-Host fallback
[2025-08-02 17:53:08] [DEBUG] Main loop: Key received, calling HandleInput
[2025-08-02 17:53:08] [DEBUG] HandleInput: Key pressed: Q (Char: 'q') EditingIndex: 4
[2025-08-02 17:53:08] [DEBUG] HandleInput: In editing mode, delegating to HandleEditingInput
[2025-08-02 17:53:08] [DEBUG] Console not available, using Read-Host fallback
[2025-08-02 17:53:08] [DEBUG] Main loop: Key received, calling HandleInput
[2025-08-02 17:53:08] [DEBUG] HandleInput: Key pressed: Q (Char: 'q') EditingIndex: 4
[2025-08-02 17:53:08] [DEBUG] HandleInput: In editing mode, delegating to HandleEditingInput
[2025-08-02 17:53:08] [DEBUG] Console not available, using Read-Host fallback
[2025-08-02 17:53:08] [DEBUG] Main loop: Key received, calling HandleInput
[2025-08-02 17:53:08] [DEBUG] HandleInput: Key pressed: Q (Char: 'q') EditingIndex: 4
[2025-08-02 17:53:08] [DEBUG] HandleInput: In editing mode, delegating to HandleEditingInput
[2025-08-02 17:53:09] [DEBUG] Console not available, using Read-Host fallback
[2025-08-02 17:53:09] [DEBUG] Main loop: Key received, calling HandleInput
[2025-08-02 17:53:09] [DEBUG] HandleInput: Key pressed: Q (Char: 'q') EditingIndex: 4
[2025-08-02 17:53:09] [DEBUG] HandleInput: In editing mode, delegating to HandleEditingInput
[2025-08-02 17:53:09] [DEBUG] Console not available, using Read-Host fallback
[2025-08-02 17:53:09] [DEBUG] Main loop: Key received, calling HandleInput
[2025-08-02 17:53:09] [DEBUG] HandleInput: Key pressed: Q (Char: 'q') EditingIndex: 4
[2025-08-02 17:53:09] [DEBUG] HandleInput: In editing mode, delegating to HandleEditingInput
[2025-08-02 17:53:09] [DEBUG] Console not available, using Read-Host fallback
[2025-08-02 17:53:09] [DEBUG] Main loop: Key received, calling HandleInput
[2025-08-02 17:53:09] [DEBUG] HandleInput: Key pressed: Q (Char: 'q') EditingIndex: 4
[2025-08-02 17:53:09] [DEBUG] HandleInput: In editing mode, delegating to HandleEditingInput
[2025-08-02 17:53:09] [DEBUG] Console not available, using Read-Host fallback
[2025-08-02 17:53:09] [DEBUG] Main loop: Key received, calling HandleInput
[2025-08-02 17:53:09] [DEBUG] HandleInput: Key pressed: Q (Char: 'q') EditingIndex: 4
[2025-08-02 17:53:09] [DEBUG] HandleInput: In editing mode, delegating to HandleEditingInput
[2025-08-02 17:53:09] [DEBUG] Console not available, using Read-Host fallback
[2025-08-02 17:53:09] [DEBUG] Main loop: Key received, calling HandleInput
[2025-08-02 17:53:09] [DEBUG] HandleInput: Key pressed: Q (Char: 'q') EditingIndex: 4
[2025-08-02 17:53:09] [DEBUG] HandleInput: In editing mode, delegating to HandleEditingInput
[2025-08-02 17:53:09] [DEBUG] Console not available, using Read-Host fallback
[2025-08-02 17:53:09] [DEBUG] Main loop: Key received, calling HandleInput
[2025-08-02 17:53:09] [DEBUG] HandleInput: Key pressed: Q (Char: 'q') EditingIndex: 4
[2025-08-02 17:53:09] [DEBUG] HandleInput: In editing mode, delegating to HandleEditingInput
[2025-08-02 17:53:09] [DEBUG] Console not available, using Read-Host fallback
[2025-08-02 17:53:09] [DEBUG] Main loop: Key received, calling HandleInput
[2025-08-02 17:53:09] [DEBUG] HandleInput: Key pressed: Q (Char: 'q') EditingIndex: 4
[2025-08-02 17:53:09] [DEBUG] HandleInput: In editing mode, delegating to HandleEditingInput
[2025-08-02 17:53:10] [DEBUG] Console not available, using Read-Host fallback
[2025-08-02 17:53:10] [DEBUG] Main loop: Key received, calling HandleInput
[2025-08-02 17:53:10] [DEBUG] HandleInput: Key pressed: Q (Char: 'q') EditingIndex: 4
[2025-08-02 17:53:10] [DEBUG] HandleInput: In editing mode, delegating to HandleEditingInput
[2025-08-02 17:53:10] [DEBUG] Console not available, using Read-Host fallback
[2025-08-02 17:53:10] [DEBUG] Main loop: Key received, calling HandleInput
[2025-08-02 17:53:10] [DEBUG] HandleInput: Key pressed: Q (Char: 'q') EditingIndex: 4
[2025-08-02 17:53:10] [DEBUG] HandleInput: In editing mode, delegating to HandleEditingInput
[2025-08-02 17:53:10] [DEBUG] Console not available, using Read-Host fallback
[2025-08-02 17:53:10] [DEBUG] Main loop: Key received, calling HandleInput
[2025-08-02 17:53:10] [DEBUG] HandleInput: Key pressed: Q (Char: 'q') EditingIndex: 4
[2025-08-02 17:53:10] [DEBUG] HandleInput: In editing mode, delegating to HandleEditingInput
[2025-08-02 17:53:10] [DEBUG] Console not available, using Read-Host fallback
[2025-08-02 17:53:10] [DEBUG] Main loop: Key received, calling HandleInput
[2025-08-02 17:53:10] [DEBUG] HandleInput: Key pressed: Q (Char: 'q') EditingIndex: 4
[2025-08-02 17:53:10] [DEBUG] HandleInput: In editing mode, delegating to HandleEditingInput
[2025-08-02 17:53:10] [DEBUG] Console not available, using Read-Host fallback
[2025-08-02 17:53:10] [DEBUG] Main loop: Key received, calling HandleInput
[2025-08-02 17:53:10] [DEBUG] HandleInput: Key pressed: Q (Char: 'q') EditingIndex: 4
[2025-08-02 17:53:10] [DEBUG] HandleInput: In editing mode, delegating to HandleEditingInput
[2025-08-02 17:53:10] [DEBUG] Console not available, using Read-Host fallback
[2025-08-02 17:53:10] [DEBUG] Main loop: Key received, calling HandleInput
[2025-08-02 17:53:10] [DEBUG] HandleInput: Key pressed: Q (Char: 'q') EditingIndex: 4
[2025-08-02 17:53:10] [DEBUG] HandleInput: In editing mode, delegating to HandleEditingInput
[2025-08-02 17:53:10] [DEBUG] Console not available, using Read-Host fallback
[2025-08-02 17:53:10] [DEBUG] Main loop: Key received, calling HandleInput
[2025-08-02 17:53:10] [DEBUG] HandleInput: Key pressed: Q (Char: 'q') EditingIndex: 4
[2025-08-02 17:53:10] [DEBUG] HandleInput: In editing mode, delegating to HandleEditingInput
[2025-08-02 17:53:10] [DEBUG] Console not available, using Read-Host fallback
[2025-08-02 17:53:10] [DEBUG] Main loop: Key received, calling HandleInput
[2025-08-02 17:53:10] [DEBUG] HandleInput: Key pressed: Q (Char: 'q') EditingIndex: 4
[2025-08-02 17:53:10] [DEBUG] HandleInput: In editing mode, delegating to HandleEditingInput
[2025-08-02 17:53:10] [DEBUG] Console not available, using Read-Host fallback
[2025-08-02 17:53:10] [DEBUG] Main loop: Key received, calling HandleInput
[2025-08-02 17:53:10] [DEBUG] HandleInput: Key pressed: Q (Char: 'q') EditingIndex: 4
[2025-08-02 17:53:10] [DEBUG] HandleInput: In editing mode, delegating to HandleEditingInput
[2025-08-02 17:53:10] [DEBUG] Console not available, using Read-Host fallback
[2025-08-02 17:53:10] [DEBUG] Main loop: Key received, calling HandleInput
[2025-08-02 17:53:10] [DEBUG] HandleInput: Key pressed: Q (Char: 'q') EditingIndex: 4
[2025-08-02 17:53:10] [DEBUG] HandleInput: In editing mode, delegating to HandleEditingInput
[2025-08-02 17:53:10] [DEBUG] Console not available, using Read-Host fallback
[2025-08-02 17:53:10] [DEBUG] Main loop: Key received, calling HandleInput
[2025-08-02 17:53:10] [DEBUG] HandleInput: Key pressed: Q (Char: 'q') EditingIndex: 4
[2025-08-02 17:53:10] [DEBUG] HandleInput: In editing mode, delegating to HandleEditingInput
[2025-08-02 17:53:10] [DEBUG] Console not available, using Read-Host fallback
[2025-08-02 17:53:10] [DEBUG] Main loop: Key received, calling HandleInput
[2025-08-02 17:53:10] [DEBUG] HandleInput: Key pressed: Q (Char: 'q') EditingIndex: 4
[2025-08-02 17:53:10] [DEBUG] HandleInput: In editing mode, delegating to HandleEditingInput
[2025-08-02 17:53:10] [DEBUG] Console not available, using Read-Host fallback
[2025-08-02 17:53:10] [DEBUG] Main loop: Key received, calling HandleInput
[2025-08-02 17:53:10] [DEBUG] HandleInput: Key pressed: Q (Char: 'q') EditingIndex: 4
[2025-08-02 17:53:10] [DEBUG] HandleInput: In editing mode, delegating to HandleEditingInput
[2025-08-02 17:53:11] [DEBUG] Console not available, using Read-Host fallback
[2025-08-02 17:53:11] [DEBUG] Main loop: Key received, calling HandleInput
[2025-08-02 17:53:11] [DEBUG] HandleInput: Key pressed: Q (Char: 'q') EditingIndex: 4
[2025-08-02 17:53:11] [DEBUG] HandleInput: In editing mode, delegating to HandleEditingInput
[2025-08-02 17:53:11] [DEBUG] Console not available, using Read-Host fallback
[2025-08-02 17:53:11] [DEBUG] Main loop: Key received, calling HandleInput
[2025-08-02 17:53:11] [DEBUG] HandleInput: Key pressed: Q (Char: 'q') EditingIndex: 4
[2025-08-02 17:53:11] [DEBUG] HandleInput: In editing mode, delegating to HandleEditingInput
[2025-08-02 17:53:11] [DEBUG] Console not available, using Read-Host fallback
[2025-08-02 17:53:11] [DEBUG] Main loop: Key received, calling HandleInput
[2025-08-02 17:53:11] [DEBUG] HandleInput: Key pressed: Q (Char: 'q') EditingIndex: 4
[2025-08-02 17:53:11] [DEBUG] HandleInput: In editing mode, delegating to HandleEditingInput
[2025-08-02 17:53:11] [DEBUG] Console not available, using Read-Host fallback
[2025-08-02 17:53:11] [DEBUG] Main loop: Key received, calling HandleInput
[2025-08-02 17:53:11] [DEBUG] HandleInput: Key pressed: Q (Char: 'q') EditingIndex: 4
[2025-08-02 17:53:11] [DEBUG] HandleInput: In editing mode, delegating to HandleEditingInput
[2025-08-02 17:53:11] [DEBUG] Console not available, using Read-Host fallback
[2025-08-02 17:53:11] [DEBUG] Main loop: Key received, calling HandleInput
[2025-08-02 17:53:11] [DEBUG] HandleInput: Key pressed: Q (Char: 'q') EditingIndex: 4
[2025-08-02 17:53:11] [DEBUG] HandleInput: In editing mode, delegating to HandleEditingInput
[2025-08-02 17:53:11] [DEBUG] Console not available, using Read-Host fallback
[2025-08-02 17:53:11] [DEBUG] Main loop: Key received, calling HandleInput
[2025-08-02 17:53:11] [DEBUG] HandleInput: Key pressed: Q (Char: 'q') EditingIndex: 4
[2025-08-02 17:53:11] [DEBUG] HandleInput: In editing mode, delegating to HandleEditingInput
[2025-08-02 17:53:11] [DEBUG] Console not available, using Read-Host fallback
[2025-08-02 17:53:11] [DEBUG] Main loop: Key received, calling HandleInput
[2025-08-02 17:53:11] [DEBUG] HandleInput: Key pressed: Q (Char: 'q') EditingIndex: 4
[2025-08-02 17:53:11] [DEBUG] HandleInput: In editing mode, delegating to HandleEditingInput
[2025-08-02 17:53:11] [DEBUG] Console not available, using Read-Host fallback
[2025-08-02 17:53:11] [DEBUG] Main loop: Key received, calling HandleInput
[2025-08-02 17:53:11] [DEBUG] HandleInput: Key pressed: Q (Char: 'q') EditingIndex: 4
[2025-08-02 17:53:11] [DEBUG] HandleInput: In editing mode, delegating to HandleEditingInput
[2025-08-02 17:53:11] [DEBUG] Console not available, using Read-Host fallback
[2025-08-02 17:53:11] [DEBUG] Main loop: Key received, calling HandleInput
[2025-08-02 17:53:11] [DEBUG] HandleInput: Key pressed: Q (Char: 'q') EditingIndex: 4
[2025-08-02 17:53:11] [DEBUG] HandleInput: In editing mode, delegating to HandleEditingInput
[2025-08-02 17:53:11] [DEBUG] Console not available, using Read-Host fallback
[2025-08-02 17:53:11] [DEBUG] Main loop: Key received, calling HandleInput
[2025-08-02 17:53:11] [DEBUG] HandleInput: Key pressed: Q (Char: 'q') EditingIndex: 4
[2025-08-02 17:53:11] [DEBUG] HandleInput: In editing mode, delegating to HandleEditingInput
[2025-08-02 17:53:11] [DEBUG] Console not available, using Read-Host fallback
[2025-08-02 17:53:11] [DEBUG] Main loop: Key received, calling HandleInput
[2025-08-02 17:53:11] [DEBUG] HandleInput: Key pressed: Q (Char: 'q') EditingIndex: 4
[2025-08-02 17:53:11] [DEBUG] HandleInput: In editing mode, delegating to HandleEditingInput
[2025-08-02 17:53:11] [DEBUG] Console not available, using Read-Host fallback
[2025-08-02 17:53:11] [DEBUG] Main loop: Key received, calling HandleInput
[2025-08-02 17:53:11] [DEBUG] HandleInput: Key pressed: Q (Char: 'q') EditingIndex: 4
[2025-08-02 17:53:11] [DEBUG] HandleInput: In editing mode, delegating to HandleEditingInput
[2025-08-02 17:53:11] [DEBUG] Console not available, using Read-Host fallback
[2025-08-02 17:53:11] [DEBUG] Main loop: Key received, calling HandleInput
[2025-08-02 17:53:11] [DEBUG] HandleInput: Key pressed: Q (Char: 'q') EditingIndex: 4
[2025-08-02 17:53:11] [DEBUG] HandleInput: In editing mode, delegating to HandleEditingInput
[2025-08-02 17:53:11] [DEBUG] Console not available, using Read-Host fallback
[2025-08-02 17:53:11] [DEBUG] Main loop: Key received, calling HandleInput
[2025-08-02 17:53:11] [DEBUG] HandleInput: Key pressed: Q (Char: 'q') EditingIndex: 4
[2025-08-02 17:53:11] [DEBUG] HandleInput: In editing mode, delegating to HandleEditingInput
[2025-08-02 17:53:11] [DEBUG] Console not available, using Read-Host fallback
[2025-08-02 17:53:11] [DEBUG] Main loop: Key received, calling HandleInput
[2025-08-02 17:53:11] [DEBUG] HandleInput: Key pressed: Q (Char: 'q') EditingIndex: 4
[2025-08-02 17:53:11] [DEBUG] HandleInput: In editing mode, delegating to HandleEditingInput
[2025-08-02 17:53:11] [DEBUG] Console not available, using Read-Host fallback
[2025-08-02 17:53:11] [DEBUG] Main loop: Key received, calling HandleInput
[2025-08-02 17:53:11] [DEBUG] HandleInput: Key pressed: Q (Char: 'q') EditingIndex: 4
[2025-08-02 17:53:11] [DEBUG] HandleInput: In editing mode, delegating to HandleEditingInput
[2025-08-02 17:53:11] [DEBUG] Console not available, using Read-Host fallback
[2025-08-02 17:53:11] [DEBUG] Main loop: Key received, calling HandleInput
[2025-08-02 17:53:11] [DEBUG] HandleInput: Key pressed: Q (Char: 'q') EditingIndex: 4
[2025-08-02 17:53:11] [DEBUG] HandleInput: In editing mode, delegating to HandleEditingInput
[2025-08-02 17:53:11] [DEBUG] Console not available, using Read-Host fallback
[2025-08-02 17:53:11] [DEBUG] Main loop: Key received, calling HandleInput
[2025-08-02 17:53:11] [DEBUG] HandleInput: Key pressed: Q (Char: 'q') EditingIndex: 4
[2025-08-02 17:53:11] [DEBUG] HandleInput: In editing mode, delegating to HandleEditingInput
[2025-08-02 17:53:11] [DEBUG] Console not available, using Read-Host fallback
[2025-08-02 17:53:11] [DEBUG] Main loop: Key received, calling HandleInput
[2025-08-02 17:53:11] [DEBUG] HandleInput: Key pressed: Q (Char: 'q') EditingIndex: 4
[2025-08-02 17:53:11] [DEBUG] HandleInput: In editing mode, delegating to HandleEditingInput
[2025-08-02 17:53:11] [DEBUG] Console not available, using Read-Host fallback
[2025-08-02 17:53:11] [DEBUG] Main loop: Key received, calling HandleInput
[2025-08-02 17:53:11] [DEBUG] HandleInput: Key pressed: Q (Char: 'q') EditingIndex: 4
[2025-08-02 17:53:11] [DEBUG] HandleInput: In editing mode, delegating to HandleEditingInput
[2025-08-02 17:53:11] [DEBUG] Console not available, using Read-Host fallback
[2025-08-02 17:53:11] [DEBUG] Main loop: Key received, calling HandleInput
[2025-08-02 17:53:12] [DEBUG] HandleInput: Key pressed: Q (Char: 'q') EditingIndex: 4
[2025-08-02 17:53:12] [DEBUG] HandleInput: In editing mode, delegating to HandleEditingInput
[2025-08-02 17:53:12] [DEBUG] Console not available, using Read-Host fallback
[2025-08-02 17:53:12] [DEBUG] Main loop: Key received, calling HandleInput
[2025-08-02 17:53:12] [DEBUG] HandleInput: Key pressed: Q (Char: 'q') EditingIndex: 4
[2025-08-02 17:53:12] [DEBUG] HandleInput: In editing mode, delegating to HandleEditingInput
[2025-08-02 17:53:12] [DEBUG] Console not available, using Read-Host fallback
[2025-08-02 17:53:12] [DEBUG] Main loop: Key received, calling HandleInput
[2025-08-02 17:53:12] [DEBUG] HandleInput: Key pressed: Q (Char: 'q') EditingIndex: 4
[2025-08-02 17:53:12] [DEBUG] HandleInput: In editing mode, delegating to HandleEditingInput
[2025-08-02 17:53:12] [DEBUG] Console not available, using Read-Host fallback
[2025-08-02 17:53:12] [DEBUG] Main loop: Key received, calling HandleInput
[2025-08-02 17:53:12] [DEBUG] HandleInput: Key pressed: Q (Char: 'q') EditingIndex: 4
[2025-08-02 17:53:12] [DEBUG] HandleInput: In editing mode, delegating to HandleEditingInput
[2025-08-02 17:53:12] [DEBUG] Console not available, using Read-Host fallback
[2025-08-02 17:53:12] [DEBUG] Main loop: Key received, calling HandleInput
[2025-08-02 17:53:12] [DEBUG] HandleInput: Key pressed: Q (Char: 'q') EditingIndex: 4
[2025-08-02 17:53:12] [DEBUG] HandleInput: In editing mode, delegating to HandleEditingInput
[2025-08-02 17:53:12] [DEBUG] Console not available, using Read-Host fallback
[2025-08-02 17:53:12] [DEBUG] Main loop: Key received, calling HandleInput
[2025-08-02 17:53:12] [DEBUG] HandleInput: Key pressed: Q (Char: 'q') EditingIndex: 4
[2025-08-02 17:53:12] [DEBUG] HandleInput: In editing mode, delegating to HandleEditingInput
[2025-08-02 17:53:12] [DEBUG] Console not available, using Read-Host fallback
[2025-08-02 17:53:12] [DEBUG] Main loop: Key received, calling HandleInput
[2025-08-02 17:53:12] [DEBUG] HandleInput: Key pressed: Q (Char: 'q') EditingIndex: 4
[2025-08-02 17:53:12] [DEBUG] HandleInput: In editing mode, delegating to HandleEditingInput
[2025-08-02 17:53:12] [DEBUG] Console not available, using Read-Host fallback
[2025-08-02 17:53:12] [DEBUG] Main loop: Key received, calling HandleInput
[2025-08-02 17:53:12] [DEBUG] HandleInput: Key pressed: Q (Char: 'q') EditingIndex: 4
[2025-08-02 17:53:12] [DEBUG] HandleInput: In editing mode, delegating to HandleEditingInput
[2025-08-02 17:53:12] [DEBUG] Console not available, using Read-Host fallback
[2025-08-02 17:53:12] [DEBUG] Main loop: Key received, calling HandleInput
[2025-08-02 17:53:12] [DEBUG] HandleInput: Key pressed: Q (Char: 'q') EditingIndex: 4
[2025-08-02 17:53:12] [DEBUG] HandleInput: In editing mode, delegating to HandleEditingInput
[2025-08-02 17:53:12] [DEBUG] Console not available, using Read-Host fallback
[2025-08-02 17:53:12] [DEBUG] Main loop: Key received, calling HandleInput
[2025-08-02 17:53:12] [DEBUG] HandleInput: Key pressed: Q (Char: 'q') EditingIndex: 4
[2025-08-02 17:53:12] [DEBUG] HandleInput: In editing mode, delegating to HandleEditingInput
[2025-08-02 17:53:12] [DEBUG] Console not available, using Read-Host fallback
[2025-08-02 17:53:12] [DEBUG] Main loop: Key received, calling HandleInput
[2025-08-02 17:53:12] [DEBUG] HandleInput: Key pressed: Q (Char: 'q') EditingIndex: 4
[2025-08-02 17:53:12] [DEBUG] HandleInput: In editing mode, delegating to HandleEditingInput
[2025-08-02 17:53:12] [DEBUG] Console not available, using Read-Host fallback
[2025-08-02 17:53:12] [DEBUG] Main loop: Key received, calling HandleInput
[2025-08-02 17:53:12] [DEBUG] HandleInput: Key pressed: Q (Char: 'q') EditingIndex: 4
[2025-08-02 17:53:12] [DEBUG] HandleInput: In editing mode, delegating to HandleEditingInput
[2025-08-02 17:53:12] [DEBUG] Console not available, using Read-Host fallback
[2025-08-02 17:53:12] [DEBUG] Main loop: Key received, calling HandleInput
[2025-08-02 17:53:12] [DEBUG] HandleInput: Key pressed: Q (Char: 'q') EditingIndex: 4
[2025-08-02 17:53:12] [DEBUG] HandleInput: In editing mode, delegating to HandleEditingInput
[2025-08-02 17:53:12] [DEBUG] Console not available, using Read-Host fallback
[2025-08-02 17:53:12] [DEBUG] Main loop: Key received, calling HandleInput
[2025-08-02 17:53:12] [DEBUG] HandleInput: Key pressed: Q (Char: 'q') EditingIndex: 4
[2025-08-02 17:53:12] [DEBUG] HandleInput: In editing mode, delegating to HandleEditingInput
[2025-08-02 17:53:12] [DEBUG] Console not available, using Read-Host fallback
[2025-08-02 17:53:12] [DEBUG] Main loop: Key received, calling HandleInput
[2025-08-02 17:53:12] [DEBUG] HandleInput: Key pressed: Q (Char: 'q') EditingIndex: 4
[2025-08-02 17:53:12] [DEBUG] HandleInput: In editing mode, delegating to HandleEditingInput
[2025-08-02 17:53:12] [DEBUG] Console not available, using Read-Host fallback
[2025-08-02 17:53:12] [DEBUG] Main loop: Key received, calling HandleInput
[2025-08-02 17:53:12] [DEBUG] HandleInput: Key pressed: Q (Char: 'q') EditingIndex: 4
[2025-08-02 17:53:12] [DEBUG] HandleInput: In editing mode, delegating to HandleEditingInput
[2025-08-02 17:53:12] [DEBUG] Console not available, using Read-Host fallback
[2025-08-02 17:53:12] [DEBUG] Main loop: Key received, calling HandleInput
[2025-08-02 17:53:12] [DEBUG] HandleInput: Key pressed: Q (Char: 'q') EditingIndex: 4
[2025-08-02 17:53:12] [DEBUG] HandleInput: In editing mode, delegating to HandleEditingInput
[2025-08-02 17:53:12] [DEBUG] Console not available, using Read-Host fallback
[2025-08-02 17:53:12] [DEBUG] Main loop: Key received, calling HandleInput
[2025-08-02 17:53:12] [DEBUG] HandleInput: Key pressed: Q (Char: 'q') EditingIndex: 4
[2025-08-02 17:53:13] [DEBUG] HandleInput: In editing mode, delegating to HandleEditingInput
[2025-08-02 17:53:13] [DEBUG] Console not available, using Read-Host fallback
[2025-08-02 17:53:13] [DEBUG] Main loop: Key received, calling HandleInput
[2025-08-02 17:53:13] [DEBUG] HandleInput: Key pressed: Q (Char: 'q') EditingIndex: 4
[2025-08-02 17:53:13] [DEBUG] HandleInput: In editing mode, delegating to HandleEditingInput
[2025-08-02 17:53:13] [DEBUG] Console not available, using Read-Host fallback
[2025-08-02 17:53:13] [DEBUG] Main loop: Key received, calling HandleInput
[2025-08-02 17:53:13] [DEBUG] HandleInput: Key pressed: Q (Char: 'q') EditingIndex: 4
[2025-08-02 17:53:13] [DEBUG] HandleInput: In editing mode, delegating to HandleEditingInput
[2025-08-02 17:53:13] [DEBUG] Console not available, using Read-Host fallback
[2025-08-02 17:53:13] [DEBUG] Main loop: Key received, calling HandleInput
[2025-08-02 17:53:13] [DEBUG] HandleInput: Key pressed: Q (Char: 'q') EditingIndex: 4
[2025-08-02 17:53:13] [DEBUG] HandleInput: In editing mode, delegating to HandleEditingInput
[2025-08-02 17:53:13] [DEBUG] Console not available, using Read-Host fallback
[2025-08-02 17:53:13] [DEBUG] Main loop: Key received, calling HandleInput
[2025-08-02 17:53:13] [DEBUG] HandleInput: Key pressed: Q (Char: 'q') EditingIndex: 4
[2025-08-02 17:53:13] [DEBUG] HandleInput: In editing mode, delegating to HandleEditingInput
[2025-08-02 17:53:13] [DEBUG] Console not available, using Read-Host fallback
[2025-08-02 17:53:13] [DEBUG] Main loop: Key received, calling HandleInput
[2025-08-02 17:53:13] [DEBUG] HandleInput: Key pressed: Q (Char: 'q') EditingIndex: 4
[2025-08-02 17:53:13] [DEBUG] HandleInput: In editing mode, delegating to HandleEditingInput
[2025-08-02 17:53:13] [DEBUG] Console not available, using Read-Host fallback
[2025-08-02 17:53:13] [DEBUG] Main loop: Key received, calling HandleInput
[2025-08-02 17:53:13] [DEBUG] HandleInput: Key pressed: Q (Char: 'q') EditingIndex: 4
[2025-08-02 17:53:13] [DEBUG] HandleInput: In editing mode, delegating to HandleEditingInput
[2025-08-02 17:53:13] [DEBUG] Console not available, using Read-Host fallback
[2025-08-02 17:53:13] [DEBUG] Main loop: Key received, calling HandleInput
[2025-08-02 17:53:13] [DEBUG] HandleInput: Key pressed: Q (Char: 'q') EditingIndex: 4
[2025-08-02 17:53:13] [DEBUG] HandleInput: In editing mode, delegating to HandleEditingInput
[2025-08-02 17:53:13] [DEBUG] Console not available, using Read-Host fallback
[2025-08-02 17:53:13] [DEBUG] Main loop: Key received, calling HandleInput
[2025-08-02 17:53:13] [DEBUG] HandleInput: Key pressed: Q (Char: 'q') EditingIndex: 4
[2025-08-02 17:53:13] [DEBUG] HandleInput: In editing mode, delegating to HandleEditingInput
[2025-08-02 17:53:13] [DEBUG] Console not available, using Read-Host fallback
[2025-08-02 17:53:13] [DEBUG] Main loop: Key received, calling HandleInput
[2025-08-02 17:53:13] [DEBUG] HandleInput: Key pressed: Q (Char: 'q') EditingIndex: 4
[2025-08-02 17:53:13] [DEBUG] HandleInput: In editing mode, delegating to HandleEditingInput
[2025-08-02 17:53:13] [DEBUG] Console not available, using Read-Host fallback
[2025-08-02 17:53:13] [DEBUG] Main loop: Key received, calling HandleInput
[2025-08-02 17:53:13] [DEBUG] HandleInput: Key pressed: Q (Char: 'q') EditingIndex: 4
[2025-08-02 17:53:13] [DEBUG] HandleInput: In editing mode, delegating to HandleEditingInput
[2025-08-02 17:53:13] [DEBUG] Console not available, using Read-Host fallback
[2025-08-02 17:53:13] [DEBUG] Main loop: Key received, calling HandleInput
[2025-08-02 17:53:13] [DEBUG] HandleInput: Key pressed: Q (Char: 'q') EditingIndex: 4
[2025-08-02 17:53:13] [DEBUG] HandleInput: In editing mode, delegating to HandleEditingInput
[2025-08-02 17:53:13] [DEBUG] Console not available, using Read-Host fallback
[2025-08-02 17:53:13] [DEBUG] Main loop: Key received, calling HandleInput
[2025-08-02 17:53:13] [DEBUG] HandleInput: Key pressed: Q (Char: 'q') EditingIndex: 4
[2025-08-02 17:53:13] [DEBUG] HandleInput: In editing mode, delegating to HandleEditingInput
[2025-08-02 17:53:13] [DEBUG] Console not available, using Read-Host fallback
[2025-08-02 17:53:13] [DEBUG] Main loop: Key received, calling HandleInput
[2025-08-02 17:53:13] [DEBUG] HandleInput: Key pressed: Q (Char: 'q') EditingIndex: 4
[2025-08-02 17:53:13] [DEBUG] HandleInput: In editing mode, delegating to HandleEditingInput
[2025-08-02 17:53:13] [DEBUG] Console not available, using Read-Host fallback
[2025-08-02 17:53:13] [DEBUG] Main loop: Key received, calling HandleInput
[2025-08-02 17:53:13] [DEBUG] HandleInput: Key pressed: Q (Char: 'q') EditingIndex: 4
[2025-08-02 17:53:13] [DEBUG] HandleInput: In editing mode, delegating to HandleEditingInput
[2025-08-02 17:53:13] [DEBUG] Console not available, using Read-Host fallback
[2025-08-02 17:53:13] [DEBUG] Main loop: Key received, calling HandleInput
[2025-08-02 17:53:13] [DEBUG] HandleInput: Key pressed: Q (Char: 'q') EditingIndex: 4
[2025-08-02 17:53:13] [DEBUG] HandleInput: In editing mode, delegating to HandleEditingInput
[2025-08-02 17:53:13] [DEBUG] Console not available, using Read-Host fallback
[2025-08-02 17:53:13] [DEBUG] Main loop: Key received, calling HandleInput
[2025-08-02 17:53:13] [DEBUG] HandleInput: Key pressed: Q (Char: 'q') EditingIndex: 4
[2025-08-02 17:53:13] [DEBUG] HandleInput: In editing mode, delegating to HandleEditingInput
[2025-08-02 17:53:13] [DEBUG] Console not available, using Read-Host fallback
[2025-08-02 17:53:13] [DEBUG] Main loop: Key received, calling HandleInput
[2025-08-02 17:53:13] [DEBUG] HandleInput: Key pressed: Q (Char: 'q') EditingIndex: 4
[2025-08-02 17:53:13] [DEBUG] HandleInput: In editing mode, delegating to HandleEditingInput
[2025-08-02 17:53:13] [DEBUG] Console not available, using Read-Host fallback
[2025-08-02 17:53:13] [DEBUG] Main loop: Key received, calling HandleInput
[2025-08-02 17:53:13] [DEBUG] HandleInput: Key pressed: Q (Char: 'q') EditingIndex: 4
[2025-08-02 17:53:13] [DEBUG] HandleInput: In editing mode, delegating to HandleEditingInput
[2025-08-02 17:53:13] [DEBUG] Console not available, using Read-Host fallback
[2025-08-02 17:53:13] [DEBUG] Main loop: Key received, calling HandleInput
[2025-08-02 17:53:13] [DEBUG] HandleInput: Key pressed: Q (Char: 'q') EditingIndex: 4
[2025-08-02 17:53:13] [DEBUG] HandleInput: In editing mode, delegating to HandleEditingInput
[2025-08-02 17:53:14] [DEBUG] Console not available, using Read-Host fallback
[2025-08-02 17:53:14] [DEBUG] Main loop: Key received, calling HandleInput
[2025-08-02 17:53:14] [DEBUG] HandleInput: Key pressed: Q (Char: 'q') EditingIndex: 4
[2025-08-02 17:53:14] [DEBUG] HandleInput: In editing mode, delegating to HandleEditingInput
[2025-08-02 17:53:14] [DEBUG] Console not available, using Read-Host fallback
[2025-08-02 17:53:14] [DEBUG] Main loop: Key received, calling HandleInput
[2025-08-02 17:53:14] [DEBUG] HandleInput: Key pressed: Q (Char: 'q') EditingIndex: 4
[2025-08-02 17:53:14] [DEBUG] HandleInput: In editing mode, delegating to HandleEditingInput
[2025-08-02 17:53:14] [DEBUG] Console not available, using Read-Host fallback
[2025-08-02 17:53:14] [DEBUG] Main loop: Key received, calling HandleInput
[2025-08-02 17:53:14] [DEBUG] HandleInput: Key pressed: Q (Char: 'q') EditingIndex: 4
[2025-08-02 17:53:14] [DEBUG] HandleInput: In editing mode, delegating to HandleEditingInput
[2025-08-02 17:53:14] [DEBUG] Console not available, using Read-Host fallback
[2025-08-02 17:53:14] [DEBUG] Main loop: Key received, calling HandleInput
[2025-08-02 17:53:14] [DEBUG] HandleInput: Key pressed: Q (Char: 'q') EditingIndex: 4
[2025-08-02 17:53:14] [DEBUG] HandleInput: In editing mode, delegating to HandleEditingInput
[2025-08-02 17:53:14] [DEBUG] Console not available, using Read-Host fallback
[2025-08-02 17:53:14] [DEBUG] Main loop: Key received, calling HandleInput
[2025-08-02 17:53:14] [DEBUG] HandleInput: Key pressed: Q (Char: 'q') EditingIndex: 4
[2025-08-02 17:53:14] [DEBUG] HandleInput: In editing mode, delegating to HandleEditingInput
[2025-08-02 17:53:14] [DEBUG] Console not available, using Read-Host fallback
[2025-08-02 17:53:14] [DEBUG] Main loop: Key received, calling HandleInput
[2025-08-02 17:53:14] [DEBUG] HandleInput: Key pressed: Q (Char: 'q') EditingIndex: 4
[2025-08-02 17:53:14] [DEBUG] HandleInput: In editing mode, delegating to HandleEditingInput
[2025-08-02 17:53:14] [DEBUG] Console not available, using Read-Host fallback
[2025-08-02 17:53:14] [DEBUG] Main loop: Key received, calling HandleInput
[2025-08-02 17:53:14] [DEBUG] HandleInput: Key pressed: Q (Char: 'q') EditingIndex: 4
[2025-08-02 17:53:14] [DEBUG] HandleInput: In editing mode, delegating to HandleEditingInput
[2025-08-02 17:53:14] [DEBUG] Console not available, using Read-Host fallback
[2025-08-02 17:53:14] [DEBUG] Main loop: Key received, calling HandleInput
[2025-08-02 17:53:14] [DEBUG] HandleInput: Key pressed: Q (Char: 'q') EditingIndex: 4
[2025-08-02 17:53:14] [DEBUG] HandleInput: In editing mode, delegating to HandleEditingInput
[2025-08-02 17:53:14] [DEBUG] Console not available, using Read-Host fallback
[2025-08-02 17:53:14] [DEBUG] Main loop: Key received, calling HandleInput
[2025-08-02 17:53:14] [DEBUG] HandleInput: Key pressed: Q (Char: 'q') EditingIndex: 4
[2025-08-02 17:53:14] [DEBUG] HandleInput: In editing mode, delegating to HandleEditingInput
[2025-08-02 17:53:14] [DEBUG] Console not available, using Read-Host fallback
[2025-08-02 17:53:14] [DEBUG] Main loop: Key received, calling HandleInput
[2025-08-02 17:53:14] [DEBUG] HandleInput: Key pressed: Q (Char: 'q') EditingIndex: 4
[2025-08-02 17:53:14] [DEBUG] HandleInput: In editing mode, delegating to HandleEditingInput
[2025-08-02 17:53:14] [DEBUG] Console not available, using Read-Host fallback
[2025-08-02 17:53:14] [DEBUG] Main loop: Key received, calling HandleInput
[2025-08-02 17:53:14] [DEBUG] HandleInput: Key pressed: Q (Char: 'q') EditingIndex: 4
[2025-08-02 17:53:14] [DEBUG] HandleInput: In editing mode, delegating to HandleEditingInput
[2025-08-02 17:53:14] [DEBUG] Console not available, using Read-Host fallback
[2025-08-02 17:53:14] [DEBUG] Main loop: Key received, calling HandleInput
[2025-08-02 17:53:14] [DEBUG] HandleInput: Key pressed: Q (Char: 'q') EditingIndex: 4
[2025-08-02 17:53:14] [DEBUG] HandleInput: In editing mode, delegating to HandleEditingInput
[2025-08-02 17:53:14] [DEBUG] Console not available, using Read-Host fallback
[2025-08-02 17:53:14] [DEBUG] Main loop: Key received, calling HandleInput
[2025-08-02 17:53:14] [DEBUG] HandleInput: Key pressed: Q (Char: 'q') EditingIndex: 4
[2025-08-02 17:53:14] [DEBUG] HandleInput: In editing mode, delegating to HandleEditingInput
[2025-08-02 17:53:14] [DEBUG] Console not available, using Read-Host fallback
[2025-08-02 17:53:14] [DEBUG] Main loop: Key received, calling HandleInput
[2025-08-02 17:53:14] [DEBUG] HandleInput: Key pressed: Q (Char: 'q') EditingIndex: 4
[2025-08-02 17:53:14] [DEBUG] HandleInput: In editing mode, delegating to HandleEditingInput
[2025-08-02 17:53:14] [DEBUG] Console not available, using Read-Host fallback
[2025-08-02 17:53:14] [DEBUG] Main loop: Key received, calling HandleInput
[2025-08-02 17:53:14] [DEBUG] HandleInput: Key pressed: Q (Char: 'q') EditingIndex: 4
[2025-08-02 17:53:14] [DEBUG] HandleInput: In editing mode, delegating to HandleEditingInput
[2025-08-02 17:53:14] [DEBUG] Console not available, using Read-Host fallback
[2025-08-02 17:53:14] [DEBUG] Main loop: Key received, calling HandleInput
[2025-08-02 17:53:14] [DEBUG] HandleInput: Key pressed: Q (Char: 'q') EditingIndex: 4
[2025-08-02 17:53:14] [DEBUG] HandleInput: In editing mode, delegating to HandleEditingInput
[2025-08-02 17:53:14] [DEBUG] Console not available, using Read-Host fallback
[2025-08-02 17:53:14] [DEBUG] Main loop: Key received, calling HandleInput
[2025-08-02 17:53:14] [DEBUG] HandleInput: Key pressed: Q (Char: 'q') EditingIndex: 4
[2025-08-02 17:53:14] [DEBUG] HandleInput: In editing mode, delegating to HandleEditingInput
[2025-08-02 17:53:14] [DEBUG] Console not available, using Read-Host fallback
[2025-08-02 17:53:14] [DEBUG] Main loop: Key received, calling HandleInput
[2025-08-02 17:53:14] [DEBUG] HandleInput: Key pressed: Q (Char: 'q') EditingIndex: 4
[2025-08-02 17:53:14] [DEBUG] HandleInput: In editing mode, delegating to HandleEditingInput
[2025-08-02 17:53:14] [DEBUG] Console not available, using Read-Host fallback
[2025-08-02 17:53:14] [DEBUG] Main loop: Key received, calling HandleInput
[2025-08-02 17:53:14] [DEBUG] HandleInput: Key pressed: Q (Char: 'q') EditingIndex: 4
[2025-08-02 17:53:14] [DEBUG] HandleInput: In editing mode, delegating to HandleEditingInput
[2025-08-02 17:53:14] [DEBUG] Console not available, using Read-Host fallback
[2025-08-02 17:53:14] [DEBUG] Main loop: Key received, calling HandleInput
[2025-08-02 17:53:14] [DEBUG] HandleInput: Key pressed: Q (Char: 'q') EditingIndex: 4
[2025-08-02 17:53:14] [DEBUG] HandleInput: In editing mode, delegating to HandleEditingInput
[2025-08-02 17:53:15] [DEBUG] Console not available, using Read-Host fallback
[2025-08-02 17:53:15] [DEBUG] Main loop: Key received, calling HandleInput
[2025-08-02 17:53:15] [DEBUG] HandleInput: Key pressed: Q (Char: 'q') EditingIndex: 4
[2025-08-02 17:53:15] [DEBUG] HandleInput: In editing mode, delegating to HandleEditingInput
[2025-08-02 17:53:15] [DEBUG] Console not available, using Read-Host fallback
[2025-08-02 17:53:15] [DEBUG] Main loop: Key received, calling HandleInput
[2025-08-02 17:53:15] [DEBUG] HandleInput: Key pressed: Q (Char: 'q') EditingIndex: 4
[2025-08-02 17:53:15] [DEBUG] HandleInput: In editing mode, delegating to HandleEditingInput
[2025-08-02 17:53:15] [DEBUG] Console not available, using Read-Host fallback
[2025-08-02 17:53:15] [DEBUG] Main loop: Key received, calling HandleInput
[2025-08-02 17:53:15] [DEBUG] HandleInput: Key pressed: Q (Char: 'q') EditingIndex: 4
[2025-08-02 17:53:15] [DEBUG] HandleInput: In editing mode, delegating to HandleEditingInput
[2025-08-02 17:53:15] [DEBUG] Console not available, using Read-Host fallback
[2025-08-02 17:53:15] [DEBUG] Main loop: Key received, calling HandleInput
[2025-08-02 17:53:15] [DEBUG] HandleInput: Key pressed: Q (Char: 'q') EditingIndex: 4
[2025-08-02 17:53:15] [DEBUG] HandleInput: In editing mode, delegating to HandleEditingInput
[2025-08-02 17:53:15] [DEBUG] Console not available, using Read-Host fallback
[2025-08-02 17:53:15] [DEBUG] Main loop: Key received, calling HandleInput
[2025-08-02 17:53:15] [DEBUG] HandleInput: Key pressed: Q (Char: 'q') EditingIndex: 4
[2025-08-02 17:53:15] [DEBUG] HandleInput: In editing mode, delegating to HandleEditingInput
[2025-08-02 17:53:15] [DEBUG] Console not available, using Read-Host fallback
[2025-08-02 17:53:15] [DEBUG] Main loop: Key received, calling HandleInput
[2025-08-02 17:53:15] [DEBUG] HandleInput: Key pressed: Q (Char: 'q') EditingIndex: 4
[2025-08-02 17:53:15] [DEBUG] HandleInput: In editing mode, delegating to HandleEditingInput
[2025-08-02 17:53:15] [DEBUG] Console not available, using Read-Host fallback
[2025-08-02 17:53:15] [DEBUG] Main loop: Key received, calling HandleInput
[2025-08-02 17:53:15] [DEBUG] HandleInput: Key pressed: Q (Char: 'q') EditingIndex: 4
[2025-08-02 17:53:15] [DEBUG] HandleInput: In editing mode, delegating to HandleEditingInput
[2025-08-02 17:53:15] [DEBUG] Console not available, using Read-Host fallback
[2025-08-02 17:53:15] [DEBUG] Main loop: Key received, calling HandleInput
[2025-08-02 17:53:15] [DEBUG] HandleInput: Key pressed: Q (Char: 'q') EditingIndex: 4
[2025-08-02 17:53:15] [DEBUG] HandleInput: In editing mode, delegating to HandleEditingInput
[2025-08-02 17:53:15] [DEBUG] Console not available, using Read-Host fallback
[2025-08-02 17:53:15] [DEBUG] Main loop: Key received, calling HandleInput
[2025-08-02 17:53:15] [DEBUG] HandleInput: Key pressed: Q (Char: 'q') EditingIndex: 4
[2025-08-02 17:53:15] [DEBUG] HandleInput: In editing mode, delegating to HandleEditingInput
[2025-08-02 17:53:15] [DEBUG] Console not available, using Read-Host fallback
[2025-08-02 17:53:15] [DEBUG] Main loop: Key received, calling HandleInput
[2025-08-02 17:53:15] [DEBUG] HandleInput: Key pressed: Q (Char: 'q') EditingIndex: 4
[2025-08-02 17:53:15] [DEBUG] HandleInput: In editing mode, delegating to HandleEditingInput
[2025-08-02 17:53:15] [DEBUG] Console not available, using Read-Host fallback
[2025-08-02 17:53:15] [DEBUG] Main loop: Key received, calling HandleInput
[2025-08-02 17:53:15] [DEBUG] HandleInput: Key pressed: Q (Char: 'q') EditingIndex: 4
[2025-08-02 17:53:15] [DEBUG] HandleInput: In editing mode, delegating to HandleEditingInput
[2025-08-02 17:53:15] [DEBUG] Console not available, using Read-Host fallback
[2025-08-02 17:53:15] [DEBUG] Main loop: Key received, calling HandleInput
[2025-08-02 17:53:15] [DEBUG] HandleInput: Key pressed: Q (Char: 'q') EditingIndex: 4
[2025-08-02 17:53:15] [DEBUG] HandleInput: In editing mode, delegating to HandleEditingInput
[2025-08-02 17:53:15] [DEBUG] Console not available, using Read-Host fallback
[2025-08-02 17:53:15] [DEBUG] Main loop: Key received, calling HandleInput
[2025-08-02 17:53:15] [DEBUG] HandleInput: Key pressed: Q (Char: 'q') EditingIndex: 4
[2025-08-02 17:53:15] [DEBUG] HandleInput: In editing mode, delegating to HandleEditingInput
[2025-08-02 17:53:15] [DEBUG] Console not available, using Read-Host fallback
[2025-08-02 17:53:15] [DEBUG] Main loop: Key received, calling HandleInput
[2025-08-02 17:53:15] [DEBUG] HandleInput: Key pressed: Q (Char: 'q') EditingIndex: 4
[2025-08-02 17:53:15] [DEBUG] HandleInput: In editing mode, delegating to HandleEditingInput
[2025-08-02 17:53:15] [DEBUG] Console not available, using Read-Host fallback
[2025-08-02 17:53:15] [DEBUG] Main loop: Key received, calling HandleInput
[2025-08-02 17:53:15] [DEBUG] HandleInput: Key pressed: Q (Char: 'q') EditingIndex: 4
[2025-08-02 17:53:15] [DEBUG] HandleInput: In editing mode, delegating to HandleEditingInput
[2025-08-02 17:53:15] [DEBUG] Console not available, using Read-Host fallback
[2025-08-02 17:53:15] [DEBUG] Main loop: Key received, calling HandleInput
[2025-08-02 17:53:15] [DEBUG] HandleInput: Key pressed: Q (Char: 'q') EditingIndex: 4
[2025-08-02 17:53:15] [DEBUG] HandleInput: In editing mode, delegating to HandleEditingInput
[2025-08-02 17:53:15] [DEBUG] Console not available, using Read-Host fallback
[2025-08-02 17:53:15] [DEBUG] Main loop: Key received, calling HandleInput
[2025-08-02 17:53:15] [DEBUG] HandleInput: Key pressed: Q (Char: 'q') EditingIndex: 4
[2025-08-02 17:53:15] [DEBUG] HandleInput: In editing mode, delegating to HandleEditingInput
[2025-08-02 17:53:15] [DEBUG] Console not available, using Read-Host fallback
[2025-08-02 17:53:15] [DEBUG] Main loop: Key received, calling HandleInput
[2025-08-02 17:53:15] [DEBUG] HandleInput: Key pressed: Q (Char: 'q') EditingIndex: 4
[2025-08-02 17:53:15] [DEBUG] HandleInput: In editing mode, delegating to HandleEditingInput
[2025-08-02 17:53:15] [DEBUG] Console not available, using Read-Host fallback
[2025-08-02 17:53:15] [DEBUG] Main loop: Key received, calling HandleInput
[2025-08-02 17:53:15] [DEBUG] HandleInput: Key pressed: Q (Char: 'q') EditingIndex: 4
[2025-08-02 17:53:15] [DEBUG] HandleInput: In editing mode, delegating to HandleEditingInput
[2025-08-02 17:53:15] [DEBUG] Console not available, using Read-Host fallback
[2025-08-02 17:53:15] [DEBUG] Main loop: Key received, calling HandleInput
[2025-08-02 17:53:15] [DEBUG] HandleInput: Key pressed: Q (Char: 'q') EditingIndex: 4
[2025-08-02 17:53:15] [DEBUG] HandleInput: In editing mode, delegating to HandleEditingInput
[2025-08-02 17:53:15] [DEBUG] Console not available, using Read-Host fallback
[2025-08-02 17:53:15] [DEBUG] Main loop: Key received, calling HandleInput
[2025-08-02 17:53:15] [DEBUG] HandleInput: Key pressed: Q (Char: 'q') EditingIndex: 4
[2025-08-02 17:53:15] [DEBUG] HandleInput: In editing mode, delegating to HandleEditingInput
[2025-08-02 17:53:15] [DEBUG] Console not available, using Read-Host fallback
[2025-08-02 17:53:15] [DEBUG] Main loop: Key received, calling HandleInput
[2025-08-02 17:53:15] [DEBUG] HandleInput: Key pressed: Q (Char: 'q') EditingIndex: 4
[2025-08-02 17:53:15] [DEBUG] HandleInput: In editing mode, delegating to HandleEditingInput
[2025-08-02 17:53:15] [DEBUG] Console not available, using Read-Host fallback
[2025-08-02 17:53:15] [DEBUG] Main loop: Key received, calling HandleInput
[2025-08-02 17:53:15] [DEBUG] HandleInput: Key pressed: Q (Char: 'q') EditingIndex: 4
[2025-08-02 17:53:15] [DEBUG] HandleInput: In editing mode, delegating to HandleEditingInput
[2025-08-02 17:53:15] [DEBUG] Console not available, using Read-Host fallback
[2025-08-02 17:53:15] [DEBUG] Main loop: Key received, calling HandleInput
[2025-08-02 17:53:15] [DEBUG] HandleInput: Key pressed: Q (Char: 'q') EditingIndex: 4
[2025-08-02 17:53:15] [DEBUG] HandleInput: In editing mode, delegating to HandleEditingInput
[2025-08-02 17:53:15] [DEBUG] Console not available, using Read-Host fallback
[2025-08-02 17:53:15] [DEBUG] Main loop: Key received, calling HandleInput
[2025-08-02 17:53:15] [DEBUG] HandleInput: Key pressed: Q (Char: 'q') EditingIndex: 4
[2025-08-02 17:53:15] [DEBUG] HandleInput: In editing mode, delegating to HandleEditingInput
[2025-08-02 17:53:16] [DEBUG] Console not available, using Read-Host fallback
[2025-08-02 17:53:16] [DEBUG] Main loop: Key received, calling HandleInput
[2025-08-02 17:53:16] [DEBUG] HandleInput: Key pressed: Q (Char: 'q') EditingIndex: 4
[2025-08-02 17:53:16] [DEBUG] HandleInput: In editing mode, delegating to HandleEditingInput
[2025-08-02 17:53:16] [DEBUG] Console not available, using Read-Host fallback
[2025-08-02 17:53:16] [DEBUG] Main loop: Key received, calling HandleInput
[2025-08-02 17:53:16] [DEBUG] HandleInput: Key pressed: Q (Char: 'q') EditingIndex: 4
[2025-08-02 17:53:16] [DEBUG] HandleInput: In editing mode, delegating to HandleEditingInput
[2025-08-02 17:53:16] [DEBUG] Console not available, using Read-Host fallback
[2025-08-02 17:53:16] [DEBUG] Main loop: Key received, calling HandleInput
[2025-08-02 17:53:16] [DEBUG] HandleInput: Key pressed: Q (Char: 'q') EditingIndex: 4
[2025-08-02 17:53:16] [DEBUG] HandleInput: In editing mode, delegating to HandleEditingInput
[2025-08-02 17:53:16] [DEBUG] Console not available, using Read-Host fallback
[2025-08-02 17:53:16] [DEBUG] Main loop: Key received, calling HandleInput
[2025-08-02 17:53:16] [DEBUG] HandleInput: Key pressed: Q (Char: 'q') EditingIndex: 4
[2025-08-02 17:53:16] [DEBUG] HandleInput: In editing mode, delegating to HandleEditingInput
[2025-08-02 17:53:16] [DEBUG] Console not available, using Read-Host fallback
[2025-08-02 17:53:16] [DEBUG] Main loop: Key received, calling HandleInput
[2025-08-02 17:53:16] [DEBUG] HandleInput: Key pressed: Q (Char: 'q') EditingIndex: 4
[2025-08-02 17:53:16] [DEBUG] HandleInput: In editing mode, delegating to HandleEditingInput
[2025-08-02 17:53:16] [DEBUG] Console not available, using Read-Host fallback
[2025-08-02 17:53:16] [DEBUG] Main loop: Key received, calling HandleInput
[2025-08-02 17:53:16] [DEBUG] HandleInput: Key pressed: Q (Char: 'q') EditingIndex: 4
[2025-08-02 17:53:16] [DEBUG] HandleInput: In editing mode, delegating to HandleEditingInput
[2025-08-02 17:53:16] [DEBUG] Console not available, using Read-Host fallback
[2025-08-02 17:53:16] [DEBUG] Main loop: Key received, calling HandleInput
[2025-08-02 17:53:16] [DEBUG] HandleInput: Key pressed: Q (Char: 'q') EditingIndex: 4
[2025-08-02 17:53:16] [DEBUG] HandleInput: In editing mode, delegating to HandleEditingInput
[2025-08-02 17:53:16] [DEBUG] Console not available, using Read-Host fallback
[2025-08-02 17:53:16] [DEBUG] Main loop: Key received, calling HandleInput
[2025-08-02 17:53:16] [DEBUG] HandleInput: Key pressed: Q (Char: 'q') EditingIndex: 4
[2025-08-02 17:53:16] [DEBUG] HandleInput: In editing mode, delegating to HandleEditingInput
[2025-08-02 17:53:16] [DEBUG] Console not available, using Read-Host fallback
[2025-08-02 17:53:16] [DEBUG] Main loop: Key received, calling HandleInput
[2025-08-02 17:53:16] [DEBUG] HandleInput: Key pressed: Q (Char: 'q') EditingIndex: 4
[2025-08-02 17:53:16] [DEBUG] HandleInput: In editing mode, delegating to HandleEditingInput
[2025-08-02 17:53:16] [DEBUG] Console not available, using Read-Host fallback
[2025-08-02 17:53:16] [DEBUG] Main loop: Key received, calling HandleInput
[2025-08-02 17:53:16] [DEBUG] HandleInput: Key pressed: Q (Char: 'q') EditingIndex: 4
[2025-08-02 17:53:16] [DEBUG] HandleInput: In editing mode, delegating to HandleEditingInput
[2025-08-02 17:53:16] [DEBUG] Console not available, using Read-Host fallback
[2025-08-02 17:53:16] [DEBUG] Main loop: Key received, calling HandleInput
[2025-08-02 17:53:16] [DEBUG] HandleInput: Key pressed: Q (Char: 'q') EditingIndex: 4
[2025-08-02 17:53:16] [DEBUG] HandleInput: In editing mode, delegating to HandleEditingInput
[2025-08-02 17:53:16] [DEBUG] Console not available, using Read-Host fallback
[2025-08-02 17:53:16] [DEBUG] Main loop: Key received, calling HandleInput
[2025-08-02 17:53:16] [DEBUG] HandleInput: Key pressed: Q (Char: 'q') EditingIndex: 4
[2025-08-02 17:53:16] [DEBUG] HandleInput: In editing mode, delegating to HandleEditingInput
[2025-08-02 17:53:16] [DEBUG] Console not available, using Read-Host fallback
[2025-08-02 17:53:16] [DEBUG] Main loop: Key received, calling HandleInput
[2025-08-02 17:53:16] [DEBUG] HandleInput: Key pressed: Q (Char: 'q') EditingIndex: 4
[2025-08-02 17:53:16] [DEBUG] HandleInput: In editing mode, delegating to HandleEditingInput
[2025-08-02 17:53:16] [DEBUG] Console not available, using Read-Host fallback
[2025-08-02 17:53:16] [DEBUG] Main loop: Key received, calling HandleInput
[2025-08-02 17:53:16] [DEBUG] HandleInput: Key pressed: Q (Char: 'q') EditingIndex: 4
[2025-08-02 17:53:16] [DEBUG] HandleInput: In editing mode, delegating to HandleEditingInput
[2025-08-02 17:53:16] [DEBUG] Console not available, using Read-Host fallback
[2025-08-02 17:53:16] [DEBUG] Main loop: Key received, calling HandleInput
[2025-08-02 17:53:16] [DEBUG] HandleInput: Key pressed: Q (Char: 'q') EditingIndex: 4
[2025-08-02 17:53:16] [DEBUG] HandleInput: In editing mode, delegating to HandleEditingInput
[2025-08-02 17:53:16] [DEBUG] Console not available, using Read-Host fallback
[2025-08-02 17:53:16] [DEBUG] Main loop: Key received, calling HandleInput
[2025-08-02 17:53:16] [DEBUG] HandleInput: Key pressed: Q (Char: 'q') EditingIndex: 4
[2025-08-02 17:53:16] [DEBUG] HandleInput: In editing mode, delegating to HandleEditingInput
[2025-08-02 17:53:16] [DEBUG] Console not available, using Read-Host fallback
[2025-08-02 17:53:16] [DEBUG] Main loop: Key received, calling HandleInput
[2025-08-02 17:53:16] [DEBUG] HandleInput: Key pressed: Q (Char: 'q') EditingIndex: 4
[2025-08-02 17:53:16] [DEBUG] HandleInput: In editing mode, delegating to HandleEditingInput
[2025-08-02 17:53:16] [DEBUG] Console not available, using Read-Host fallback
[2025-08-02 17:53:16] [DEBUG] Main loop: Key received, calling HandleInput
[2025-08-02 17:53:16] [DEBUG] HandleInput: Key pressed: Q (Char: 'q') EditingIndex: 4
[2025-08-02 17:53:16] [DEBUG] HandleInput: In editing mode, delegating to HandleEditingInput
[2025-08-02 17:53:16] [DEBUG] Console not available, using Read-Host fallback
[2025-08-02 17:53:16] [DEBUG] Main loop: Key received, calling HandleInput
[2025-08-02 17:53:16] [DEBUG] HandleInput: Key pressed: Q (Char: 'q') EditingIndex: 4
[2025-08-02 17:53:16] [DEBUG] HandleInput: In editing mode, delegating to HandleEditingInput
[2025-08-02 17:53:16] [DEBUG] Console not available, using Read-Host fallback
[2025-08-02 17:53:16] [DEBUG] Main loop: Key received, calling HandleInput
[2025-08-02 17:53:16] [DEBUG] HandleInput: Key pressed: Q (Char: 'q') EditingIndex: 4
[2025-08-02 17:53:16] [DEBUG] HandleInput: In editing mode, delegating to HandleEditingInput
[2025-08-02 17:53:16] [DEBUG] Console not available, using Read-Host fallback
[2025-08-02 17:53:16] [DEBUG] Main loop: Key received, calling HandleInput
[2025-08-02 17:53:16] [DEBUG] HandleInput: Key pressed: Q (Char: 'q') EditingIndex: 4
[2025-08-02 17:53:16] [DEBUG] HandleInput: In editing mode, delegating to HandleEditingInput
[2025-08-02 17:53:16] [DEBUG] Console not available, using Read-Host fallback
[2025-08-02 17:53:16] [DEBUG] Main loop: Key received, calling HandleInput
[2025-08-02 17:53:16] [DEBUG] HandleInput: Key pressed: Q (Char: 'q') EditingIndex: 4
[2025-08-02 17:53:16] [DEBUG] HandleInput: In editing mode, delegating to HandleEditingInput
[2025-08-02 17:53:16] [DEBUG] Console not available, using Read-Host fallback
[2025-08-02 17:53:16] [DEBUG] Main loop: Key received, calling HandleInput
[2025-08-02 17:53:16] [DEBUG] HandleInput: Key pressed: Q (Char: 'q') EditingIndex: 4
[2025-08-02 17:53:16] [DEBUG] HandleInput: In editing mode, delegating to HandleEditingInput
[2025-08-02 17:53:16] [DEBUG] Console not available, using Read-Host fallback
[2025-08-02 17:53:16] [DEBUG] Main loop: Key received, calling HandleInput
[2025-08-02 17:53:16] [DEBUG] HandleInput: Key pressed: Q (Char: 'q') EditingIndex: 4
[2025-08-02 17:53:16] [DEBUG] HandleInput: In editing mode, delegating to HandleEditingInput
[2025-08-02 17:53:16] [DEBUG] Console not available, using Read-Host fallback
[2025-08-02 17:53:16] [DEBUG] Main loop: Key received, calling HandleInput
[2025-08-02 17:53:16] [DEBUG] HandleInput: Key pressed: Q (Char: 'q') EditingIndex: 4
[2025-08-02 17:53:16] [DEBUG] HandleInput: In editing mode, delegating to HandleEditingInput
[2025-08-02 17:53:17] [DEBUG] Console not available, using Read-Host fallback
[2025-08-02 17:53:17] [DEBUG] Main loop: Key received, calling HandleInput
[2025-08-02 17:53:17] [DEBUG] HandleInput: Key pressed: Q (Char: 'q') EditingIndex: 4
[2025-08-02 17:53:17] [DEBUG] HandleInput: In editing mode, delegating to HandleEditingInput
[2025-08-02 17:53:17] [DEBUG] Console not available, using Read-Host fallback
[2025-08-02 17:53:17] [DEBUG] Main loop: Key received, calling HandleInput
[2025-08-02 17:53:17] [DEBUG] HandleInput: Key pressed: Q (Char: 'q') EditingIndex: 4
[2025-08-02 17:53:17] [DEBUG] HandleInput: In editing mode, delegating to HandleEditingInput
[2025-08-02 17:53:17] [DEBUG] Console not available, using Read-Host fallback
[2025-08-02 17:53:17] [DEBUG] Main loop: Key received, calling HandleInput
[2025-08-02 17:53:17] [DEBUG] HandleInput: Key pressed: Q (Char: 'q') EditingIndex: 4
[2025-08-02 17:53:17] [DEBUG] HandleInput: In editing mode, delegating to HandleEditingInput
[2025-08-02 17:53:17] [DEBUG] Console not available, using Read-Host fallback
[2025-08-02 17:53:17] [DEBUG] Main loop: Key received, calling HandleInput
[2025-08-02 17:53:17] [DEBUG] HandleInput: Key pressed: Q (Char: 'q') EditingIndex: 4
[2025-08-02 17:53:17] [DEBUG] HandleInput: In editing mode, delegating to HandleEditingInput
[2025-08-02 17:53:17] [DEBUG] Console not available, using Read-Host fallback
[2025-08-02 17:53:17] [DEBUG] Main loop: Key received, calling HandleInput
[2025-08-02 17:53:17] [DEBUG] HandleInput: Key pressed: Q (Char: 'q') EditingIndex: 4
[2025-08-02 17:53:17] [DEBUG] HandleInput: In editing mode, delegating to HandleEditingInput
[2025-08-02 17:53:17] [DEBUG] Console not available, using Read-Host fallback
[2025-08-02 17:53:17] [DEBUG] Main loop: Key received, calling HandleInput
[2025-08-02 17:53:17] [DEBUG] HandleInput: Key pressed: Q (Char: 'q') EditingIndex: 4
[2025-08-02 17:53:17] [DEBUG] HandleInput: In editing mode, delegating to HandleEditingInput
[2025-08-02 17:53:17] [DEBUG] Console not available, using Read-Host fallback
[2025-08-02 17:53:17] [DEBUG] Main loop: Key received, calling HandleInput
[2025-08-02 17:53:17] [DEBUG] HandleInput: Key pressed: Q (Char: 'q') EditingIndex: 4
[2025-08-02 17:53:17] [DEBUG] HandleInput: In editing mode, delegating to HandleEditingInput
[2025-08-02 17:53:17] [DEBUG] Console not available, using Read-Host fallback
[2025-08-02 17:53:17] [DEBUG] Main loop: Key received, calling HandleInput
[2025-08-02 17:53:17] [DEBUG] HandleInput: Key pressed: Q (Char: 'q') EditingIndex: 4
[2025-08-02 17:53:17] [DEBUG] HandleInput: In editing mode, delegating to HandleEditingInput
[2025-08-02 17:53:17] [DEBUG] Console not available, using Read-Host fallback
[2025-08-02 17:53:17] [DEBUG] Main loop: Key received, calling HandleInput
[2025-08-02 17:53:17] [DEBUG] HandleInput: Key pressed: Q (Char: 'q') EditingIndex: 4
[2025-08-02 17:53:17] [DEBUG] HandleInput: In editing mode, delegating to HandleEditingInput
[2025-08-02 17:53:17] [DEBUG] Console not available, using Read-Host fallback
[2025-08-02 17:53:17] [DEBUG] Main loop: Key received, calling HandleInput
[2025-08-02 17:53:17] [DEBUG] HandleInput: Key pressed: Q (Char: 'q') EditingIndex: 4
[2025-08-02 17:53:17] [DEBUG] HandleInput: In editing mode, delegating to HandleEditingInput
[2025-08-02 17:53:17] [DEBUG] Console not available, using Read-Host fallback
[2025-08-02 17:53:17] [DEBUG] Main loop: Key received, calling HandleInput
[2025-08-02 17:53:17] [DEBUG] HandleInput: Key pressed: Q (Char: 'q') EditingIndex: 4
[2025-08-02 17:53:17] [DEBUG] HandleInput: In editing mode, delegating to HandleEditingInput
[2025-08-02 17:53:17] [DEBUG] Console not available, using Read-Host fallback
[2025-08-02 17:53:17] [DEBUG] Main loop: Key received, calling HandleInput
[2025-08-02 17:53:17] [DEBUG] HandleInput: Key pressed: Q (Char: 'q') EditingIndex: 4
[2025-08-02 17:53:17] [DEBUG] HandleInput: In editing mode, delegating to HandleEditingInput
[2025-08-02 17:53:17] [DEBUG] Console not available, using Read-Host fallback
[2025-08-02 17:53:17] [DEBUG] Main loop: Key received, calling HandleInput
[2025-08-02 17:53:17] [DEBUG] HandleInput: Key pressed: Q (Char: 'q') EditingIndex: 4
[2025-08-02 17:53:17] [DEBUG] HandleInput: In editing mode, delegating to HandleEditingInput
[2025-08-02 17:53:17] [DEBUG] Console not available, using Read-Host fallback
[2025-08-02 17:53:17] [DEBUG] Main loop: Key received, calling HandleInput
[2025-08-02 17:53:17] [DEBUG] HandleInput: Key pressed: Q (Char: 'q') EditingIndex: 4
[2025-08-02 17:53:17] [DEBUG] HandleInput: In editing mode, delegating to HandleEditingInput
[2025-08-02 17:53:17] [DEBUG] Console not available, using Read-Host fallback
[2025-08-02 17:53:17] [DEBUG] Main loop: Key received, calling HandleInput
[2025-08-02 17:53:17] [DEBUG] HandleInput: Key pressed: Q (Char: 'q') EditingIndex: 4
[2025-08-02 17:53:17] [DEBUG] HandleInput: In editing mode, delegating to HandleEditingInput
[2025-08-02 17:53:17] [DEBUG] Console not available, using Read-Host fallback
[2025-08-02 17:53:17] [DEBUG] Main loop: Key received, calling HandleInput
[2025-08-02 17:53:17] [DEBUG] HandleInput: Key pressed: Q (Char: 'q') EditingIndex: 4
[2025-08-02 17:53:17] [DEBUG] HandleInput: In editing mode, delegating to HandleEditingInput
[2025-08-02 17:53:17] [DEBUG] Console not available, using Read-Host fallback
[2025-08-02 17:53:17] [DEBUG] Main loop: Key received, calling HandleInput
[2025-08-02 17:53:17] [DEBUG] HandleInput: Key pressed: Q (Char: 'q') EditingIndex: 4
[2025-08-02 17:53:17] [DEBUG] HandleInput: In editing mode, delegating to HandleEditingInput
[2025-08-02 17:53:17] [DEBUG] Console not available, using Read-Host fallback
[2025-08-02 17:53:17] [DEBUG] Main loop: Key received, calling HandleInput
[2025-08-02 17:53:17] [DEBUG] HandleInput: Key pressed: Q (Char: 'q') EditingIndex: 4
[2025-08-02 17:53:17] [DEBUG] HandleInput: In editing mode, delegating to HandleEditingInput
[2025-08-02 17:53:17] [DEBUG] Console not available, using Read-Host fallback
[2025-08-02 17:53:17] [DEBUG] Main loop: Key received, calling HandleInput
[2025-08-02 17:53:17] [DEBUG] HandleInput: Key pressed: Q (Char: 'q') EditingIndex: 4
[2025-08-02 17:53:17] [DEBUG] HandleInput: In editing mode, delegating to HandleEditingInput
[2025-08-02 17:53:17] [DEBUG] Console not available, using Read-Host fallback
[2025-08-02 17:53:17] [DEBUG] Main loop: Key received, calling HandleInput
[2025-08-02 17:53:17] [DEBUG] HandleInput: Key pressed: Q (Char: 'q') EditingIndex: 4
[2025-08-02 17:53:17] [DEBUG] HandleInput: In editing mode, delegating to HandleEditingInput
[2025-08-02 17:53:17] [DEBUG] Console not available, using Read-Host fallback
[2025-08-02 17:53:17] [DEBUG] Main loop: Key received, calling HandleInput
[2025-08-02 17:53:17] [DEBUG] HandleInput: Key pressed: Q (Char: 'q') EditingIndex: 4
[2025-08-02 17:53:17] [DEBUG] HandleInput: In editing mode, delegating to HandleEditingInput
[2025-08-02 17:53:17] [DEBUG] Console not available, using Read-Host fallback
[2025-08-02 17:53:17] [DEBUG] Main loop: Key received, calling HandleInput
[2025-08-02 17:53:17] [DEBUG] HandleInput: Key pressed: Q (Char: 'q') EditingIndex: 4
[2025-08-02 17:53:17] [DEBUG] HandleInput: In editing mode, delegating to HandleEditingInput
[2025-08-02 17:53:17] [DEBUG] Console not available, using Read-Host fallback
[2025-08-02 17:53:17] [DEBUG] Main loop: Key received, calling HandleInput
[2025-08-02 17:53:17] [DEBUG] HandleInput: Key pressed: Q (Char: 'q') EditingIndex: 4
[2025-08-02 17:53:17] [DEBUG] HandleInput: In editing mode, delegating to HandleEditingInput
[2025-08-02 17:53:17] [DEBUG] Console not available, using Read-Host fallback
[2025-08-02 17:53:17] [DEBUG] Main loop: Key received, calling HandleInput
[2025-08-02 17:53:17] [DEBUG] HandleInput: Key pressed: Q (Char: 'q') EditingIndex: 4
[2025-08-02 17:53:17] [DEBUG] HandleInput: In editing mode, delegating to HandleEditingInput
[2025-08-02 17:53:17] [DEBUG] Console not available, using Read-Host fallback
[2025-08-02 17:53:17] [DEBUG] Main loop: Key received, calling HandleInput
[2025-08-02 17:53:17] [DEBUG] HandleInput: Key pressed: Q (Char: 'q') EditingIndex: 4
[2025-08-02 17:53:17] [DEBUG] HandleInput: In editing mode, delegating to HandleEditingInput
[2025-08-02 17:53:18] [DEBUG] Console not available, using Read-Host fallback
[2025-08-02 17:53:18] [DEBUG] Main loop: Key received, calling HandleInput
[2025-08-02 17:53:18] [DEBUG] HandleInput: Key pressed: Q (Char: 'q') EditingIndex: 4
[2025-08-02 17:53:18] [DEBUG] HandleInput: In editing mode, delegating to HandleEditingInput
[2025-08-02 17:53:18] [DEBUG] Console not available, using Read-Host fallback
[2025-08-02 17:53:18] [DEBUG] Main loop: Key received, calling HandleInput
[2025-08-02 17:53:18] [DEBUG] HandleInput: Key pressed: Q (Char: 'q') EditingIndex: 4
[2025-08-02 17:53:18] [DEBUG] HandleInput: In editing mode, delegating to HandleEditingInput
[2025-08-02 17:53:18] [DEBUG] Console not available, using Read-Host fallback
[2025-08-02 17:53:18] [DEBUG] Main loop: Key received, calling HandleInput
[2025-08-02 17:53:18] [DEBUG] HandleInput: Key pressed: Q (Char: 'q') EditingIndex: 4
[2025-08-02 17:53:18] [DEBUG] HandleInput: In editing mode, delegating to HandleEditingInput
[2025-08-02 17:53:18] [DEBUG] Console not available, using Read-Host fallback
[2025-08-02 17:53:18] [DEBUG] Main loop: Key received, calling HandleInput
[2025-08-02 17:53:18] [DEBUG] HandleInput: Key pressed: Q (Char: 'q') EditingIndex: 4
[2025-08-02 17:53:18] [DEBUG] HandleInput: In editing mode, delegating to HandleEditingInput
[2025-08-02 17:53:18] [DEBUG] Console not available, using Read-Host fallback
[2025-08-02 17:53:18] [DEBUG] Main loop: Key received, calling HandleInput
[2025-08-02 17:53:18] [DEBUG] HandleInput: Key pressed: Q (Char: 'q') EditingIndex: 4
[2025-08-02 17:53:18] [DEBUG] HandleInput: In editing mode, delegating to HandleEditingInput
[2025-08-02 17:53:18] [DEBUG] Console not available, using Read-Host fallback
[2025-08-02 17:53:18] [DEBUG] Main loop: Key received, calling HandleInput
[2025-08-02 17:53:18] [DEBUG] HandleInput: Key pressed: Q (Char: 'q') EditingIndex: 4
[2025-08-02 17:53:18] [DEBUG] HandleInput: In editing mode, delegating to HandleEditingInput
[2025-08-02 17:53:18] [DEBUG] Console not available, using Read-Host fallback
[2025-08-02 17:53:18] [DEBUG] Main loop: Key received, calling HandleInput
[2025-08-02 17:53:18] [DEBUG] HandleInput: Key pressed: Q (Char: 'q') EditingIndex: 4
[2025-08-02 17:53:18] [DEBUG] HandleInput: In editing mode, delegating to HandleEditingInput
[2025-08-02 17:53:18] [DEBUG] Console not available, using Read-Host fallback
[2025-08-02 17:53:18] [DEBUG] Main loop: Key received, calling HandleInput
[2025-08-02 17:53:18] [DEBUG] HandleInput: Key pressed: Q (Char: 'q') EditingIndex: 4
[2025-08-02 17:53:18] [DEBUG] HandleInput: In editing mode, delegating to HandleEditingInput
[2025-08-02 17:53:18] [DEBUG] Console not available, using Read-Host fallback
[2025-08-02 17:53:18] [DEBUG] Main loop: Key received, calling HandleInput
[2025-08-02 17:53:18] [DEBUG] HandleInput: Key pressed: Q (Char: 'q') EditingIndex: 4
[2025-08-02 17:53:18] [DEBUG] HandleInput: In editing mode, delegating to HandleEditingInput
[2025-08-02 17:53:18] [DEBUG] Console not available, using Read-Host fallback
[2025-08-02 17:53:18] [DEBUG] Main loop: Key received, calling HandleInput
[2025-08-02 17:53:18] [DEBUG] HandleInput: Key pressed: Q (Char: 'q') EditingIndex: 4
[2025-08-02 17:53:18] [DEBUG] HandleInput: In editing mode, delegating to HandleEditingInput
[2025-08-02 17:53:18] [DEBUG] Console not available, using Read-Host fallback
[2025-08-02 17:53:18] [DEBUG] Main loop: Key received, calling HandleInput
[2025-08-02 17:53:18] [DEBUG] HandleInput: Key pressed: Q (Char: 'q') EditingIndex: 4
[2025-08-02 17:53:18] [DEBUG] HandleInput: In editing mode, delegating to HandleEditingInput
[2025-08-02 17:53:18] [DEBUG] Console not available, using Read-Host fallback
[2025-08-02 17:53:18] [DEBUG] Main loop: Key received, calling HandleInput
[2025-08-02 17:53:18] [DEBUG] HandleInput: Key pressed: Q (Char: 'q') EditingIndex: 4
[2025-08-02 17:53:18] [DEBUG] HandleInput: In editing mode, delegating to HandleEditingInput
[2025-08-02 17:53:18] [DEBUG] Console not available, using Read-Host fallback
[2025-08-02 17:53:18] [DEBUG] Main loop: Key received, calling HandleInput
[2025-08-02 17:53:18] [DEBUG] HandleInput: Key pressed: Q (Char: 'q') EditingIndex: 4
[2025-08-02 17:53:18] [DEBUG] HandleInput: In editing mode, delegating to HandleEditingInput
[2025-08-02 17:53:18] [DEBUG] Console not available, using Read-Host fallback
[2025-08-02 17:53:18] [DEBUG] Main loop: Key received, calling HandleInput
[2025-08-02 17:53:18] [DEBUG] HandleInput: Key pressed: Q (Char: 'q') EditingIndex: 4
[2025-08-02 17:53:18] [DEBUG] HandleInput: In editing mode, delegating to HandleEditingInput
[2025-08-02 17:53:18] [DEBUG] Console not available, using Read-Host fallback
[2025-08-02 17:53:18] [DEBUG] Main loop: Key received, calling HandleInput
[2025-08-02 17:53:18] [DEBUG] HandleInput: Key pressed: Q (Char: 'q') EditingIndex: 4
[2025-08-02 17:53:18] [DEBUG] HandleInput: In editing mode, delegating to HandleEditingInput
[2025-08-02 17:53:18] [DEBUG] Console not available, using Read-Host fallback
[2025-08-02 17:53:18] [DEBUG] Main loop: Key received, calling HandleInput
[2025-08-02 17:53:18] [DEBUG] HandleInput: Key pressed: Q (Char: 'q') EditingIndex: 4
[2025-08-02 17:53:18] [DEBUG] HandleInput: In editing mode, delegating to HandleEditingInput
[2025-08-02 17:53:18] [DEBUG] Console not available, using Read-Host fallback
[2025-08-02 17:53:18] [DEBUG] Main loop: Key received, calling HandleInput
[2025-08-02 17:53:18] [DEBUG] HandleInput: Key pressed: Q (Char: 'q') EditingIndex: 4
[2025-08-02 17:53:18] [DEBUG] HandleInput: In editing mode, delegating to HandleEditingInput
[2025-08-02 17:53:18] [DEBUG] Console not available, using Read-Host fallback
[2025-08-02 17:53:18] [DEBUG] Main loop: Key received, calling HandleInput
[2025-08-02 17:53:18] [DEBUG] HandleInput: Key pressed: Q (Char: 'q') EditingIndex: 4
[2025-08-02 17:53:18] [DEBUG] HandleInput: In editing mode, delegating to HandleEditingInput
[2025-08-02 17:53:18] [DEBUG] Console not available, using Read-Host fallback
[2025-08-02 17:53:18] [DEBUG] Main loop: Key received, calling HandleInput
[2025-08-02 17:53:18] [DEBUG] HandleInput: Key pressed: Q (Char: 'q') EditingIndex: 4
[2025-08-02 17:53:18] [DEBUG] HandleInput: In editing mode, delegating to HandleEditingInput
[2025-08-02 17:53:18] [DEBUG] Console not available, using Read-Host fallback
[2025-08-02 17:53:18] [DEBUG] Main loop: Key received, calling HandleInput
[2025-08-02 17:53:18] [DEBUG] HandleInput: Key pressed: Q (Char: 'q') EditingIndex: 4
[2025-08-02 17:53:18] [DEBUG] HandleInput: In editing mode, delegating to HandleEditingInput
[2025-08-02 17:53:18] [DEBUG] Console not available, using Read-Host fallback
[2025-08-02 17:53:18] [DEBUG] Main loop: Key received, calling HandleInput
[2025-08-02 17:53:18] [DEBUG] HandleInput: Key pressed: Q (Char: 'q') EditingIndex: 4
[2025-08-02 17:53:18] [DEBUG] HandleInput: In editing mode, delegating to HandleEditingInput
[2025-08-02 17:53:18] [DEBUG] Console not available, using Read-Host fallback
[2025-08-02 17:53:18] [DEBUG] Main loop: Key received, calling HandleInput
[2025-08-02 17:53:18] [DEBUG] HandleInput: Key pressed: Q (Char: 'q') EditingIndex: 4
[2025-08-02 17:53:18] [DEBUG] HandleInput: In editing mode, delegating to HandleEditingInput
[2025-08-02 17:53:18] [DEBUG] Console not available, using Read-Host fallback
[2025-08-02 17:53:18] [DEBUG] Main loop: Key received, calling HandleInput
[2025-08-02 17:53:18] [DEBUG] HandleInput: Key pressed: Q (Char: 'q') EditingIndex: 4
[2025-08-02 17:53:18] [DEBUG] HandleInput: In editing mode, delegating to HandleEditingInput
[2025-08-02 17:53:18] [DEBUG] Console not available, using Read-Host fallback
[2025-08-02 17:53:18] [DEBUG] Main loop: Key received, calling HandleInput
[2025-08-02 17:53:18] [DEBUG] HandleInput: Key pressed: Q (Char: 'q') EditingIndex: 4
[2025-08-02 17:53:18] [DEBUG] HandleInput: In editing mode, delegating to HandleEditingInput
[2025-08-02 17:53:18] [DEBUG] Console not available, using Read-Host fallback
[2025-08-02 17:53:18] [DEBUG] Main loop: Key received, calling HandleInput
[2025-08-02 17:53:18] [DEBUG] HandleInput: Key pressed: Q (Char: 'q') EditingIndex: 4
[2025-08-02 17:53:19] [DEBUG] HandleInput: In editing mode, delegating to HandleEditingInput
[2025-08-02 17:53:19] [DEBUG] Console not available, using Read-Host fallback
[2025-08-02 17:53:19] [DEBUG] Main loop: Key received, calling HandleInput
[2025-08-02 17:53:19] [DEBUG] HandleInput: Key pressed: Q (Char: 'q') EditingIndex: 4
[2025-08-02 17:53:19] [DEBUG] HandleInput: In editing mode, delegating to HandleEditingInput
[2025-08-02 17:53:19] [DEBUG] Console not available, using Read-Host fallback
[2025-08-02 17:53:19] [DEBUG] Main loop: Key received, calling HandleInput
[2025-08-02 17:53:19] [DEBUG] HandleInput: Key pressed: Q (Char: 'q') EditingIndex: 4
[2025-08-02 17:53:19] [DEBUG] HandleInput: In editing mode, delegating to HandleEditingInput
[2025-08-02 17:53:19] [DEBUG] Console not available, using Read-Host fallback
[2025-08-02 17:53:19] [DEBUG] Main loop: Key received, calling HandleInput
[2025-08-02 17:53:19] [DEBUG] HandleInput: Key pressed: Q (Char: 'q') EditingIndex: 4
[2025-08-02 17:53:19] [DEBUG] HandleInput: In editing mode, delegating to HandleEditingInput
[2025-08-02 17:53:19] [DEBUG] Console not available, using Read-Host fallback
[2025-08-02 17:53:19] [DEBUG] Main loop: Key received, calling HandleInput
[2025-08-02 17:53:19] [DEBUG] HandleInput: Key pressed: Q (Char: 'q') EditingIndex: 4
[2025-08-02 17:53:19] [DEBUG] HandleInput: In editing mode, delegating to HandleEditingInput
[2025-08-02 17:53:19] [DEBUG] Console not available, using Read-Host fallback
[2025-08-02 17:53:19] [DEBUG] Main loop: Key received, calling HandleInput
[2025-08-02 17:53:19] [DEBUG] HandleInput: Key pressed: Q (Char: 'q') EditingIndex: 4
[2025-08-02 17:53:19] [DEBUG] HandleInput: In editing mode, delegating to HandleEditingInput
[2025-08-02 17:53:19] [DEBUG] Console not available, using Read-Host fallback
[2025-08-02 17:53:19] [DEBUG] Main loop: Key received, calling HandleInput
[2025-08-02 17:53:19] [DEBUG] HandleInput: Key pressed: Q (Char: 'q') EditingIndex: 4
[2025-08-02 17:53:19] [DEBUG] HandleInput: In editing mode, delegating to HandleEditingInput
[2025-08-02 17:53:19] [DEBUG] Console not available, using Read-Host fallback
[2025-08-02 17:53:19] [DEBUG] Main loop: Key received, calling HandleInput
[2025-08-02 17:53:19] [DEBUG] HandleInput: Key pressed: Q (Char: 'q') EditingIndex: 4
[2025-08-02 17:53:19] [DEBUG] HandleInput: In editing mode, delegating to HandleEditingInput
[2025-08-02 17:53:19] [DEBUG] Console not available, using Read-Host fallback
[2025-08-02 17:53:19] [DEBUG] Main loop: Key received, calling HandleInput
[2025-08-02 17:53:19] [DEBUG] HandleInput: Key pressed: Q (Char: 'q') EditingIndex: 4
[2025-08-02 17:53:19] [DEBUG] HandleInput: In editing mode, delegating to HandleEditingInput
[2025-08-02 17:53:19] [DEBUG] Console not available, using Read-Host fallback
[2025-08-02 17:53:19] [DEBUG] Main loop: Key received, calling HandleInput
[2025-08-02 17:53:19] [DEBUG] HandleInput: Key pressed: Q (Char: 'q') EditingIndex: 4
[2025-08-02 17:53:19] [DEBUG] HandleInput: In editing mode, delegating to HandleEditingInput
[2025-08-02 17:53:19] [DEBUG] Console not available, using Read-Host fallback
[2025-08-02 17:53:19] [DEBUG] Main loop: Key received, calling HandleInput
[2025-08-02 17:53:19] [DEBUG] HandleInput: Key pressed: Q (Char: 'q') EditingIndex: 4
[2025-08-02 17:53:19] [DEBUG] HandleInput: In editing mode, delegating to HandleEditingInput
[2025-08-02 17:53:19] [DEBUG] Console not available, using Read-Host fallback
[2025-08-02 17:53:19] [DEBUG] Main loop: Key received, calling HandleInput
[2025-08-02 17:53:19] [DEBUG] HandleInput: Key pressed: Q (Char: 'q') EditingIndex: 4
[2025-08-02 17:53:19] [DEBUG] HandleInput: In editing mode, delegating to HandleEditingInput
[2025-08-02 17:53:19] [DEBUG] Console not available, using Read-Host fallback
[2025-08-02 17:53:19] [DEBUG] Main loop: Key received, calling HandleInput
[2025-08-02 17:53:19] [DEBUG] HandleInput: Key pressed: Q (Char: 'q') EditingIndex: 4
[2025-08-02 17:53:19] [DEBUG] HandleInput: In editing mode, delegating to HandleEditingInput
[2025-08-02 17:53:19] [DEBUG] Console not available, using Read-Host fallback
[2025-08-02 17:53:19] [DEBUG] Main loop: Key received, calling HandleInput
[2025-08-02 17:53:19] [DEBUG] HandleInput: Key pressed: Q (Char: 'q') EditingIndex: 4
[2025-08-02 17:53:19] [DEBUG] HandleInput: In editing mode, delegating to HandleEditingInput
[2025-08-02 17:53:19] [DEBUG] Console not available, using Read-Host fallback
[2025-08-02 17:53:19] [DEBUG] Main loop: Key received, calling HandleInput
[2025-08-02 17:53:19] [DEBUG] HandleInput: Key pressed: Q (Char: 'q') EditingIndex: 4
[2025-08-02 17:53:19] [DEBUG] HandleInput: In editing mode, delegating to HandleEditingInput
[2025-08-02 17:53:19] [DEBUG] Console not available, using Read-Host fallback
[2025-08-02 17:53:19] [DEBUG] Main loop: Key received, calling HandleInput
[2025-08-02 17:53:19] [DEBUG] HandleInput: Key pressed: Q (Char: 'q') EditingIndex: 4
[2025-08-02 17:53:19] [DEBUG] HandleInput: In editing mode, delegating to HandleEditingInput
[2025-08-02 17:53:19] [DEBUG] Console not available, using Read-Host fallback
[2025-08-02 17:53:19] [DEBUG] Main loop: Key received, calling HandleInput
[2025-08-02 17:53:19] [DEBUG] HandleInput: Key pressed: Q (Char: 'q') EditingIndex: 4
[2025-08-02 17:53:19] [DEBUG] HandleInput: In editing mode, delegating to HandleEditingInput
[2025-08-02 17:53:19] [DEBUG] Console not available, using Read-Host fallback
[2025-08-02 17:53:19] [DEBUG] Main loop: Key received, calling HandleInput
[2025-08-02 17:53:19] [DEBUG] HandleInput: Key pressed: Q (Char: 'q') EditingIndex: 4
[2025-08-02 17:53:19] [DEBUG] HandleInput: In editing mode, delegating to HandleEditingInput
[2025-08-02 17:53:19] [DEBUG] Console not available, using Read-Host fallback
[2025-08-02 17:53:19] [DEBUG] Main loop: Key received, calling HandleInput
[2025-08-02 17:53:19] [DEBUG] HandleInput: Key pressed: Q (Char: 'q') EditingIndex: 4
[2025-08-02 17:53:19] [DEBUG] HandleInput: In editing mode, delegating to HandleEditingInput
[2025-08-02 17:53:19] [DEBUG] Console not available, using Read-Host fallback
[2025-08-02 17:53:19] [DEBUG] Main loop: Key received, calling HandleInput
[2025-08-02 17:53:19] [DEBUG] HandleInput: Key pressed: Q (Char: 'q') EditingIndex: 4
[2025-08-02 17:53:19] [DEBUG] HandleInput: In editing mode, delegating to HandleEditingInput
[2025-08-02 17:53:19] [DEBUG] Console not available, using Read-Host fallback
[2025-08-02 17:53:19] [DEBUG] Main loop: Key received, calling HandleInput
[2025-08-02 17:53:19] [DEBUG] HandleInput: Key pressed: Q (Char: 'q') EditingIndex: 4
[2025-08-02 17:53:19] [DEBUG] HandleInput: In editing mode, delegating to HandleEditingInput
[2025-08-02 17:53:19] [DEBUG] Console not available, using Read-Host fallback
[2025-08-02 17:53:19] [DEBUG] Main loop: Key received, calling HandleInput
[2025-08-02 17:53:19] [DEBUG] HandleInput: Key pressed: Q (Char: 'q') EditingIndex: 4
[2025-08-02 17:53:19] [DEBUG] HandleInput: In editing mode, delegating to HandleEditingInput
[2025-08-02 17:53:19] [DEBUG] Console not available, using Read-Host fallback
[2025-08-02 17:53:19] [DEBUG] Main loop: Key received, calling HandleInput
[2025-08-02 17:53:19] [DEBUG] HandleInput: Key pressed: Q (Char: 'q') EditingIndex: 4
[2025-08-02 17:53:19] [DEBUG] HandleInput: In editing mode, delegating to HandleEditingInput
[2025-08-02 17:53:19] [DEBUG] Console not available, using Read-Host fallback
[2025-08-02 17:53:19] [DEBUG] Main loop: Key received, calling HandleInput
[2025-08-02 17:53:19] [DEBUG] HandleInput: Key pressed: Q (Char: 'q') EditingIndex: 4
[2025-08-02 17:53:19] [DEBUG] HandleInput: In editing mode, delegating to HandleEditingInput
[2025-08-02 17:53:19] [DEBUG] Console not available, using Read-Host fallback
[2025-08-02 17:53:19] [DEBUG] Main loop: Key received, calling HandleInput
[2025-08-02 17:53:19] [DEBUG] HandleInput: Key pressed: Q (Char: 'q') EditingIndex: 4
[2025-08-02 17:53:19] [DEBUG] HandleInput: In editing mode, delegating to HandleEditingInput
[2025-08-02 17:53:19] [DEBUG] Console not available, using Read-Host fallback
[2025-08-02 17:53:19] [DEBUG] Main loop: Key received, calling HandleInput
[2025-08-02 17:53:19] [DEBUG] HandleInput: Key pressed: Q (Char: 'q') EditingIndex: 4
[2025-08-02 17:53:19] [DEBUG] HandleInput: In editing mode, delegating to HandleEditingInput
[2025-08-02 17:53:20] [DEBUG] Console not available, using Read-Host fallback
[2025-08-02 17:53:20] [DEBUG] Main loop: Key received, calling HandleInput
[2025-08-02 17:53:20] [DEBUG] HandleInput: Key pressed: Q (Char: 'q') EditingIndex: 4
[2025-08-02 17:53:20] [DEBUG] HandleInput: In editing mode, delegating to HandleEditingInput
[2025-08-02 17:53:20] [DEBUG] Console not available, using Read-Host fallback
[2025-08-02 17:53:20] [DEBUG] Main loop: Key received, calling HandleInput
[2025-08-02 17:53:20] [DEBUG] HandleInput: Key pressed: Q (Char: 'q') EditingIndex: 4
[2025-08-02 17:53:20] [DEBUG] HandleInput: In editing mode, delegating to HandleEditingInput
[2025-08-02 17:53:20] [DEBUG] Console not available, using Read-Host fallback
[2025-08-02 17:53:20] [DEBUG] Main loop: Key received, calling HandleInput
[2025-08-02 17:53:20] [DEBUG] HandleInput: Key pressed: Q (Char: 'q') EditingIndex: 4
[2025-08-02 17:53:20] [DEBUG] HandleInput: In editing mode, delegating to HandleEditingInput
[2025-08-02 17:53:20] [DEBUG] Console not available, using Read-Host fallback
[2025-08-02 17:53:20] [DEBUG] Main loop: Key received, calling HandleInput
[2025-08-02 17:53:20] [DEBUG] HandleInput: Key pressed: Q (Char: 'q') EditingIndex: 4
[2025-08-02 17:53:20] [DEBUG] HandleInput: In editing mode, delegating to HandleEditingInput
[2025-08-02 17:53:20] [DEBUG] Console not available, using Read-Host fallback
[2025-08-02 17:53:20] [DEBUG] Main loop: Key received, calling HandleInput
[2025-08-02 17:53:20] [DEBUG] HandleInput: Key pressed: Q (Char: 'q') EditingIndex: 4
[2025-08-02 17:53:20] [DEBUG] HandleInput: In editing mode, delegating to HandleEditingInput
[2025-08-02 17:53:20] [DEBUG] Console not available, using Read-Host fallback
[2025-08-02 17:53:20] [DEBUG] Main loop: Key received, calling HandleInput
[2025-08-02 17:53:20] [DEBUG] HandleInput: Key pressed: Q (Char: 'q') EditingIndex: 4
[2025-08-02 17:53:20] [DEBUG] HandleInput: In editing mode, delegating to HandleEditingInput
[2025-08-02 17:53:20] [DEBUG] Console not available, using Read-Host fallback
[2025-08-02 17:53:20] [DEBUG] Main loop: Key received, calling HandleInput
[2025-08-02 17:53:20] [DEBUG] HandleInput: Key pressed: Q (Char: 'q') EditingIndex: 4
[2025-08-02 17:53:20] [DEBUG] HandleInput: In editing mode, delegating to HandleEditingInput
[2025-08-02 17:53:20] [DEBUG] Console not available, using Read-Host fallback
[2025-08-02 17:53:20] [DEBUG] Main loop: Key received, calling HandleInput
[2025-08-02 17:53:20] [DEBUG] HandleInput: Key pressed: Q (Char: 'q') EditingIndex: 4
[2025-08-02 17:53:20] [DEBUG] HandleInput: In editing mode, delegating to HandleEditingInput
[2025-08-02 17:53:20] [DEBUG] Console not available, using Read-Host fallback
[2025-08-02 17:53:20] [DEBUG] Main loop: Key received, calling HandleInput
[2025-08-02 17:53:20] [DEBUG] HandleInput: Key pressed: Q (Char: 'q') EditingIndex: 4
[2025-08-02 17:53:20] [DEBUG] HandleInput: In editing mode, delegating to HandleEditingInput
[2025-08-02 17:53:20] [DEBUG] Console not available, using Read-Host fallback
[2025-08-02 17:53:20] [DEBUG] Main loop: Key received, calling HandleInput
[2025-08-02 17:53:20] [DEBUG] HandleInput: Key pressed: Q (Char: 'q') EditingIndex: 4
[2025-08-02 17:53:20] [DEBUG] HandleInput: In editing mode, delegating to HandleEditingInput
[2025-08-02 17:53:20] [DEBUG] Console not available, using Read-Host fallback
[2025-08-02 17:53:20] [DEBUG] Main loop: Key received, calling HandleInput
[2025-08-02 17:53:20] [DEBUG] HandleInput: Key pressed: Q (Char: 'q') EditingIndex: 4
[2025-08-02 17:53:20] [DEBUG] HandleInput: In editing mode, delegating to HandleEditingInput
[2025-08-02 17:53:20] [DEBUG] Console not available, using Read-Host fallback
[2025-08-02 17:53:20] [DEBUG] Main loop: Key received, calling HandleInput
[2025-08-02 17:53:20] [DEBUG] HandleInput: Key pressed: Q (Char: 'q') EditingIndex: 4
[2025-08-02 17:53:20] [DEBUG] HandleInput: In editing mode, delegating to HandleEditingInput
[2025-08-02 17:53:20] [DEBUG] Console not available, using Read-Host fallback
[2025-08-02 17:53:20] [DEBUG] Main loop: Key received, calling HandleInput
[2025-08-02 17:53:20] [DEBUG] HandleInput: Key pressed: Q (Char: 'q') EditingIndex: 4
[2025-08-02 17:53:20] [DEBUG] HandleInput: In editing mode, delegating to HandleEditingInput
[2025-08-02 17:53:20] [DEBUG] Console not available, using Read-Host fallback
[2025-08-02 17:53:20] [DEBUG] Main loop: Key received, calling HandleInput
[2025-08-02 17:53:20] [DEBUG] HandleInput: Key pressed: Q (Char: 'q') EditingIndex: 4
[2025-08-02 17:53:20] [DEBUG] HandleInput: In editing mode, delegating to HandleEditingInput
[2025-08-02 17:53:20] [DEBUG] Console not available, using Read-Host fallback
[2025-08-02 17:53:20] [DEBUG] Main loop: Key received, calling HandleInput
[2025-08-02 17:53:20] [DEBUG] HandleInput: Key pressed: Q (Char: 'q') EditingIndex: 4
[2025-08-02 17:53:20] [DEBUG] HandleInput: In editing mode, delegating to HandleEditingInput
[2025-08-02 17:53:20] [DEBUG] Console not available, using Read-Host fallback
[2025-08-02 17:53:20] [DEBUG] Main loop: Key received, calling HandleInput
[2025-08-02 17:53:20] [DEBUG] HandleInput: Key pressed: Q (Char: 'q') EditingIndex: 4
[2025-08-02 17:53:20] [DEBUG] HandleInput: In editing mode, delegating to HandleEditingInput
[2025-08-02 17:53:20] [DEBUG] Console not available, using Read-Host fallback
[2025-08-02 17:53:20] [DEBUG] Main loop: Key received, calling HandleInput
[2025-08-02 17:53:20] [DEBUG] HandleInput: Key pressed: Q (Char: 'q') EditingIndex: 4
[2025-08-02 17:53:20] [DEBUG] HandleInput: In editing mode, delegating to HandleEditingInput
[2025-08-02 17:53:20] [DEBUG] Console not available, using Read-Host fallback
[2025-08-02 17:53:20] [DEBUG] Main loop: Key received, calling HandleInput
[2025-08-02 17:53:20] [DEBUG] HandleInput: Key pressed: Q (Char: 'q') EditingIndex: 4
[2025-08-02 17:53:20] [DEBUG] HandleInput: In editing mode, delegating to HandleEditingInput
[2025-08-02 17:53:20] [DEBUG] Console not available, using Read-Host fallback
[2025-08-02 17:53:20] [DEBUG] Main loop: Key received, calling HandleInput
[2025-08-02 17:53:20] [DEBUG] HandleInput: Key pressed: Q (Char: 'q') EditingIndex: 4
[2025-08-02 17:53:20] [DEBUG] HandleInput: In editing mode, delegating to HandleEditingInput
[2025-08-02 17:53:20] [DEBUG] Console not available, using Read-Host fallback
[2025-08-02 17:53:20] [DEBUG] Main loop: Key received, calling HandleInput
[2025-08-02 17:53:20] [DEBUG] HandleInput: Key pressed: Q (Char: 'q') EditingIndex: 4
[2025-08-02 17:53:20] [DEBUG] HandleInput: In editing mode, delegating to HandleEditingInput
[2025-08-02 17:53:20] [DEBUG] Console not available, using Read-Host fallback
[2025-08-02 17:53:20] [DEBUG] Main loop: Key received, calling HandleInput
[2025-08-02 17:53:20] [DEBUG] HandleInput: Key pressed: Q (Char: 'q') EditingIndex: 4
[2025-08-02 17:53:20] [DEBUG] HandleInput: In editing mode, delegating to HandleEditingInput
[2025-08-02 17:53:20] [DEBUG] Console not available, using Read-Host fallback
[2025-08-02 17:53:20] [DEBUG] Main loop: Key received, calling HandleInput
[2025-08-02 17:53:20] [DEBUG] HandleInput: Key pressed: Q (Char: 'q') EditingIndex: 4
[2025-08-02 17:53:20] [DEBUG] HandleInput: In editing mode, delegating to HandleEditingInput
[2025-08-02 17:53:20] [DEBUG] Console not available, using Read-Host fallback
[2025-08-02 17:53:20] [DEBUG] Main loop: Key received, calling HandleInput
[2025-08-02 17:53:20] [DEBUG] HandleInput: Key pressed: Q (Char: 'q') EditingIndex: 4
[2025-08-02 17:53:20] [DEBUG] HandleInput: In editing mode, delegating to HandleEditingInput
[2025-08-02 17:53:20] [DEBUG] Console not available, using Read-Host fallback
[2025-08-02 17:53:20] [DEBUG] Main loop: Key received, calling HandleInput
[2025-08-02 17:53:20] [DEBUG] HandleInput: Key pressed: Q (Char: 'q') EditingIndex: 4
[2025-08-02 17:53:20] [DEBUG] HandleInput: In editing mode, delegating to HandleEditingInput
[2025-08-02 17:53:20] [DEBUG] Console not available, using Read-Host fallback
[2025-08-02 17:53:20] [DEBUG] Main loop: Key received, calling HandleInput
[2025-08-02 17:53:20] [DEBUG] HandleInput: Key pressed: Q (Char: 'q') EditingIndex: 4
[2025-08-02 17:53:20] [DEBUG] HandleInput: In editing mode, delegating to HandleEditingInput
[2025-08-02 17:53:21] [DEBUG] Console not available, using Read-Host fallback
[2025-08-02 17:53:21] [DEBUG] Main loop: Key received, calling HandleInput
[2025-08-02 17:53:21] [DEBUG] HandleInput: Key pressed: Q (Char: 'q') EditingIndex: 4
[2025-08-02 17:53:21] [DEBUG] HandleInput: In editing mode, delegating to HandleEditingInput
[2025-08-02 17:53:21] [DEBUG] Console not available, using Read-Host fallback
[2025-08-02 17:53:21] [DEBUG] Main loop: Key received, calling HandleInput
[2025-08-02 17:53:21] [DEBUG] HandleInput: Key pressed: Q (Char: 'q') EditingIndex: 4
[2025-08-02 17:53:21] [DEBUG] HandleInput: In editing mode, delegating to HandleEditingInput
[2025-08-02 17:53:21] [DEBUG] Console not available, using Read-Host fallback
[2025-08-02 17:53:21] [DEBUG] Main loop: Key received, calling HandleInput
[2025-08-02 17:53:21] [DEBUG] HandleInput: Key pressed: Q (Char: 'q') EditingIndex: 4
[2025-08-02 17:53:21] [DEBUG] HandleInput: In editing mode, delegating to HandleEditingInput
[2025-08-02 17:53:21] [DEBUG] Console not available, using Read-Host fallback
[2025-08-02 17:53:21] [DEBUG] Main loop: Key received, calling HandleInput
[2025-08-02 17:53:21] [DEBUG] HandleInput: Key pressed: Q (Char: 'q') EditingIndex: 4
[2025-08-02 17:53:21] [DEBUG] HandleInput: In editing mode, delegating to HandleEditingInput
[2025-08-02 17:53:21] [DEBUG] Console not available, using Read-Host fallback
[2025-08-02 17:53:21] [DEBUG] Main loop: Key received, calling HandleInput
[2025-08-02 17:53:21] [DEBUG] HandleInput: Key pressed: Q (Char: 'q') EditingIndex: 4
[2025-08-02 17:53:21] [DEBUG] HandleInput: In editing mode, delegating to HandleEditingInput
[2025-08-02 17:53:21] [DEBUG] Console not available, using Read-Host fallback
[2025-08-02 17:53:21] [DEBUG] Main loop: Key received, calling HandleInput
[2025-08-02 17:53:21] [DEBUG] HandleInput: Key pressed: Q (Char: 'q') EditingIndex: 4
[2025-08-02 17:53:21] [DEBUG] HandleInput: In editing mode, delegating to HandleEditingInput
[2025-08-02 17:53:21] [DEBUG] Console not available, using Read-Host fallback
[2025-08-02 17:53:21] [DEBUG] Main loop: Key received, calling HandleInput
[2025-08-02 17:53:21] [DEBUG] HandleInput: Key pressed: Q (Char: 'q') EditingIndex: 4
[2025-08-02 17:53:21] [DEBUG] HandleInput: In editing mode, delegating to HandleEditingInput
[2025-08-02 17:53:21] [DEBUG] Console not available, using Read-Host fallback
[2025-08-02 17:53:21] [DEBUG] Main loop: Key received, calling HandleInput
[2025-08-02 17:53:21] [DEBUG] HandleInput: Key pressed: Q (Char: 'q') EditingIndex: 4
[2025-08-02 17:53:21] [DEBUG] HandleInput: In editing mode, delegating to HandleEditingInput
[2025-08-02 17:53:21] [DEBUG] Console not available, using Read-Host fallback
[2025-08-02 17:53:21] [DEBUG] Main loop: Key received, calling HandleInput
[2025-08-02 17:53:21] [DEBUG] HandleInput: Key pressed: Q (Char: 'q') EditingIndex: 4
[2025-08-02 17:53:21] [DEBUG] HandleInput: In editing mode, delegating to HandleEditingInput
[2025-08-02 17:53:21] [DEBUG] Console not available, using Read-Host fallback
[2025-08-02 17:53:21] [DEBUG] Main loop: Key received, calling HandleInput
[2025-08-02 17:53:21] [DEBUG] HandleInput: Key pressed: Q (Char: 'q') EditingIndex: 4
[2025-08-02 17:53:21] [DEBUG] HandleInput: In editing mode, delegating to HandleEditingInput
[2025-08-02 17:53:21] [DEBUG] Console not available, using Read-Host fallback
[2025-08-02 17:53:21] [DEBUG] Main loop: Key received, calling HandleInput
[2025-08-02 17:53:21] [DEBUG] HandleInput: Key pressed: Q (Char: 'q') EditingIndex: 4
[2025-08-02 17:53:21] [DEBUG] HandleInput: In editing mode, delegating to HandleEditingInput
[2025-08-02 17:53:21] [DEBUG] Console not available, using Read-Host fallback
[2025-08-02 17:53:21] [DEBUG] Main loop: Key received, calling HandleInput
[2025-08-02 17:53:21] [DEBUG] HandleInput: Key pressed: Q (Char: 'q') EditingIndex: 4
[2025-08-02 17:53:21] [DEBUG] HandleInput: In editing mode, delegating to HandleEditingInput
[2025-08-02 17:53:21] [DEBUG] Console not available, using Read-Host fallback
[2025-08-02 17:53:21] [DEBUG] Main loop: Key received, calling HandleInput
[2025-08-02 17:53:21] [DEBUG] HandleInput: Key pressed: Q (Char: 'q') EditingIndex: 4
[2025-08-02 17:53:21] [DEBUG] HandleInput: In editing mode, delegating to HandleEditingInput
[2025-08-02 17:53:21] [DEBUG] Console not available, using Read-Host fallback
[2025-08-02 17:53:21] [DEBUG] Main loop: Key received, calling HandleInput
[2025-08-02 17:53:21] [DEBUG] HandleInput: Key pressed: Q (Char: 'q') EditingIndex: 4
[2025-08-02 17:53:21] [DEBUG] HandleInput: In editing mode, delegating to HandleEditingInput
[2025-08-02 17:53:21] [DEBUG] Console not available, using Read-Host fallback
[2025-08-02 17:53:21] [DEBUG] Main loop: Key received, calling HandleInput
[2025-08-02 17:53:21] [DEBUG] HandleInput: Key pressed: Q (Char: 'q') EditingIndex: 4
[2025-08-02 17:53:21] [DEBUG] HandleInput: In editing mode, delegating to HandleEditingInput
[2025-08-02 17:53:21] [DEBUG] Console not available, using Read-Host fallback
[2025-08-02 17:53:21] [DEBUG] Main loop: Key received, calling HandleInput
[2025-08-02 17:53:21] [DEBUG] HandleInput: Key pressed: Q (Char: 'q') EditingIndex: 4
[2025-08-02 17:53:21] [DEBUG] HandleInput: In editing mode, delegating to HandleEditingInput
[2025-08-02 17:53:21] [DEBUG] Console not available, using Read-Host fallback
[2025-08-02 17:53:21] [DEBUG] Main loop: Key received, calling HandleInput
[2025-08-02 17:53:21] [DEBUG] HandleInput: Key pressed: Q (Char: 'q') EditingIndex: 4
[2025-08-02 17:53:21] [DEBUG] HandleInput: In editing mode, delegating to HandleEditingInput
[2025-08-02 17:53:21] [DEBUG] Console not available, using Read-Host fallback
[2025-08-02 17:53:21] [DEBUG] Main loop: Key received, calling HandleInput
[2025-08-02 17:53:21] [DEBUG] HandleInput: Key pressed: Q (Char: 'q') EditingIndex: 4
[2025-08-02 17:53:21] [DEBUG] HandleInput: In editing mode, delegating to HandleEditingInput
[2025-08-02 17:53:21] [DEBUG] Console not available, using Read-Host fallback
[2025-08-02 17:53:21] [DEBUG] Main loop: Key received, calling HandleInput
[2025-08-02 17:53:21] [DEBUG] HandleInput: Key pressed: Q (Char: 'q') EditingIndex: 4
[2025-08-02 17:53:21] [DEBUG] HandleInput: In editing mode, delegating to HandleEditingInput
[2025-08-02 17:53:21] [DEBUG] Console not available, using Read-Host fallback
[2025-08-02 17:53:21] [DEBUG] Main loop: Key received, calling HandleInput
[2025-08-02 17:53:21] [DEBUG] HandleInput: Key pressed: Q (Char: 'q') EditingIndex: 4
[2025-08-02 17:53:21] [DEBUG] HandleInput: In editing mode, delegating to HandleEditingInput
[2025-08-02 17:53:21] [DEBUG] Console not available, using Read-Host fallback
[2025-08-02 17:53:21] [DEBUG] Main loop: Key received, calling HandleInput
[2025-08-02 17:53:21] [DEBUG] HandleInput: Key pressed: Q (Char: 'q') EditingIndex: 4
[2025-08-02 17:53:21] [DEBUG] HandleInput: In editing mode, delegating to HandleEditingInput
[2025-08-02 17:53:21] [DEBUG] Console not available, using Read-Host fallback
[2025-08-02 17:53:21] [DEBUG] Main loop: Key received, calling HandleInput
[2025-08-02 17:53:21] [DEBUG] HandleInput: Key pressed: Q (Char: 'q') EditingIndex: 4
[2025-08-02 17:53:21] [DEBUG] HandleInput: In editing mode, delegating to HandleEditingInput
[2025-08-02 17:53:21] [DEBUG] Console not available, using Read-Host fallback
[2025-08-02 17:53:21] [DEBUG] Main loop: Key received, calling HandleInput
[2025-08-02 17:53:21] [DEBUG] HandleInput: Key pressed: Q (Char: 'q') EditingIndex: 4
[2025-08-02 17:53:21] [DEBUG] HandleInput: In editing mode, delegating to HandleEditingInput
[2025-08-02 17:53:21] [DEBUG] Console not available, using Read-Host fallback
[2025-08-02 17:53:21] [DEBUG] Main loop: Key received, calling HandleInput
[2025-08-02 17:53:21] [DEBUG] HandleInput: Key pressed: Q (Char: 'q') EditingIndex: 4
[2025-08-02 17:53:21] [DEBUG] HandleInput: In editing mode, delegating to HandleEditingInput
[2025-08-02 17:53:22] [DEBUG] Console not available, using Read-Host fallback
[2025-08-02 17:53:22] [DEBUG] Main loop: Key received, calling HandleInput
[2025-08-02 17:53:22] [DEBUG] HandleInput: Key pressed: Q (Char: 'q') EditingIndex: 4
[2025-08-02 17:53:22] [DEBUG] HandleInput: In editing mode, delegating to HandleEditingInput
[2025-08-02 17:53:22] [DEBUG] Console not available, using Read-Host fallback
[2025-08-02 17:53:22] [DEBUG] Main loop: Key received, calling HandleInput
[2025-08-02 17:53:22] [DEBUG] HandleInput: Key pressed: Q (Char: 'q') EditingIndex: 4
[2025-08-02 17:53:22] [DEBUG] HandleInput: In editing mode, delegating to HandleEditingInput
[2025-08-02 17:53:22] [DEBUG] Console not available, using Read-Host fallback
[2025-08-02 17:53:22] [DEBUG] Main loop: Key received, calling HandleInput
[2025-08-02 17:53:22] [DEBUG] HandleInput: Key pressed: Q (Char: 'q') EditingIndex: 4
[2025-08-02 17:53:22] [DEBUG] HandleInput: In editing mode, delegating to HandleEditingInput
[2025-08-02 17:53:22] [DEBUG] Console not available, using Read-Host fallback
[2025-08-02 17:53:22] [DEBUG] Main loop: Key received, calling HandleInput
[2025-08-02 17:53:22] [DEBUG] HandleInput: Key pressed: Q (Char: 'q') EditingIndex: 4
[2025-08-02 17:53:22] [DEBUG] HandleInput: In editing mode, delegating to HandleEditingInput
[2025-08-02 17:53:22] [DEBUG] Console not available, using Read-Host fallback
[2025-08-02 17:53:22] [DEBUG] Main loop: Key received, calling HandleInput
[2025-08-02 17:53:22] [DEBUG] HandleInput: Key pressed: Q (Char: 'q') EditingIndex: 4
[2025-08-02 17:53:22] [DEBUG] HandleInput: In editing mode, delegating to HandleEditingInput
[2025-08-02 17:53:22] [DEBUG] Console not available, using Read-Host fallback
[2025-08-02 17:53:22] [DEBUG] Main loop: Key received, calling HandleInput
[2025-08-02 17:53:22] [DEBUG] HandleInput: Key pressed: Q (Char: 'q') EditingIndex: 4
[2025-08-02 17:53:22] [DEBUG] HandleInput: In editing mode, delegating to HandleEditingInput
[2025-08-02 17:53:22] [DEBUG] Console not available, using Read-Host fallback
[2025-08-02 17:53:22] [DEBUG] Main loop: Key received, calling HandleInput
[2025-08-02 17:53:22] [DEBUG] HandleInput: Key pressed: Q (Char: 'q') EditingIndex: 4
[2025-08-02 17:53:22] [DEBUG] HandleInput: In editing mode, delegating to HandleEditingInput
[2025-08-02 17:53:22] [DEBUG] Console not available, using Read-Host fallback
[2025-08-02 17:53:22] [DEBUG] Main loop: Key received, calling HandleInput
[2025-08-02 17:53:22] [DEBUG] HandleInput: Key pressed: Q (Char: 'q') EditingIndex: 4
[2025-08-02 17:53:22] [DEBUG] HandleInput: In editing mode, delegating to HandleEditingInput
[2025-08-02 17:53:22] [DEBUG] Console not available, using Read-Host fallback
[2025-08-02 17:53:22] [DEBUG] Main loop: Key received, calling HandleInput
[2025-08-02 17:53:22] [DEBUG] HandleInput: Key pressed: Q (Char: 'q') EditingIndex: 4
[2025-08-02 17:53:22] [DEBUG] HandleInput: In editing mode, delegating to HandleEditingInput
[2025-08-02 17:53:22] [DEBUG] Console not available, using Read-Host fallback
[2025-08-02 17:53:22] [DEBUG] Main loop: Key received, calling HandleInput
[2025-08-02 17:53:22] [DEBUG] HandleInput: Key pressed: Q (Char: 'q') EditingIndex: 4
[2025-08-02 17:53:22] [DEBUG] HandleInput: In editing mode, delegating to HandleEditingInput
[2025-08-02 17:53:22] [DEBUG] Console not available, using Read-Host fallback
[2025-08-02 17:53:22] [DEBUG] Main loop: Key received, calling HandleInput
[2025-08-02 17:53:22] [DEBUG] HandleInput: Key pressed: Q (Char: 'q') EditingIndex: 4
[2025-08-02 17:53:22] [DEBUG] HandleInput: In editing mode, delegating to HandleEditingInput
[2025-08-02 17:53:22] [DEBUG] Console not available, using Read-Host fallback
[2025-08-02 17:53:22] [DEBUG] Main loop: Key received, calling HandleInput
[2025-08-02 17:53:22] [DEBUG] HandleInput: Key pressed: Q (Char: 'q') EditingIndex: 4
[2025-08-02 17:53:22] [DEBUG] HandleInput: In editing mode, delegating to HandleEditingInput
[2025-08-02 17:53:22] [DEBUG] Console not available, using Read-Host fallback
[2025-08-02 17:53:22] [DEBUG] Main loop: Key received, calling HandleInput
[2025-08-02 17:53:22] [DEBUG] HandleInput: Key pressed: Q (Char: 'q') EditingIndex: 4
[2025-08-02 17:53:22] [DEBUG] HandleInput: In editing mode, delegating to HandleEditingInput
[2025-08-02 17:53:22] [DEBUG] Console not available, using Read-Host fallback
[2025-08-02 17:53:22] [DEBUG] Main loop: Key received, calling HandleInput
[2025-08-02 17:53:22] [DEBUG] HandleInput: Key pressed: Q (Char: 'q') EditingIndex: 4
[2025-08-02 17:53:22] [DEBUG] HandleInput: In editing mode, delegating to HandleEditingInput
[2025-08-02 17:53:22] [DEBUG] Console not available, using Read-Host fallback
[2025-08-02 17:53:22] [DEBUG] Main loop: Key received, calling HandleInput
[2025-08-02 17:53:22] [DEBUG] HandleInput: Key pressed: Q (Char: 'q') EditingIndex: 4
[2025-08-02 17:53:22] [DEBUG] HandleInput: In editing mode, delegating to HandleEditingInput
[2025-08-02 17:53:22] [DEBUG] Console not available, using Read-Host fallback
[2025-08-02 17:53:22] [DEBUG] Main loop: Key received, calling HandleInput
[2025-08-02 17:53:22] [DEBUG] HandleInput: Key pressed: Q (Char: 'q') EditingIndex: 4
[2025-08-02 17:53:22] [DEBUG] HandleInput: In editing mode, delegating to HandleEditingInput
[2025-08-02 17:53:22] [DEBUG] Console not available, using Read-Host fallback
[2025-08-02 17:53:22] [DEBUG] Main loop: Key received, calling HandleInput
[2025-08-02 17:53:22] [DEBUG] HandleInput: Key pressed: Q (Char: 'q') EditingIndex: 4
[2025-08-02 17:53:22] [DEBUG] HandleInput: In editing mode, delegating to HandleEditingInput
[2025-08-02 17:53:22] [DEBUG] Console not available, using Read-Host fallback
[2025-08-02 17:53:22] [DEBUG] Main loop: Key received, calling HandleInput
[2025-08-02 17:53:22] [DEBUG] HandleInput: Key pressed: Q (Char: 'q') EditingIndex: 4
[2025-08-02 17:53:22] [DEBUG] HandleInput: In editing mode, delegating to HandleEditingInput
[2025-08-02 17:53:22] [DEBUG] Console not available, using Read-Host fallback
[2025-08-02 17:53:22] [DEBUG] Main loop: Key received, calling HandleInput
[2025-08-02 17:53:22] [DEBUG] HandleInput: Key pressed: Q (Char: 'q') EditingIndex: 4
[2025-08-02 17:53:22] [DEBUG] HandleInput: In editing mode, delegating to HandleEditingInput
[2025-08-02 17:53:22] [DEBUG] Console not available, using Read-Host fallback
[2025-08-02 17:53:22] [DEBUG] Main loop: Key received, calling HandleInput
[2025-08-02 17:53:22] [DEBUG] HandleInput: Key pressed: Q (Char: 'q') EditingIndex: 4
[2025-08-02 17:53:22] [DEBUG] HandleInput: In editing mode, delegating to HandleEditingInput
[2025-08-02 17:53:22] [DEBUG] Console not available, using Read-Host fallback
[2025-08-02 17:53:22] [DEBUG] Main loop: Key received, calling HandleInput
[2025-08-02 17:53:22] [DEBUG] HandleInput: Key pressed: Q (Char: 'q') EditingIndex: 4
[2025-08-02 17:53:22] [DEBUG] HandleInput: In editing mode, delegating to HandleEditingInput
[2025-08-02 17:53:22] [DEBUG] Console not available, using Read-Host fallback
[2025-08-02 17:53:22] [DEBUG] Main loop: Key received, calling HandleInput
[2025-08-02 17:53:22] [DEBUG] HandleInput: Key pressed: Q (Char: 'q') EditingIndex: 4
[2025-08-02 17:53:22] [DEBUG] HandleInput: In editing mode, delegating to HandleEditingInput
[2025-08-02 17:53:22] [DEBUG] Console not available, using Read-Host fallback
[2025-08-02 17:53:22] [DEBUG] Main loop: Key received, calling HandleInput
[2025-08-02 17:53:22] [DEBUG] HandleInput: Key pressed: Q (Char: 'q') EditingIndex: 4
[2025-08-02 17:53:22] [DEBUG] HandleInput: In editing mode, delegating to HandleEditingInput
[2025-08-02 17:53:22] [DEBUG] Console not available, using Read-Host fallback
[2025-08-02 17:53:22] [DEBUG] Main loop: Key received, calling HandleInput
[2025-08-02 17:53:22] [DEBUG] HandleInput: Key pressed: Q (Char: 'q') EditingIndex: 4
[2025-08-02 17:53:22] [DEBUG] HandleInput: In editing mode, delegating to HandleEditingInput
[2025-08-02 17:53:22] [DEBUG] Console not available, using Read-Host fallback
[2025-08-02 17:53:22] [DEBUG] Main loop: Key received, calling HandleInput
[2025-08-02 17:53:22] [DEBUG] HandleInput: Key pressed: Q (Char: 'q') EditingIndex: 4
[2025-08-02 17:53:22] [DEBUG] HandleInput: In editing mode, delegating to HandleEditingInput
[2025-08-02 17:53:23] [DEBUG] Console not available, using Read-Host fallback
[2025-08-02 17:53:23] [DEBUG] Main loop: Key received, calling HandleInput
[2025-08-02 17:53:23] [DEBUG] HandleInput: Key pressed: Q (Char: 'q') EditingIndex: 4
[2025-08-02 17:53:23] [DEBUG] HandleInput: In editing mode, delegating to HandleEditingInput
[2025-08-02 17:53:23] [DEBUG] Console not available, using Read-Host fallback
[2025-08-02 17:53:23] [DEBUG] Main loop: Key received, calling HandleInput
[2025-08-02 17:53:23] [DEBUG] HandleInput: Key pressed: Q (Char: 'q') EditingIndex: 4
[2025-08-02 17:53:23] [DEBUG] HandleInput: In editing mode, delegating to HandleEditingInput
[2025-08-02 17:53:23] [DEBUG] Console not available, using Read-Host fallback
[2025-08-02 17:53:23] [DEBUG] Main loop: Key received, calling HandleInput
[2025-08-02 17:53:23] [DEBUG] HandleInput: Key pressed: Q (Char: 'q') EditingIndex: 4
[2025-08-02 17:53:23] [DEBUG] HandleInput: In editing mode, delegating to HandleEditingInput
[2025-08-02 17:53:23] [DEBUG] Console not available, using Read-Host fallback
[2025-08-02 17:53:23] [DEBUG] Main loop: Key received, calling HandleInput
[2025-08-02 17:53:23] [DEBUG] HandleInput: Key pressed: Q (Char: 'q') EditingIndex: 4
[2025-08-02 17:53:23] [DEBUG] HandleInput: In editing mode, delegating to HandleEditingInput
[2025-08-02 17:53:23] [DEBUG] Console not available, using Read-Host fallback
[2025-08-02 17:53:23] [DEBUG] Main loop: Key received, calling HandleInput
[2025-08-02 17:53:23] [DEBUG] HandleInput: Key pressed: Q (Char: 'q') EditingIndex: 4
[2025-08-02 17:53:23] [DEBUG] HandleInput: In editing mode, delegating to HandleEditingInput
[2025-08-02 17:53:23] [DEBUG] Console not available, using Read-Host fallback
[2025-08-02 17:53:23] [DEBUG] Main loop: Key received, calling HandleInput
[2025-08-02 17:53:23] [DEBUG] HandleInput: Key pressed: Q (Char: 'q') EditingIndex: 4
[2025-08-02 17:53:23] [DEBUG] HandleInput: In editing mode, delegating to HandleEditingInput
[2025-08-02 17:53:23] [DEBUG] Console not available, using Read-Host fallback
[2025-08-02 17:53:23] [DEBUG] Main loop: Key received, calling HandleInput
[2025-08-02 17:53:23] [DEBUG] HandleInput: Key pressed: Q (Char: 'q') EditingIndex: 4
[2025-08-02 17:53:23] [DEBUG] HandleInput: In editing mode, delegating to HandleEditingInput
[2025-08-02 17:53:23] [DEBUG] Console not available, using Read-Host fallback
[2025-08-02 17:53:23] [DEBUG] Main loop: Key received, calling HandleInput
[2025-08-02 17:53:23] [DEBUG] HandleInput: Key pressed: Q (Char: 'q') EditingIndex: 4
[2025-08-02 17:53:23] [DEBUG] HandleInput: In editing mode, delegating to HandleEditingInput
[2025-08-02 17:53:23] [DEBUG] Console not available, using Read-Host fallback
[2025-08-02 17:53:23] [DEBUG] Main loop: Key received, calling HandleInput
[2025-08-02 17:53:23] [DEBUG] HandleInput: Key pressed: Q (Char: 'q') EditingIndex: 4
[2025-08-02 17:53:23] [DEBUG] HandleInput: In editing mode, delegating to HandleEditingInput
[2025-08-02 17:53:23] [DEBUG] Console not available, using Read-Host fallback
[2025-08-02 17:53:23] [DEBUG] Main loop: Key received, calling HandleInput
[2025-08-02 17:53:23] [DEBUG] HandleInput: Key pressed: Q (Char: 'q') EditingIndex: 4
[2025-08-02 17:53:23] [DEBUG] HandleInput: In editing mode, delegating to HandleEditingInput
[2025-08-02 17:53:23] [DEBUG] Console not available, using Read-Host fallback
[2025-08-02 17:53:23] [DEBUG] Main loop: Key received, calling HandleInput
[2025-08-02 17:53:23] [DEBUG] HandleInput: Key pressed: Q (Char: 'q') EditingIndex: 4
[2025-08-02 17:53:23] [DEBUG] HandleInput: In editing mode, delegating to HandleEditingInput
[2025-08-02 17:53:23] [DEBUG] Console not available, using Read-Host fallback
[2025-08-02 17:53:23] [DEBUG] Main loop: Key received, calling HandleInput
[2025-08-02 17:53:23] [DEBUG] HandleInput: Key pressed: Q (Char: 'q') EditingIndex: 4
[2025-08-02 17:53:23] [DEBUG] HandleInput: In editing mode, delegating to HandleEditingInput
[2025-08-02 17:53:23] [DEBUG] Console not available, using Read-Host fallback
[2025-08-02 17:53:23] [DEBUG] Main loop: Key received, calling HandleInput
[2025-08-02 17:53:23] [DEBUG] HandleInput: Key pressed: Q (Char: 'q') EditingIndex: 4
[2025-08-02 17:53:23] [DEBUG] HandleInput: In editing mode, delegating to HandleEditingInput
[2025-08-02 17:53:23] [DEBUG] Console not available, using Read-Host fallback
[2025-08-02 17:53:23] [DEBUG] Main loop: Key received, calling HandleInput
[2025-08-02 17:53:23] [DEBUG] HandleInput: Key pressed: Q (Char: 'q') EditingIndex: 4
[2025-08-02 17:53:23] [DEBUG] HandleInput: In editing mode, delegating to HandleEditingInput
[2025-08-02 17:53:23] [DEBUG] Console not available, using Read-Host fallback
[2025-08-02 17:53:23] [DEBUG] Main loop: Key received, calling HandleInput
[2025-08-02 17:53:23] [DEBUG] HandleInput: Key pressed: Q (Char: 'q') EditingIndex: 4
[2025-08-02 17:53:23] [DEBUG] HandleInput: In editing mode, delegating to HandleEditingInput
[2025-08-02 17:53:23] [DEBUG] Console not available, using Read-Host fallback
[2025-08-02 17:53:23] [DEBUG] Main loop: Key received, calling HandleInput
[2025-08-02 17:53:23] [DEBUG] HandleInput: Key pressed: Q (Char: 'q') EditingIndex: 4
[2025-08-02 17:53:23] [DEBUG] HandleInput: In editing mode, delegating to HandleEditingInput
[2025-08-02 17:53:23] [DEBUG] Console not available, using Read-Host fallback
[2025-08-02 17:53:23] [DEBUG] Main loop: Key received, calling HandleInput
[2025-08-02 17:53:23] [DEBUG] HandleInput: Key pressed: Q (Char: 'q') EditingIndex: 4
[2025-08-02 17:53:23] [DEBUG] HandleInput: In editing mode, delegating to HandleEditingInput
[2025-08-02 17:53:23] [DEBUG] Console not available, using Read-Host fallback
[2025-08-02 17:53:23] [DEBUG] Main loop: Key received, calling HandleInput
[2025-08-02 17:53:23] [DEBUG] HandleInput: Key pressed: Q (Char: 'q') EditingIndex: 4
[2025-08-02 17:53:23] [DEBUG] HandleInput: In editing mode, delegating to HandleEditingInput
[2025-08-02 17:53:23] [DEBUG] Console not available, using Read-Host fallback
[2025-08-02 17:53:23] [DEBUG] Main loop: Key received, calling HandleInput
[2025-08-02 17:53:23] [DEBUG] HandleInput: Key pressed: Q (Char: 'q') EditingIndex: 4
[2025-08-02 17:53:23] [DEBUG] HandleInput: In editing mode, delegating to HandleEditingInput
[2025-08-02 17:53:23] [DEBUG] Console not available, using Read-Host fallback
[2025-08-02 17:53:23] [DEBUG] Main loop: Key received, calling HandleInput
[2025-08-02 17:53:23] [DEBUG] HandleInput: Key pressed: Q (Char: 'q') EditingIndex: 4
[2025-08-02 17:53:23] [DEBUG] HandleInput: In editing mode, delegating to HandleEditingInput
[2025-08-02 17:53:23] [DEBUG] Console not available, using Read-Host fallback
[2025-08-02 17:53:23] [DEBUG] Main loop: Key received, calling HandleInput
[2025-08-02 17:53:23] [DEBUG] HandleInput: Key pressed: Q (Char: 'q') EditingIndex: 4
[2025-08-02 17:53:23] [DEBUG] HandleInput: In editing mode, delegating to HandleEditingInput
[2025-08-02 17:53:23] [DEBUG] Console not available, using Read-Host fallback
[2025-08-02 17:53:23] [DEBUG] Main loop: Key received, calling HandleInput
[2025-08-02 17:53:23] [DEBUG] HandleInput: Key pressed: Q (Char: 'q') EditingIndex: 4
[2025-08-02 17:53:23] [DEBUG] HandleInput: In editing mode, delegating to HandleEditingInput
[2025-08-02 17:53:23] [DEBUG] Console not available, using Read-Host fallback
[2025-08-02 17:53:23] [DEBUG] Main loop: Key received, calling HandleInput
[2025-08-02 17:53:23] [DEBUG] HandleInput: Key pressed: Q (Char: 'q') EditingIndex: 4
[2025-08-02 17:53:23] [DEBUG] HandleInput: In editing mode, delegating to HandleEditingInput
[2025-08-02 17:53:23] [DEBUG] Console not available, using Read-Host fallback
[2025-08-02 17:53:23] [DEBUG] Main loop: Key received, calling HandleInput
[2025-08-02 17:53:23] [DEBUG] HandleInput: Key pressed: Q (Char: 'q') EditingIndex: 4
[2025-08-02 17:53:23] [DEBUG] HandleInput: In editing mode, delegating to HandleEditingInput
[2025-08-02 17:53:23] [DEBUG] Console not available, using Read-Host fallback
[2025-08-02 17:53:23] [DEBUG] Main loop: Key received, calling HandleInput
[2025-08-02 17:53:23] [DEBUG] HandleInput: Key pressed: Q (Char: 'q') EditingIndex: 4
[2025-08-02 17:53:23] [DEBUG] HandleInput: In editing mode, delegating to HandleEditingInput
[2025-08-02 17:53:24] [DEBUG] Console not available, using Read-Host fallback
[2025-08-02 17:53:24] [DEBUG] Main loop: Key received, calling HandleInput
[2025-08-02 17:53:24] [DEBUG] HandleInput: Key pressed: Q (Char: 'q') EditingIndex: 4
[2025-08-02 17:53:24] [DEBUG] HandleInput: In editing mode, delegating to HandleEditingInput
[2025-08-02 17:53:24] [DEBUG] Console not available, using Read-Host fallback
[2025-08-02 17:53:24] [DEBUG] Main loop: Key received, calling HandleInput
[2025-08-02 17:53:24] [DEBUG] HandleInput: Key pressed: Q (Char: 'q') EditingIndex: 4
[2025-08-02 17:53:24] [DEBUG] HandleInput: In editing mode, delegating to HandleEditingInput
[2025-08-02 17:53:24] [DEBUG] Console not available, using Read-Host fallback
[2025-08-02 17:53:24] [DEBUG] Main loop: Key received, calling HandleInput
[2025-08-02 17:53:24] [DEBUG] HandleInput: Key pressed: Q (Char: 'q') EditingIndex: 4
[2025-08-02 17:53:24] [DEBUG] HandleInput: In editing mode, delegating to HandleEditingInput
[2025-08-02 17:53:24] [DEBUG] Console not available, using Read-Host fallback
[2025-08-02 17:53:24] [DEBUG] Main loop: Key received, calling HandleInput
[2025-08-02 17:53:24] [DEBUG] HandleInput: Key pressed: Q (Char: 'q') EditingIndex: 4
[2025-08-02 17:53:24] [DEBUG] HandleInput: In editing mode, delegating to HandleEditingInput
[2025-08-02 17:53:24] [DEBUG] Console not available, using Read-Host fallback
[2025-08-02 17:53:24] [DEBUG] Main loop: Key received, calling HandleInput
[2025-08-02 17:53:24] [DEBUG] HandleInput: Key pressed: Q (Char: 'q') EditingIndex: 4
[2025-08-02 17:53:24] [DEBUG] HandleInput: In editing mode, delegating to HandleEditingInput
[2025-08-02 17:53:24] [DEBUG] Console not available, using Read-Host fallback
[2025-08-02 17:53:24] [DEBUG] Main loop: Key received, calling HandleInput
[2025-08-02 17:53:24] [DEBUG] HandleInput: Key pressed: Q (Char: 'q') EditingIndex: 4
[2025-08-02 17:53:24] [DEBUG] HandleInput: In editing mode, delegating to HandleEditingInput
[2025-08-02 17:53:24] [DEBUG] Console not available, using Read-Host fallback
[2025-08-02 17:53:24] [DEBUG] Main loop: Key received, calling HandleInput
[2025-08-02 17:53:24] [DEBUG] HandleInput: Key pressed: Q (Char: 'q') EditingIndex: 4
[2025-08-02 17:53:24] [DEBUG] HandleInput: In editing mode, delegating to HandleEditingInput
[2025-08-02 17:53:24] [DEBUG] Console not available, using Read-Host fallback
[2025-08-02 17:53:24] [DEBUG] Main loop: Key received, calling HandleInput
[2025-08-02 17:53:24] [DEBUG] HandleInput: Key pressed: Q (Char: 'q') EditingIndex: 4
[2025-08-02 17:53:24] [DEBUG] HandleInput: In editing mode, delegating to HandleEditingInput
[2025-08-02 17:53:24] [DEBUG] Console not available, using Read-Host fallback
[2025-08-02 17:53:24] [DEBUG] Main loop: Key received, calling HandleInput
[2025-08-02 17:53:24] [DEBUG] HandleInput: Key pressed: Q (Char: 'q') EditingIndex: 4
[2025-08-02 17:53:24] [DEBUG] HandleInput: In editing mode, delegating to HandleEditingInput
[2025-08-02 17:53:24] [DEBUG] Console not available, using Read-Host fallback
[2025-08-02 17:53:24] [DEBUG] Main loop: Key received, calling HandleInput
[2025-08-02 17:53:24] [DEBUG] HandleInput: Key pressed: Q (Char: 'q') EditingIndex: 4
[2025-08-02 17:53:24] [DEBUG] HandleInput: In editing mode, delegating to HandleEditingInput
[2025-08-02 17:53:24] [DEBUG] Console not available, using Read-Host fallback
[2025-08-02 17:53:24] [DEBUG] Main loop: Key received, calling HandleInput
[2025-08-02 17:53:24] [DEBUG] HandleInput: Key pressed: Q (Char: 'q') EditingIndex: 4
[2025-08-02 17:53:24] [DEBUG] HandleInput: In editing mode, delegating to HandleEditingInput
[2025-08-02 17:53:24] [DEBUG] Console not available, using Read-Host fallback
[2025-08-02 17:53:24] [DEBUG] Main loop: Key received, calling HandleInput
[2025-08-02 17:53:24] [DEBUG] HandleInput: Key pressed: Q (Char: 'q') EditingIndex: 4
[2025-08-02 17:53:24] [DEBUG] HandleInput: In editing mode, delegating to HandleEditingInput
[2025-08-02 17:53:24] [DEBUG] Console not available, using Read-Host fallback
[2025-08-02 17:53:24] [DEBUG] Main loop: Key received, calling HandleInput
[2025-08-02 17:53:24] [DEBUG] HandleInput: Key pressed: Q (Char: 'q') EditingIndex: 4
[2025-08-02 17:53:24] [DEBUG] HandleInput: In editing mode, delegating to HandleEditingInput
[2025-08-02 17:53:24] [DEBUG] Console not available, using Read-Host fallback
[2025-08-02 17:53:24] [DEBUG] Main loop: Key received, calling HandleInput
[2025-08-02 17:53:24] [DEBUG] HandleInput: Key pressed: Q (Char: 'q') EditingIndex: 4
[2025-08-02 17:53:24] [DEBUG] HandleInput: In editing mode, delegating to HandleEditingInput
[2025-08-02 17:53:24] [DEBUG] Console not available, using Read-Host fallback
[2025-08-02 17:53:24] [DEBUG] Main loop: Key received, calling HandleInput
[2025-08-02 17:53:24] [DEBUG] HandleInput: Key pressed: Q (Char: 'q') EditingIndex: 4
[2025-08-02 17:53:24] [DEBUG] HandleInput: In editing mode, delegating to HandleEditingInput
[2025-08-02 17:53:24] [DEBUG] Console not available, using Read-Host fallback
[2025-08-02 17:53:24] [DEBUG] Main loop: Key received, calling HandleInput
[2025-08-02 17:53:24] [DEBUG] HandleInput: Key pressed: Q (Char: 'q') EditingIndex: 4
[2025-08-02 17:53:24] [DEBUG] HandleInput: In editing mode, delegating to HandleEditingInput
[2025-08-02 17:53:24] [DEBUG] Console not available, using Read-Host fallback
[2025-08-02 17:53:24] [DEBUG] Main loop: Key received, calling HandleInput
[2025-08-02 17:53:24] [DEBUG] HandleInput: Key pressed: Q (Char: 'q') EditingIndex: 4
[2025-08-02 17:53:24] [DEBUG] HandleInput: In editing mode, delegating to HandleEditingInput
[2025-08-02 17:53:24] [DEBUG] Console not available, using Read-Host fallback
[2025-08-02 17:53:24] [DEBUG] Main loop: Key received, calling HandleInput
[2025-08-02 17:53:24] [DEBUG] HandleInput: Key pressed: Q (Char: 'q') EditingIndex: 4
[2025-08-02 17:53:24] [DEBUG] HandleInput: In editing mode, delegating to HandleEditingInput
[2025-08-02 17:53:24] [DEBUG] Console not available, using Read-Host fallback
[2025-08-02 17:53:24] [DEBUG] Main loop: Key received, calling HandleInput
[2025-08-02 17:53:24] [DEBUG] HandleInput: Key pressed: Q (Char: 'q') EditingIndex: 4
[2025-08-02 17:53:24] [DEBUG] HandleInput: In editing mode, delegating to HandleEditingInput
[2025-08-02 17:53:24] [DEBUG] Console not available, using Read-Host fallback
[2025-08-02 17:53:24] [DEBUG] Main loop: Key received, calling HandleInput
[2025-08-02 17:53:24] [DEBUG] HandleInput: Key pressed: Q (Char: 'q') EditingIndex: 4
[2025-08-02 17:53:24] [DEBUG] HandleInput: In editing mode, delegating to HandleEditingInput
[2025-08-02 17:53:24] [DEBUG] Console not available, using Read-Host fallback
[2025-08-02 17:53:24] [DEBUG] Main loop: Key received, calling HandleInput
[2025-08-02 17:53:24] [DEBUG] HandleInput: Key pressed: Q (Char: 'q') EditingIndex: 4
[2025-08-02 17:53:24] [DEBUG] HandleInput: In editing mode, delegating to HandleEditingInput
[2025-08-02 17:53:24] [DEBUG] Console not available, using Read-Host fallback
[2025-08-02 17:53:24] [DEBUG] Main loop: Key received, calling HandleInput
[2025-08-02 17:53:24] [DEBUG] HandleInput: Key pressed: Q (Char: 'q') EditingIndex: 4
[2025-08-02 17:53:24] [DEBUG] HandleInput: In editing mode, delegating to HandleEditingInput
[2025-08-02 17:53:24] [DEBUG] Console not available, using Read-Host fallback
[2025-08-02 17:53:24] [DEBUG] Main loop: Key received, calling HandleInput
[2025-08-02 17:53:24] [DEBUG] HandleInput: Key pressed: Q (Char: 'q') EditingIndex: 4
[2025-08-02 17:53:24] [DEBUG] HandleInput: In editing mode, delegating to HandleEditingInput
[2025-08-02 17:53:24] [DEBUG] Console not available, using Read-Host fallback
[2025-08-02 17:53:24] [DEBUG] Main loop: Key received, calling HandleInput
[2025-08-02 17:53:24] [DEBUG] HandleInput: Key pressed: Q (Char: 'q') EditingIndex: 4
[2025-08-02 17:53:24] [DEBUG] HandleInput: In editing mode, delegating to HandleEditingInput
[2025-08-02 17:53:24] [DEBUG] Console not available, using Read-Host fallback
[2025-08-02 17:53:24] [DEBUG] Main loop: Key received, calling HandleInput
[2025-08-02 17:53:24] [DEBUG] HandleInput: Key pressed: Q (Char: 'q') EditingIndex: 4
[2025-08-02 17:53:24] [DEBUG] HandleInput: In editing mode, delegating to HandleEditingInput
[2025-08-02 17:53:25] [DEBUG] Console not available, using Read-Host fallback
[2025-08-02 17:53:25] [DEBUG] Main loop: Key received, calling HandleInput
[2025-08-02 17:53:25] [DEBUG] HandleInput: Key pressed: Q (Char: 'q') EditingIndex: 4
[2025-08-02 17:53:25] [DEBUG] HandleInput: In editing mode, delegating to HandleEditingInput
[2025-08-02 17:53:25] [DEBUG] Console not available, using Read-Host fallback
[2025-08-02 17:53:25] [DEBUG] Main loop: Key received, calling HandleInput
[2025-08-02 17:53:25] [DEBUG] HandleInput: Key pressed: Q (Char: 'q') EditingIndex: 4
[2025-08-02 17:53:25] [DEBUG] HandleInput: In editing mode, delegating to HandleEditingInput
[2025-08-02 17:53:25] [DEBUG] Console not available, using Read-Host fallback
[2025-08-02 17:53:25] [DEBUG] Main loop: Key received, calling HandleInput
[2025-08-02 17:53:25] [DEBUG] HandleInput: Key pressed: Q (Char: 'q') EditingIndex: 4
[2025-08-02 17:53:25] [DEBUG] HandleInput: In editing mode, delegating to HandleEditingInput
[2025-08-02 17:53:25] [DEBUG] Console not available, using Read-Host fallback
[2025-08-02 17:53:25] [DEBUG] Main loop: Key received, calling HandleInput
[2025-08-02 17:53:25] [DEBUG] HandleInput: Key pressed: Q (Char: 'q') EditingIndex: 4
[2025-08-02 17:53:25] [DEBUG] HandleInput: In editing mode, delegating to HandleEditingInput
[2025-08-02 17:53:25] [DEBUG] Console not available, using Read-Host fallback
[2025-08-02 17:53:25] [DEBUG] Main loop: Key received, calling HandleInput
[2025-08-02 17:53:25] [DEBUG] HandleInput: Key pressed: Q (Char: 'q') EditingIndex: 4
[2025-08-02 17:53:25] [DEBUG] HandleInput: In editing mode, delegating to HandleEditingInput
[2025-08-02 17:53:25] [DEBUG] Console not available, using Read-Host fallback
[2025-08-02 17:53:25] [DEBUG] Main loop: Key received, calling HandleInput
[2025-08-02 17:53:25] [DEBUG] HandleInput: Key pressed: Q (Char: 'q') EditingIndex: 4
[2025-08-02 17:53:25] [DEBUG] HandleInput: In editing mode, delegating to HandleEditingInput
[2025-08-02 17:53:25] [DEBUG] Console not available, using Read-Host fallback
[2025-08-02 17:53:25] [DEBUG] Main loop: Key received, calling HandleInput
[2025-08-02 17:53:25] [DEBUG] HandleInput: Key pressed: Q (Char: 'q') EditingIndex: 4
[2025-08-02 17:53:25] [DEBUG] HandleInput: In editing mode, delegating to HandleEditingInput
[2025-08-02 17:53:25] [DEBUG] Console not available, using Read-Host fallback
[2025-08-02 17:53:25] [DEBUG] Main loop: Key received, calling HandleInput
[2025-08-02 17:53:25] [DEBUG] HandleInput: Key pressed: Q (Char: 'q') EditingIndex: 4
[2025-08-02 17:53:25] [DEBUG] HandleInput: In editing mode, delegating to HandleEditingInput
[2025-08-02 17:53:25] [DEBUG] Console not available, using Read-Host fallback
[2025-08-02 17:53:25] [DEBUG] Main loop: Key received, calling HandleInput
[2025-08-02 17:53:25] [DEBUG] HandleInput: Key pressed: Q (Char: 'q') EditingIndex: 4
[2025-08-02 17:53:25] [DEBUG] HandleInput: In editing mode, delegating to HandleEditingInput
[2025-08-02 17:53:25] [DEBUG] Console not available, using Read-Host fallback
[2025-08-02 17:53:25] [DEBUG] Main loop: Key received, calling HandleInput
[2025-08-02 17:53:25] [DEBUG] HandleInput: Key pressed: Q (Char: 'q') EditingIndex: 4
[2025-08-02 17:53:25] [DEBUG] HandleInput: In editing mode, delegating to HandleEditingInput
[2025-08-02 17:53:25] [DEBUG] Console not available, using Read-Host fallback
[2025-08-02 17:53:25] [DEBUG] Main loop: Key received, calling HandleInput
[2025-08-02 17:53:25] [DEBUG] HandleInput: Key pressed: Q (Char: 'q') EditingIndex: 4
[2025-08-02 17:53:25] [DEBUG] HandleInput: In editing mode, delegating to HandleEditingInput
[2025-08-02 17:53:25] [DEBUG] Console not available, using Read-Host fallback
[2025-08-02 17:53:25] [DEBUG] Main loop: Key received, calling HandleInput
[2025-08-02 17:53:25] [DEBUG] HandleInput: Key pressed: Q (Char: 'q') EditingIndex: 4
[2025-08-02 17:53:25] [DEBUG] HandleInput: In editing mode, delegating to HandleEditingInput
[2025-08-02 17:53:25] [DEBUG] Console not available, using Read-Host fallback
[2025-08-02 17:53:25] [DEBUG] Main loop: Key received, calling HandleInput
[2025-08-02 17:53:25] [DEBUG] HandleInput: Key pressed: Q (Char: 'q') EditingIndex: 4
[2025-08-02 17:53:25] [DEBUG] HandleInput: In editing mode, delegating to HandleEditingInput
[2025-08-02 17:53:25] [DEBUG] Console not available, using Read-Host fallback
[2025-08-02 17:53:25] [DEBUG] Main loop: Key received, calling HandleInput
[2025-08-02 17:53:25] [DEBUG] HandleInput: Key pressed: Q (Char: 'q') EditingIndex: 4
[2025-08-02 17:53:25] [DEBUG] HandleInput: In editing mode, delegating to HandleEditingInput
[2025-08-02 17:53:25] [DEBUG] Console not available, using Read-Host fallback
[2025-08-02 17:53:25] [DEBUG] Main loop: Key received, calling HandleInput
[2025-08-02 17:53:25] [DEBUG] HandleInput: Key pressed: Q (Char: 'q') EditingIndex: 4
[2025-08-02 17:53:25] [DEBUG] HandleInput: In editing mode, delegating to HandleEditingInput
[2025-08-02 17:53:25] [DEBUG] Console not available, using Read-Host fallback
[2025-08-02 17:53:25] [DEBUG] Main loop: Key received, calling HandleInput
[2025-08-02 17:53:25] [DEBUG] HandleInput: Key pressed: Q (Char: 'q') EditingIndex: 4
[2025-08-02 17:53:25] [DEBUG] HandleInput: In editing mode, delegating to HandleEditingInput
[2025-08-02 17:53:25] [DEBUG] Console not available, using Read-Host fallback
[2025-08-02 17:53:25] [DEBUG] Main loop: Key received, calling HandleInput
[2025-08-02 17:53:25] [DEBUG] HandleInput: Key pressed: Q (Char: 'q') EditingIndex: 4
[2025-08-02 17:53:25] [DEBUG] HandleInput: In editing mode, delegating to HandleEditingInput
[2025-08-02 17:53:25] [DEBUG] Console not available, using Read-Host fallback
[2025-08-02 17:53:25] [DEBUG] Main loop: Key received, calling HandleInput
[2025-08-02 17:53:25] [DEBUG] HandleInput: Key pressed: Q (Char: 'q') EditingIndex: 4
[2025-08-02 17:53:25] [DEBUG] HandleInput: In editing mode, delegating to HandleEditingInput
[2025-08-02 17:53:25] [DEBUG] Console not available, using Read-Host fallback
[2025-08-02 17:53:25] [DEBUG] Main loop: Key received, calling HandleInput
[2025-08-02 17:53:25] [DEBUG] HandleInput: Key pressed: Q (Char: 'q') EditingIndex: 4
[2025-08-02 17:53:25] [DEBUG] HandleInput: In editing mode, delegating to HandleEditingInput
[2025-08-02 17:53:25] [DEBUG] Console not available, using Read-Host fallback
[2025-08-02 17:53:25] [DEBUG] Main loop: Key received, calling HandleInput
[2025-08-02 17:53:25] [DEBUG] HandleInput: Key pressed: Q (Char: 'q') EditingIndex: 4
[2025-08-02 17:53:25] [DEBUG] HandleInput: In editing mode, delegating to HandleEditingInput
[2025-08-02 17:53:25] [DEBUG] Console not available, using Read-Host fallback
[2025-08-02 17:53:25] [DEBUG] Main loop: Key received, calling HandleInput
[2025-08-02 17:53:25] [DEBUG] HandleInput: Key pressed: Q (Char: 'q') EditingIndex: 4
[2025-08-02 17:53:25] [DEBUG] HandleInput: In editing mode, delegating to HandleEditingInput
[2025-08-02 17:53:25] [DEBUG] Console not available, using Read-Host fallback
[2025-08-02 17:53:25] [DEBUG] Main loop: Key received, calling HandleInput
[2025-08-02 17:53:25] [DEBUG] HandleInput: Key pressed: Q (Char: 'q') EditingIndex: 4
[2025-08-02 17:53:25] [DEBUG] HandleInput: In editing mode, delegating to HandleEditingInput
[2025-08-02 17:53:25] [DEBUG] Console not available, using Read-Host fallback
[2025-08-02 17:53:25] [DEBUG] Main loop: Key received, calling HandleInput
[2025-08-02 17:53:25] [DEBUG] HandleInput: Key pressed: Q (Char: 'q') EditingIndex: 4
[2025-08-02 17:53:25] [DEBUG] HandleInput: In editing mode, delegating to HandleEditingInput
[2025-08-02 17:53:25] [DEBUG] Console not available, using Read-Host fallback
[2025-08-02 17:53:25] [DEBUG] Main loop: Key received, calling HandleInput
[2025-08-02 17:53:25] [DEBUG] HandleInput: Key pressed: Q (Char: 'q') EditingIndex: 4
[2025-08-02 17:53:25] [DEBUG] HandleInput: In editing mode, delegating to HandleEditingInput
[2025-08-02 17:53:25] [DEBUG] Console not available, using Read-Host fallback
[2025-08-02 17:53:25] [DEBUG] Main loop: Key received, calling HandleInput
[2025-08-02 17:53:25] [DEBUG] HandleInput: Key pressed: Q (Char: 'q') EditingIndex: 4
[2025-08-02 17:53:25] [DEBUG] HandleInput: In editing mode, delegating to HandleEditingInput
[2025-08-02 17:53:25] [DEBUG] Console not available, using Read-Host fallback
[2025-08-02 17:53:25] [DEBUG] Main loop: Key received, calling HandleInput
[2025-08-02 17:53:25] [DEBUG] HandleInput: Key pressed: Q (Char: 'q') EditingIndex: 4
[2025-08-02 17:53:25] [DEBUG] HandleInput: In editing mode, delegating to HandleEditingInput
[2025-08-02 17:53:26] [DEBUG] Console not available, using Read-Host fallback
[2025-08-02 17:53:26] [DEBUG] Main loop: Key received, calling HandleInput
[2025-08-02 17:53:26] [DEBUG] HandleInput: Key pressed: Q (Char: 'q') EditingIndex: 4
[2025-08-02 17:53:26] [DEBUG] HandleInput: In editing mode, delegating to HandleEditingInput
[2025-08-02 17:53:26] [DEBUG] Console not available, using Read-Host fallback
[2025-08-02 17:53:26] [DEBUG] Main loop: Key received, calling HandleInput
[2025-08-02 17:53:26] [DEBUG] HandleInput: Key pressed: Q (Char: 'q') EditingIndex: 4
[2025-08-02 17:53:26] [DEBUG] HandleInput: In editing mode, delegating to HandleEditingInput
[2025-08-02 17:53:26] [DEBUG] Console not available, using Read-Host fallback
[2025-08-02 17:53:26] [DEBUG] Main loop: Key received, calling HandleInput
[2025-08-02 17:53:26] [DEBUG] HandleInput: Key pressed: Q (Char: 'q') EditingIndex: 4
[2025-08-02 17:53:26] [DEBUG] HandleInput: In editing mode, delegating to HandleEditingInput
[2025-08-02 17:53:26] [DEBUG] Console not available, using Read-Host fallback
[2025-08-02 17:53:26] [DEBUG] Main loop: Key received, calling HandleInput
[2025-08-02 17:53:26] [DEBUG] HandleInput: Key pressed: Q (Char: 'q') EditingIndex: 4
[2025-08-02 17:53:26] [DEBUG] HandleInput: In editing mode, delegating to HandleEditingInput
[2025-08-02 17:53:26] [DEBUG] Console not available, using Read-Host fallback
[2025-08-02 17:53:26] [DEBUG] Main loop: Key received, calling HandleInput
[2025-08-02 17:53:26] [DEBUG] HandleInput: Key pressed: Q (Char: 'q') EditingIndex: 4
[2025-08-02 17:53:26] [DEBUG] HandleInput: In editing mode, delegating to HandleEditingInput
[2025-08-02 17:53:26] [DEBUG] Console not available, using Read-Host fallback
[2025-08-02 17:53:26] [DEBUG] Main loop: Key received, calling HandleInput
[2025-08-02 17:53:26] [DEBUG] HandleInput: Key pressed: Q (Char: 'q') EditingIndex: 4
[2025-08-02 17:53:26] [DEBUG] HandleInput: In editing mode, delegating to HandleEditingInput
[2025-08-02 17:53:26] [DEBUG] Console not available, using Read-Host fallback
[2025-08-02 17:53:26] [DEBUG] Main loop: Key received, calling HandleInput
[2025-08-02 17:53:26] [DEBUG] HandleInput: Key pressed: Q (Char: 'q') EditingIndex: 4
[2025-08-02 17:53:26] [DEBUG] HandleInput: In editing mode, delegating to HandleEditingInput
[2025-08-02 17:53:26] [DEBUG] Console not available, using Read-Host fallback
[2025-08-02 17:53:26] [DEBUG] Main loop: Key received, calling HandleInput
[2025-08-02 17:53:26] [DEBUG] HandleInput: Key pressed: Q (Char: 'q') EditingIndex: 4
[2025-08-02 17:53:26] [DEBUG] HandleInput: In editing mode, delegating to HandleEditingInput
[2025-08-02 17:53:26] [DEBUG] Console not available, using Read-Host fallback
[2025-08-02 17:53:26] [DEBUG] Main loop: Key received, calling HandleInput
[2025-08-02 17:53:26] [DEBUG] HandleInput: Key pressed: Q (Char: 'q') EditingIndex: 4
[2025-08-02 17:53:26] [DEBUG] HandleInput: In editing mode, delegating to HandleEditingInput
[2025-08-02 17:53:26] [DEBUG] Console not available, using Read-Host fallback
[2025-08-02 17:53:26] [DEBUG] Main loop: Key received, calling HandleInput
[2025-08-02 17:53:26] [DEBUG] HandleInput: Key pressed: Q (Char: 'q') EditingIndex: 4
[2025-08-02 17:53:26] [DEBUG] HandleInput: In editing mode, delegating to HandleEditingInput
[2025-08-02 17:53:26] [DEBUG] Console not available, using Read-Host fallback
[2025-08-02 17:53:26] [DEBUG] Main loop: Key received, calling HandleInput
[2025-08-02 17:53:26] [DEBUG] HandleInput: Key pressed: Q (Char: 'q') EditingIndex: 4
[2025-08-02 17:53:26] [DEBUG] HandleInput: In editing mode, delegating to HandleEditingInput
[2025-08-02 17:53:26] [DEBUG] Console not available, using Read-Host fallback
[2025-08-02 17:53:26] [DEBUG] Main loop: Key received, calling HandleInput
[2025-08-02 17:53:26] [DEBUG] HandleInput: Key pressed: Q (Char: 'q') EditingIndex: 4
[2025-08-02 17:53:26] [DEBUG] HandleInput: In editing mode, delegating to HandleEditingInput
[2025-08-02 17:53:26] [DEBUG] Console not available, using Read-Host fallback
[2025-08-02 17:53:26] [DEBUG] Main loop: Key received, calling HandleInput
[2025-08-02 17:53:26] [DEBUG] HandleInput: Key pressed: Q (Char: 'q') EditingIndex: 4
[2025-08-02 17:53:26] [DEBUG] HandleInput: In editing mode, delegating to HandleEditingInput
[2025-08-02 17:53:26] [DEBUG] Console not available, using Read-Host fallback
[2025-08-02 17:53:26] [DEBUG] Main loop: Key received, calling HandleInput
[2025-08-02 17:53:26] [DEBUG] HandleInput: Key pressed: Q (Char: 'q') EditingIndex: 4
[2025-08-02 17:53:26] [DEBUG] HandleInput: In editing mode, delegating to HandleEditingInput
[2025-08-02 17:53:26] [DEBUG] Console not available, using Read-Host fallback
[2025-08-02 17:53:26] [DEBUG] Main loop: Key received, calling HandleInput
[2025-08-02 17:53:26] [DEBUG] HandleInput: Key pressed: Q (Char: 'q') EditingIndex: 4
[2025-08-02 17:53:26] [DEBUG] HandleInput: In editing mode, delegating to HandleEditingInput
[2025-08-02 17:53:26] [DEBUG] Console not available, using Read-Host fallback
[2025-08-02 17:53:26] [DEBUG] Main loop: Key received, calling HandleInput
[2025-08-02 17:53:26] [DEBUG] HandleInput: Key pressed: Q (Char: 'q') EditingIndex: 4
[2025-08-02 17:53:26] [DEBUG] HandleInput: In editing mode, delegating to HandleEditingInput
[2025-08-02 17:53:26] [DEBUG] Console not available, using Read-Host fallback
[2025-08-02 17:53:26] [DEBUG] Main loop: Key received, calling HandleInput
[2025-08-02 17:53:26] [DEBUG] HandleInput: Key pressed: Q (Char: 'q') EditingIndex: 4
[2025-08-02 17:53:26] [DEBUG] HandleInput: In editing mode, delegating to HandleEditingInput
[2025-08-02 17:53:26] [DEBUG] Console not available, using Read-Host fallback
[2025-08-02 17:53:26] [DEBUG] Main loop: Key received, calling HandleInput
[2025-08-02 17:53:26] [DEBUG] HandleInput: Key pressed: Q (Char: 'q') EditingIndex: 4
[2025-08-02 17:53:26] [DEBUG] HandleInput: In editing mode, delegating to HandleEditingInput
[2025-08-02 17:53:26] [DEBUG] Console not available, using Read-Host fallback
[2025-08-02 17:53:26] [DEBUG] Main loop: Key received, calling HandleInput
[2025-08-02 17:53:26] [DEBUG] HandleInput: Key pressed: Q (Char: 'q') EditingIndex: 4
[2025-08-02 17:53:26] [DEBUG] HandleInput: In editing mode, delegating to HandleEditingInput
[2025-08-02 17:53:26] [DEBUG] Console not available, using Read-Host fallback
[2025-08-02 17:53:26] [DEBUG] Main loop: Key received, calling HandleInput
[2025-08-02 17:53:26] [DEBUG] HandleInput: Key pressed: Q (Char: 'q') EditingIndex: 4
[2025-08-02 17:53:26] [DEBUG] HandleInput: In editing mode, delegating to HandleEditingInput
[2025-08-02 17:53:26] [DEBUG] Console not available, using Read-Host fallback
[2025-08-02 17:53:26] [DEBUG] Main loop: Key received, calling HandleInput
[2025-08-02 17:53:26] [DEBUG] HandleInput: Key pressed: Q (Char: 'q') EditingIndex: 4
[2025-08-02 17:53:26] [DEBUG] HandleInput: In editing mode, delegating to HandleEditingInput
[2025-08-02 17:53:26] [DEBUG] Console not available, using Read-Host fallback
[2025-08-02 17:53:26] [DEBUG] Main loop: Key received, calling HandleInput
[2025-08-02 17:53:26] [DEBUG] HandleInput: Key pressed: Q (Char: 'q') EditingIndex: 4
[2025-08-02 17:53:26] [DEBUG] HandleInput: In editing mode, delegating to HandleEditingInput
[2025-08-02 17:53:26] [DEBUG] Console not available, using Read-Host fallback
[2025-08-02 17:53:26] [DEBUG] Main loop: Key received, calling HandleInput
[2025-08-02 17:53:26] [DEBUG] HandleInput: Key pressed: Q (Char: 'q') EditingIndex: 4
[2025-08-02 17:53:26] [DEBUG] HandleInput: In editing mode, delegating to HandleEditingInput
[2025-08-02 17:53:26] [DEBUG] Console not available, using Read-Host fallback
[2025-08-02 17:53:26] [DEBUG] Main loop: Key received, calling HandleInput
[2025-08-02 17:53:26] [DEBUG] HandleInput: Key pressed: Q (Char: 'q') EditingIndex: 4
[2025-08-02 17:53:26] [DEBUG] HandleInput: In editing mode, delegating to HandleEditingInput
[2025-08-02 17:53:26] [DEBUG] Console not available, using Read-Host fallback
[2025-08-02 17:53:26] [DEBUG] Main loop: Key received, calling HandleInput
[2025-08-02 17:53:26] [DEBUG] HandleInput: Key pressed: Q (Char: 'q') EditingIndex: 4
[2025-08-02 17:53:26] [DEBUG] HandleInput: In editing mode, delegating to HandleEditingInput
[2025-08-02 17:53:26] [DEBUG] Console not available, using Read-Host fallback
[2025-08-02 17:53:26] [DEBUG] Main loop: Key received, calling HandleInput
[2025-08-02 17:53:26] [DEBUG] HandleInput: Key pressed: Q (Char: 'q') EditingIndex: 4
[2025-08-02 17:53:26] [DEBUG] HandleInput: In editing mode, delegating to HandleEditingInput
[2025-08-02 17:53:27] [DEBUG] Console not available, using Read-Host fallback
[2025-08-02 17:53:27] [DEBUG] Main loop: Key received, calling HandleInput
[2025-08-02 17:53:27] [DEBUG] HandleInput: Key pressed: Q (Char: 'q') EditingIndex: 4
[2025-08-02 17:53:27] [DEBUG] HandleInput: In editing mode, delegating to HandleEditingInput
[2025-08-02 17:53:27] [DEBUG] Console not available, using Read-Host fallback
[2025-08-02 17:53:27] [DEBUG] Main loop: Key received, calling HandleInput
[2025-08-02 17:53:27] [DEBUG] HandleInput: Key pressed: Q (Char: 'q') EditingIndex: 4
[2025-08-02 17:53:27] [DEBUG] HandleInput: In editing mode, delegating to HandleEditingInput
[2025-08-02 17:53:27] [DEBUG] Console not available, using Read-Host fallback
[2025-08-02 17:53:27] [DEBUG] Main loop: Key received, calling HandleInput
[2025-08-02 17:53:27] [DEBUG] HandleInput: Key pressed: Q (Char: 'q') EditingIndex: 4
[2025-08-02 17:53:27] [DEBUG] HandleInput: In editing mode, delegating to HandleEditingInput
[2025-08-02 17:53:27] [DEBUG] Console not available, using Read-Host fallback
[2025-08-02 17:53:27] [DEBUG] Main loop: Key received, calling HandleInput
[2025-08-02 17:53:27] [DEBUG] HandleInput: Key pressed: Q (Char: 'q') EditingIndex: 4
[2025-08-02 17:53:27] [DEBUG] HandleInput: In editing mode, delegating to HandleEditingInput
[2025-08-02 17:53:27] [DEBUG] Console not available, using Read-Host fallback
[2025-08-02 17:53:27] [DEBUG] Main loop: Key received, calling HandleInput
[2025-08-02 17:53:27] [DEBUG] HandleInput: Key pressed: Q (Char: 'q') EditingIndex: 4
[2025-08-02 17:53:27] [DEBUG] HandleInput: In editing mode, delegating to HandleEditingInput
[2025-08-02 17:53:27] [DEBUG] Console not available, using Read-Host fallback
[2025-08-02 17:53:27] [DEBUG] Main loop: Key received, calling HandleInput
[2025-08-02 17:53:27] [DEBUG] HandleInput: Key pressed: Q (Char: 'q') EditingIndex: 4
[2025-08-02 17:53:27] [DEBUG] HandleInput: In editing mode, delegating to HandleEditingInput
[2025-08-02 17:53:27] [DEBUG] Console not available, using Read-Host fallback
[2025-08-02 17:53:27] [DEBUG] Main loop: Key received, calling HandleInput
[2025-08-02 17:53:27] [DEBUG] HandleInput: Key pressed: Q (Char: 'q') EditingIndex: 4
[2025-08-02 17:53:27] [DEBUG] HandleInput: In editing mode, delegating to HandleEditingInput
[2025-08-02 17:53:27] [DEBUG] Console not available, using Read-Host fallback
[2025-08-02 17:53:27] [DEBUG] Main loop: Key received, calling HandleInput
[2025-08-02 17:53:27] [DEBUG] HandleInput: Key pressed: Q (Char: 'q') EditingIndex: 4
[2025-08-02 17:53:27] [DEBUG] HandleInput: In editing mode, delegating to HandleEditingInput
[2025-08-02 17:53:27] [DEBUG] Console not available, using Read-Host fallback
[2025-08-02 17:53:27] [DEBUG] Main loop: Key received, calling HandleInput
[2025-08-02 17:53:27] [DEBUG] HandleInput: Key pressed: Q (Char: 'q') EditingIndex: 4
[2025-08-02 17:53:27] [DEBUG] HandleInput: In editing mode, delegating to HandleEditingInput
[2025-08-02 17:53:27] [DEBUG] Console not available, using Read-Host fallback
[2025-08-02 17:53:27] [DEBUG] Main loop: Key received, calling HandleInput
[2025-08-02 17:53:27] [DEBUG] HandleInput: Key pressed: Q (Char: 'q') EditingIndex: 4
[2025-08-02 17:53:27] [DEBUG] HandleInput: In editing mode, delegating to HandleEditingInput
[2025-08-02 17:53:27] [DEBUG] Console not available, using Read-Host fallback
[2025-08-02 17:53:27] [DEBUG] Main loop: Key received, calling HandleInput
[2025-08-02 17:53:27] [DEBUG] HandleInput: Key pressed: Q (Char: 'q') EditingIndex: 4
[2025-08-02 17:53:27] [DEBUG] HandleInput: In editing mode, delegating to HandleEditingInput
[2025-08-02 17:53:27] [DEBUG] Console not available, using Read-Host fallback
[2025-08-02 17:53:27] [DEBUG] Main loop: Key received, calling HandleInput
[2025-08-02 17:53:27] [DEBUG] HandleInput: Key pressed: Q (Char: 'q') EditingIndex: 4
[2025-08-02 17:53:27] [DEBUG] HandleInput: In editing mode, delegating to HandleEditingInput
[2025-08-02 17:53:27] [DEBUG] Console not available, using Read-Host fallback
[2025-08-02 17:53:27] [DEBUG] Main loop: Key received, calling HandleInput
[2025-08-02 17:53:27] [DEBUG] HandleInput: Key pressed: Q (Char: 'q') EditingIndex: 4
[2025-08-02 17:53:27] [DEBUG] HandleInput: In editing mode, delegating to HandleEditingInput
[2025-08-02 17:53:27] [DEBUG] Console not available, using Read-Host fallback
[2025-08-02 17:53:27] [DEBUG] Main loop: Key received, calling HandleInput
[2025-08-02 17:53:27] [DEBUG] HandleInput: Key pressed: Q (Char: 'q') EditingIndex: 4
[2025-08-02 17:53:27] [DEBUG] HandleInput: In editing mode, delegating to HandleEditingInput
[2025-08-02 17:53:27] [DEBUG] Console not available, using Read-Host fallback
[2025-08-02 17:53:27] [DEBUG] Main loop: Key received, calling HandleInput
[2025-08-02 17:53:27] [DEBUG] HandleInput: Key pressed: Q (Char: 'q') EditingIndex: 4
[2025-08-02 17:53:27] [DEBUG] HandleInput: In editing mode, delegating to HandleEditingInput
[2025-08-02 17:53:27] [DEBUG] Console not available, using Read-Host fallback
[2025-08-02 17:53:27] [DEBUG] Main loop: Key received, calling HandleInput
[2025-08-02 17:53:27] [DEBUG] HandleInput: Key pressed: Q (Char: 'q') EditingIndex: 4
[2025-08-02 17:53:27] [DEBUG] HandleInput: In editing mode, delegating to HandleEditingInput
[2025-08-02 17:53:27] [DEBUG] Console not available, using Read-Host fallback
[2025-08-02 17:53:27] [DEBUG] Main loop: Key received, calling HandleInput
[2025-08-02 17:53:27] [DEBUG] HandleInput: Key pressed: Q (Char: 'q') EditingIndex: 4
[2025-08-02 17:53:27] [DEBUG] HandleInput: In editing mode, delegating to HandleEditingInput
[2025-08-02 17:53:27] [DEBUG] Console not available, using Read-Host fallback
[2025-08-02 17:53:27] [DEBUG] Main loop: Key received, calling HandleInput
[2025-08-02 17:53:27] [DEBUG] HandleInput: Key pressed: Q (Char: 'q') EditingIndex: 4
[2025-08-02 17:53:27] [DEBUG] HandleInput: In editing mode, delegating to HandleEditingInput
[2025-08-02 17:53:27] [DEBUG] Console not available, using Read-Host fallback
[2025-08-02 17:53:27] [DEBUG] Main loop: Key received, calling HandleInput
[2025-08-02 17:53:27] [DEBUG] HandleInput: Key pressed: Q (Char: 'q') EditingIndex: 4
[2025-08-02 17:53:27] [DEBUG] HandleInput: In editing mode, delegating to HandleEditingInput
[2025-08-02 17:53:27] [DEBUG] Console not available, using Read-Host fallback
[2025-08-02 17:53:27] [DEBUG] Main loop: Key received, calling HandleInput
[2025-08-02 17:53:27] [DEBUG] HandleInput: Key pressed: Q (Char: 'q') EditingIndex: 4
[2025-08-02 17:53:27] [DEBUG] HandleInput: In editing mode, delegating to HandleEditingInput
[2025-08-02 17:53:27] [DEBUG] Console not available, using Read-Host fallback
[2025-08-02 17:53:27] [DEBUG] Main loop: Key received, calling HandleInput
[2025-08-02 17:53:27] [DEBUG] HandleInput: Key pressed: Q (Char: 'q') EditingIndex: 4
[2025-08-02 17:53:27] [DEBUG] HandleInput: In editing mode, delegating to HandleEditingInput
[2025-08-02 17:53:27] [DEBUG] Console not available, using Read-Host fallback
[2025-08-02 17:53:27] [DEBUG] Main loop: Key received, calling HandleInput
[2025-08-02 17:53:27] [DEBUG] HandleInput: Key pressed: Q (Char: 'q') EditingIndex: 4
[2025-08-02 17:53:27] [DEBUG] HandleInput: In editing mode, delegating to HandleEditingInput
[2025-08-02 17:53:27] [DEBUG] Console not available, using Read-Host fallback
[2025-08-02 17:53:27] [DEBUG] Main loop: Key received, calling HandleInput
[2025-08-02 17:53:27] [DEBUG] HandleInput: Key pressed: Q (Char: 'q') EditingIndex: 4
[2025-08-02 17:53:27] [DEBUG] HandleInput: In editing mode, delegating to HandleEditingInput
[2025-08-02 17:53:27] [DEBUG] Console not available, using Read-Host fallback
[2025-08-02 17:53:27] [DEBUG] Main loop: Key received, calling HandleInput
[2025-08-02 17:53:27] [DEBUG] HandleInput: Key pressed: Q (Char: 'q') EditingIndex: 4
[2025-08-02 17:53:27] [DEBUG] HandleInput: In editing mode, delegating to HandleEditingInput
[2025-08-02 17:53:27] [DEBUG] Console not available, using Read-Host fallback
[2025-08-02 17:53:27] [DEBUG] Main loop: Key received, calling HandleInput
[2025-08-02 17:53:27] [DEBUG] HandleInput: Key pressed: Q (Char: 'q') EditingIndex: 4
[2025-08-02 17:53:27] [DEBUG] HandleInput: In editing mode, delegating to HandleEditingInput
[2025-08-02 17:53:28] [DEBUG] Console not available, using Read-Host fallback
[2025-08-02 17:53:28] [DEBUG] Main loop: Key received, calling HandleInput
[2025-08-02 17:53:28] [DEBUG] HandleInput: Key pressed: Q (Char: 'q') EditingIndex: 4
[2025-08-02 17:53:28] [DEBUG] HandleInput: In editing mode, delegating to HandleEditingInput
[2025-08-02 17:53:28] [DEBUG] Console not available, using Read-Host fallback
[2025-08-02 17:53:28] [DEBUG] Main loop: Key received, calling HandleInput
[2025-08-02 17:53:28] [DEBUG] HandleInput: Key pressed: Q (Char: 'q') EditingIndex: 4
[2025-08-02 17:53:28] [DEBUG] HandleInput: In editing mode, delegating to HandleEditingInput
[2025-08-02 17:53:28] [DEBUG] Console not available, using Read-Host fallback
[2025-08-02 17:53:28] [DEBUG] Main loop: Key received, calling HandleInput
[2025-08-02 17:53:28] [DEBUG] HandleInput: Key pressed: Q (Char: 'q') EditingIndex: 4
[2025-08-02 17:53:28] [DEBUG] HandleInput: In editing mode, delegating to HandleEditingInput
[2025-08-02 17:53:28] [DEBUG] Console not available, using Read-Host fallback
[2025-08-02 17:53:28] [DEBUG] Main loop: Key received, calling HandleInput
[2025-08-02 17:53:28] [DEBUG] HandleInput: Key pressed: Q (Char: 'q') EditingIndex: 4
[2025-08-02 17:53:28] [DEBUG] HandleInput: In editing mode, delegating to HandleEditingInput
[2025-08-02 17:53:28] [DEBUG] Console not available, using Read-Host fallback
[2025-08-02 17:53:28] [DEBUG] Main loop: Key received, calling HandleInput
[2025-08-02 17:53:28] [DEBUG] HandleInput: Key pressed: Q (Char: 'q') EditingIndex: 4
[2025-08-02 17:53:28] [DEBUG] HandleInput: In editing mode, delegating to HandleEditingInput
[2025-08-02 17:53:28] [DEBUG] Console not available, using Read-Host fallback
[2025-08-02 17:53:28] [DEBUG] Main loop: Key received, calling HandleInput
[2025-08-02 17:53:28] [DEBUG] HandleInput: Key pressed: Q (Char: 'q') EditingIndex: 4
[2025-08-02 17:53:28] [DEBUG] HandleInput: In editing mode, delegating to HandleEditingInput
[2025-08-02 17:53:28] [DEBUG] Console not available, using Read-Host fallback
[2025-08-02 17:53:28] [DEBUG] Main loop: Key received, calling HandleInput
[2025-08-02 17:53:28] [DEBUG] HandleInput: Key pressed: Q (Char: 'q') EditingIndex: 4
[2025-08-02 17:53:28] [DEBUG] HandleInput: In editing mode, delegating to HandleEditingInput
[2025-08-02 17:53:28] [DEBUG] Console not available, using Read-Host fallback
[2025-08-02 17:53:28] [DEBUG] Main loop: Key received, calling HandleInput
[2025-08-02 17:53:28] [DEBUG] HandleInput: Key pressed: Q (Char: 'q') EditingIndex: 4
[2025-08-02 17:53:28] [DEBUG] HandleInput: In editing mode, delegating to HandleEditingInput
[2025-08-02 17:53:28] [DEBUG] Console not available, using Read-Host fallback
[2025-08-02 17:53:28] [DEBUG] Main loop: Key received, calling HandleInput
[2025-08-02 17:53:28] [DEBUG] HandleInput: Key pressed: Q (Char: 'q') EditingIndex: 4
[2025-08-02 17:53:28] [DEBUG] HandleInput: In editing mode, delegating to HandleEditingInput
[2025-08-02 17:53:28] [DEBUG] Console not available, using Read-Host fallback
[2025-08-02 17:53:28] [DEBUG] Main loop: Key received, calling HandleInput
[2025-08-02 17:53:28] [DEBUG] HandleInput: Key pressed: Q (Char: 'q') EditingIndex: 4
[2025-08-02 17:53:28] [DEBUG] HandleInput: In editing mode, delegating to HandleEditingInput
[2025-08-02 17:53:28] [DEBUG] Console not available, using Read-Host fallback
[2025-08-02 17:53:28] [DEBUG] Main loop: Key received, calling HandleInput
[2025-08-02 17:53:28] [DEBUG] HandleInput: Key pressed: Q (Char: 'q') EditingIndex: 4
[2025-08-02 17:53:28] [DEBUG] HandleInput: In editing mode, delegating to HandleEditingInput
[2025-08-02 17:53:28] [DEBUG] Console not available, using Read-Host fallback
[2025-08-02 17:53:28] [DEBUG] Main loop: Key received, calling HandleInput
[2025-08-02 17:53:28] [DEBUG] HandleInput: Key pressed: Q (Char: 'q') EditingIndex: 4
[2025-08-02 17:53:28] [DEBUG] HandleInput: In editing mode, delegating to HandleEditingInput
[2025-08-02 17:53:28] [DEBUG] Console not available, using Read-Host fallback
[2025-08-02 17:53:28] [DEBUG] Main loop: Key received, calling HandleInput
[2025-08-02 17:53:28] [DEBUG] HandleInput: Key pressed: Q (Char: 'q') EditingIndex: 4
[2025-08-02 17:53:28] [DEBUG] HandleInput: In editing mode, delegating to HandleEditingInput
[2025-08-02 17:53:28] [DEBUG] Console not available, using Read-Host fallback
[2025-08-02 17:53:28] [DEBUG] Main loop: Key received, calling HandleInput
[2025-08-02 17:53:28] [DEBUG] HandleInput: Key pressed: Q (Char: 'q') EditingIndex: 4
[2025-08-02 17:53:28] [DEBUG] HandleInput: In editing mode, delegating to HandleEditingInput
[2025-08-02 17:53:28] [DEBUG] Console not available, using Read-Host fallback
[2025-08-02 17:53:28] [DEBUG] Main loop: Key received, calling HandleInput
[2025-08-02 17:53:28] [DEBUG] HandleInput: Key pressed: Q (Char: 'q') EditingIndex: 4
[2025-08-02 17:53:28] [DEBUG] HandleInput: In editing mode, delegating to HandleEditingInput
[2025-08-02 17:53:28] [DEBUG] Console not available, using Read-Host fallback
[2025-08-02 17:53:28] [DEBUG] Main loop: Key received, calling HandleInput
[2025-08-02 17:53:28] [DEBUG] HandleInput: Key pressed: Q (Char: 'q') EditingIndex: 4
[2025-08-02 17:53:28] [DEBUG] HandleInput: In editing mode, delegating to HandleEditingInput
[2025-08-02 17:53:28] [DEBUG] Console not available, using Read-Host fallback
[2025-08-02 17:53:28] [DEBUG] Main loop: Key received, calling HandleInput
[2025-08-02 17:53:28] [DEBUG] HandleInput: Key pressed: Q (Char: 'q') EditingIndex: 4
[2025-08-02 17:53:28] [DEBUG] HandleInput: In editing mode, delegating to HandleEditingInput
[2025-08-02 17:53:28] [DEBUG] Console not available, using Read-Host fallback
[2025-08-02 17:53:28] [DEBUG] Main loop: Key received, calling HandleInput
[2025-08-02 17:53:28] [DEBUG] HandleInput: Key pressed: Q (Char: 'q') EditingIndex: 4
[2025-08-02 17:53:28] [DEBUG] HandleInput: In editing mode, delegating to HandleEditingInput
[2025-08-02 17:53:28] [DEBUG] Console not available, using Read-Host fallback
[2025-08-02 17:53:28] [DEBUG] Main loop: Key received, calling HandleInput
[2025-08-02 17:53:28] [DEBUG] HandleInput: Key pressed: Q (Char: 'q') EditingIndex: 4
[2025-08-02 17:53:28] [DEBUG] HandleInput: In editing mode, delegating to HandleEditingInput
[2025-08-02 17:53:28] [DEBUG] Console not available, using Read-Host fallback
[2025-08-02 17:53:28] [DEBUG] Main loop: Key received, calling HandleInput
[2025-08-02 17:53:28] [DEBUG] HandleInput: Key pressed: Q (Char: 'q') EditingIndex: 4
[2025-08-02 17:53:28] [DEBUG] HandleInput: In editing mode, delegating to HandleEditingInput
[2025-08-02 17:53:28] [DEBUG] Console not available, using Read-Host fallback
[2025-08-02 17:53:28] [DEBUG] Main loop: Key received, calling HandleInput
[2025-08-02 17:53:28] [DEBUG] HandleInput: Key pressed: Q (Char: 'q') EditingIndex: 4
[2025-08-02 17:53:28] [DEBUG] HandleInput: In editing mode, delegating to HandleEditingInput
[2025-08-02 17:53:28] [DEBUG] Console not available, using Read-Host fallback
[2025-08-02 17:53:28] [DEBUG] Main loop: Key received, calling HandleInput
[2025-08-02 17:53:28] [DEBUG] HandleInput: Key pressed: Q (Char: 'q') EditingIndex: 4
[2025-08-02 17:53:28] [DEBUG] HandleInput: In editing mode, delegating to HandleEditingInput
[2025-08-02 17:53:28] [DEBUG] Console not available, using Read-Host fallback
[2025-08-02 17:53:28] [DEBUG] Main loop: Key received, calling HandleInput
[2025-08-02 17:53:28] [DEBUG] HandleInput: Key pressed: Q (Char: 'q') EditingIndex: 4
[2025-08-02 17:53:28] [DEBUG] HandleInput: In editing mode, delegating to HandleEditingInput
[2025-08-02 17:53:28] [DEBUG] Console not available, using Read-Host fallback
[2025-08-02 17:53:28] [DEBUG] Main loop: Key received, calling HandleInput
[2025-08-02 17:53:28] [DEBUG] HandleInput: Key pressed: Q (Char: 'q') EditingIndex: 4
[2025-08-02 17:53:28] [DEBUG] HandleInput: In editing mode, delegating to HandleEditingInput
[2025-08-02 17:53:28] [DEBUG] Console not available, using Read-Host fallback
[2025-08-02 17:53:28] [DEBUG] Main loop: Key received, calling HandleInput
[2025-08-02 17:53:28] [DEBUG] HandleInput: Key pressed: Q (Char: 'q') EditingIndex: 4
[2025-08-02 17:53:28] [DEBUG] HandleInput: In editing mode, delegating to HandleEditingInput
[2025-08-02 17:53:28] [DEBUG] Console not available, using Read-Host fallback
[2025-08-02 17:53:28] [DEBUG] Main loop: Key received, calling HandleInput
[2025-08-02 17:53:28] [DEBUG] HandleInput: Key pressed: Q (Char: 'q') EditingIndex: 4
[2025-08-02 17:53:28] [DEBUG] HandleInput: In editing mode, delegating to HandleEditingInput
[2025-08-02 17:53:29] [DEBUG] Console not available, using Read-Host fallback
[2025-08-02 17:53:29] [DEBUG] Main loop: Key received, calling HandleInput
[2025-08-02 17:53:29] [DEBUG] HandleInput: Key pressed: Q (Char: 'q') EditingIndex: 4
[2025-08-02 17:53:29] [DEBUG] HandleInput: In editing mode, delegating to HandleEditingInput
[2025-08-02 17:53:29] [DEBUG] Console not available, using Read-Host fallback
[2025-08-02 17:53:29] [DEBUG] Main loop: Key received, calling HandleInput
[2025-08-02 17:53:29] [DEBUG] HandleInput: Key pressed: Q (Char: 'q') EditingIndex: 4
[2025-08-02 17:53:29] [DEBUG] HandleInput: In editing mode, delegating to HandleEditingInput
[2025-08-02 17:53:29] [DEBUG] Console not available, using Read-Host fallback
[2025-08-02 17:53:29] [DEBUG] Main loop: Key received, calling HandleInput
[2025-08-02 17:53:29] [DEBUG] HandleInput: Key pressed: Q (Char: 'q') EditingIndex: 4
[2025-08-02 17:53:29] [DEBUG] HandleInput: In editing mode, delegating to HandleEditingInput
[2025-08-02 17:53:29] [DEBUG] Console not available, using Read-Host fallback
[2025-08-02 17:53:29] [DEBUG] Main loop: Key received, calling HandleInput
[2025-08-02 17:53:29] [DEBUG] HandleInput: Key pressed: Q (Char: 'q') EditingIndex: 4
[2025-08-02 17:53:29] [DEBUG] HandleInput: In editing mode, delegating to HandleEditingInput
[2025-08-02 17:53:29] [DEBUG] Console not available, using Read-Host fallback
[2025-08-02 17:53:29] [DEBUG] Main loop: Key received, calling HandleInput
[2025-08-02 17:53:29] [DEBUG] HandleInput: Key pressed: Q (Char: 'q') EditingIndex: 4
[2025-08-02 17:53:29] [DEBUG] HandleInput: In editing mode, delegating to HandleEditingInput
[2025-08-02 17:53:29] [DEBUG] Console not available, using Read-Host fallback
[2025-08-02 17:53:29] [DEBUG] Main loop: Key received, calling HandleInput
[2025-08-02 17:53:29] [DEBUG] HandleInput: Key pressed: Q (Char: 'q') EditingIndex: 4
[2025-08-02 17:53:29] [DEBUG] HandleInput: In editing mode, delegating to HandleEditingInput
[2025-08-02 17:53:29] [DEBUG] Console not available, using Read-Host fallback
[2025-08-02 17:53:29] [DEBUG] Main loop: Key received, calling HandleInput
[2025-08-02 17:53:29] [DEBUG] HandleInput: Key pressed: Q (Char: 'q') EditingIndex: 4
[2025-08-02 17:53:29] [DEBUG] HandleInput: In editing mode, delegating to HandleEditingInput
[2025-08-02 17:53:29] [DEBUG] Console not available, using Read-Host fallback
[2025-08-02 17:53:29] [DEBUG] Main loop: Key received, calling HandleInput
[2025-08-02 17:53:29] [DEBUG] HandleInput: Key pressed: Q (Char: 'q') EditingIndex: 4
[2025-08-02 17:53:29] [DEBUG] HandleInput: In editing mode, delegating to HandleEditingInput
[2025-08-02 17:53:29] [DEBUG] Console not available, using Read-Host fallback
[2025-08-02 17:53:29] [DEBUG] Main loop: Key received, calling HandleInput
[2025-08-02 17:53:29] [DEBUG] HandleInput: Key pressed: Q (Char: 'q') EditingIndex: 4
[2025-08-02 17:53:29] [DEBUG] HandleInput: In editing mode, delegating to HandleEditingInput
[2025-08-02 17:53:29] [DEBUG] Console not available, using Read-Host fallback
[2025-08-02 17:53:29] [DEBUG] Main loop: Key received, calling HandleInput
[2025-08-02 17:53:29] [DEBUG] HandleInput: Key pressed: Q (Char: 'q') EditingIndex: 4
[2025-08-02 17:53:29] [DEBUG] HandleInput: In editing mode, delegating to HandleEditingInput
[2025-08-02 17:53:29] [DEBUG] Console not available, using Read-Host fallback
[2025-08-02 17:53:29] [DEBUG] Main loop: Key received, calling HandleInput
[2025-08-02 17:53:29] [DEBUG] HandleInput: Key pressed: Q (Char: 'q') EditingIndex: 4
[2025-08-02 17:53:29] [DEBUG] HandleInput: In editing mode, delegating to HandleEditingInput
[2025-08-02 17:53:29] [DEBUG] Console not available, using Read-Host fallback
[2025-08-02 17:53:29] [DEBUG] Main loop: Key received, calling HandleInput
[2025-08-02 17:53:29] [DEBUG] HandleInput: Key pressed: Q (Char: 'q') EditingIndex: 4
[2025-08-02 17:53:29] [DEBUG] HandleInput: In editing mode, delegating to HandleEditingInput
[2025-08-02 17:53:29] [DEBUG] Console not available, using Read-Host fallback
[2025-08-02 17:53:29] [DEBUG] Main loop: Key received, calling HandleInput
[2025-08-02 17:53:29] [DEBUG] HandleInput: Key pressed: Q (Char: 'q') EditingIndex: 4
[2025-08-02 17:53:29] [DEBUG] HandleInput: In editing mode, delegating to HandleEditingInput
[2025-08-02 17:53:29] [DEBUG] Console not available, using Read-Host fallback
[2025-08-02 17:53:29] [DEBUG] Main loop: Key received, calling HandleInput
[2025-08-02 17:53:29] [DEBUG] HandleInput: Key pressed: Q (Char: 'q') EditingIndex: 4
[2025-08-02 17:53:29] [DEBUG] HandleInput: In editing mode, delegating to HandleEditingInput
[2025-08-02 17:53:29] [DEBUG] Console not available, using Read-Host fallback
[2025-08-02 17:53:29] [DEBUG] Main loop: Key received, calling HandleInput
[2025-08-02 17:53:29] [DEBUG] HandleInput: Key pressed: Q (Char: 'q') EditingIndex: 4
[2025-08-02 17:53:29] [DEBUG] HandleInput: In editing mode, delegating to HandleEditingInput
[2025-08-02 17:53:29] [DEBUG] Console not available, using Read-Host fallback
[2025-08-02 17:53:29] [DEBUG] Main loop: Key received, calling HandleInput
[2025-08-02 17:53:29] [DEBUG] HandleInput: Key pressed: Q (Char: 'q') EditingIndex: 4
[2025-08-02 17:53:29] [DEBUG] HandleInput: In editing mode, delegating to HandleEditingInput
[2025-08-02 17:53:29] [DEBUG] Console not available, using Read-Host fallback
[2025-08-02 17:53:29] [DEBUG] Main loop: Key received, calling HandleInput
[2025-08-02 17:53:29] [DEBUG] HandleInput: Key pressed: Q (Char: 'q') EditingIndex: 4
[2025-08-02 17:53:29] [DEBUG] HandleInput: In editing mode, delegating to HandleEditingInput
[2025-08-02 17:53:29] [DEBUG] Console not available, using Read-Host fallback
[2025-08-02 17:53:29] [DEBUG] Main loop: Key received, calling HandleInput
[2025-08-02 17:53:29] [DEBUG] HandleInput: Key pressed: Q (Char: 'q') EditingIndex: 4
[2025-08-02 17:53:29] [DEBUG] HandleInput: In editing mode, delegating to HandleEditingInput
[2025-08-02 17:53:29] [DEBUG] Console not available, using Read-Host fallback
[2025-08-02 17:53:29] [DEBUG] Main loop: Key received, calling HandleInput
[2025-08-02 17:53:29] [DEBUG] HandleInput: Key pressed: Q (Char: 'q') EditingIndex: 4
[2025-08-02 17:53:29] [DEBUG] HandleInput: In editing mode, delegating to HandleEditingInput
[2025-08-02 17:53:29] [DEBUG] Console not available, using Read-Host fallback
[2025-08-02 17:53:29] [DEBUG] Main loop: Key received, calling HandleInput
[2025-08-02 17:53:29] [DEBUG] HandleInput: Key pressed: Q (Char: 'q') EditingIndex: 4
[2025-08-02 17:53:29] [DEBUG] HandleInput: In editing mode, delegating to HandleEditingInput
[2025-08-02 17:53:29] [DEBUG] Console not available, using Read-Host fallback
[2025-08-02 17:53:29] [DEBUG] Main loop: Key received, calling HandleInput
[2025-08-02 17:53:29] [DEBUG] HandleInput: Key pressed: Q (Char: 'q') EditingIndex: 4
[2025-08-02 17:53:29] [DEBUG] HandleInput: In editing mode, delegating to HandleEditingInput
[2025-08-02 17:53:29] [DEBUG] Console not available, using Read-Host fallback
[2025-08-02 17:53:29] [DEBUG] Main loop: Key received, calling HandleInput
[2025-08-02 17:53:29] [DEBUG] HandleInput: Key pressed: Q (Char: 'q') EditingIndex: 4
[2025-08-02 17:53:29] [DEBUG] HandleInput: In editing mode, delegating to HandleEditingInput
[2025-08-02 17:53:29] [DEBUG] Console not available, using Read-Host fallback
[2025-08-02 17:53:29] [DEBUG] Main loop: Key received, calling HandleInput
[2025-08-02 17:53:29] [DEBUG] HandleInput: Key pressed: Q (Char: 'q') EditingIndex: 4
[2025-08-02 17:53:29] [DEBUG] HandleInput: In editing mode, delegating to HandleEditingInput
[2025-08-02 17:53:29] [DEBUG] Console not available, using Read-Host fallback
[2025-08-02 17:53:29] [DEBUG] Main loop: Key received, calling HandleInput
[2025-08-02 17:53:29] [DEBUG] HandleInput: Key pressed: Q (Char: 'q') EditingIndex: 4
[2025-08-02 17:53:29] [DEBUG] HandleInput: In editing mode, delegating to HandleEditingInput
[2025-08-02 17:53:29] [DEBUG] Console not available, using Read-Host fallback
[2025-08-02 17:53:29] [DEBUG] Main loop: Key received, calling HandleInput
[2025-08-02 17:53:29] [DEBUG] HandleInput: Key pressed: Q (Char: 'q') EditingIndex: 4
[2025-08-02 17:53:29] [DEBUG] HandleInput: In editing mode, delegating to HandleEditingInput
[2025-08-02 17:53:30] [DEBUG] Console not available, using Read-Host fallback
[2025-08-02 17:53:30] [DEBUG] Main loop: Key received, calling HandleInput
[2025-08-02 17:53:30] [DEBUG] HandleInput: Key pressed: Q (Char: 'q') EditingIndex: 4
[2025-08-02 17:53:30] [DEBUG] HandleInput: In editing mode, delegating to HandleEditingInput
[2025-08-02 17:53:30] [DEBUG] Console not available, using Read-Host fallback
[2025-08-02 17:53:30] [DEBUG] Main loop: Key received, calling HandleInput
[2025-08-02 17:53:30] [DEBUG] HandleInput: Key pressed: Q (Char: 'q') EditingIndex: 4
[2025-08-02 17:53:30] [DEBUG] HandleInput: In editing mode, delegating to HandleEditingInput
[2025-08-02 17:53:30] [DEBUG] Console not available, using Read-Host fallback
[2025-08-02 17:53:30] [DEBUG] Main loop: Key received, calling HandleInput
[2025-08-02 17:53:30] [DEBUG] HandleInput: Key pressed: Q (Char: 'q') EditingIndex: 4
[2025-08-02 17:53:30] [DEBUG] HandleInput: In editing mode, delegating to HandleEditingInput
[2025-08-02 17:53:30] [DEBUG] Console not available, using Read-Host fallback
[2025-08-02 17:53:30] [DEBUG] Main loop: Key received, calling HandleInput
[2025-08-02 17:53:30] [DEBUG] HandleInput: Key pressed: Q (Char: 'q') EditingIndex: 4
[2025-08-02 17:53:30] [DEBUG] HandleInput: In editing mode, delegating to HandleEditingInput
[2025-08-02 17:53:30] [DEBUG] Console not available, using Read-Host fallback
[2025-08-02 17:53:30] [DEBUG] Main loop: Key received, calling HandleInput
[2025-08-02 17:53:30] [DEBUG] HandleInput: Key pressed: Q (Char: 'q') EditingIndex: 4
[2025-08-02 17:53:30] [DEBUG] HandleInput: In editing mode, delegating to HandleEditingInput
[2025-08-02 17:53:30] [DEBUG] Console not available, using Read-Host fallback
[2025-08-02 17:53:30] [DEBUG] Main loop: Key received, calling HandleInput
[2025-08-02 17:53:30] [DEBUG] HandleInput: Key pressed: Q (Char: 'q') EditingIndex: 4
[2025-08-02 17:53:30] [DEBUG] HandleInput: In editing mode, delegating to HandleEditingInput
[2025-08-02 17:53:30] [DEBUG] Console not available, using Read-Host fallback
[2025-08-02 17:53:30] [DEBUG] Main loop: Key received, calling HandleInput
[2025-08-02 17:53:30] [DEBUG] HandleInput: Key pressed: Q (Char: 'q') EditingIndex: 4
[2025-08-02 17:53:30] [DEBUG] HandleInput: In editing mode, delegating to HandleEditingInput
[2025-08-02 17:53:30] [DEBUG] Console not available, using Read-Host fallback
[2025-08-02 17:53:30] [DEBUG] Main loop: Key received, calling HandleInput
[2025-08-02 17:53:30] [DEBUG] HandleInput: Key pressed: Q (Char: 'q') EditingIndex: 4
[2025-08-02 17:53:30] [DEBUG] HandleInput: In editing mode, delegating to HandleEditingInput
[2025-08-02 17:53:30] [DEBUG] Console not available, using Read-Host fallback
[2025-08-02 17:53:30] [DEBUG] Main loop: Key received, calling HandleInput
[2025-08-02 17:53:30] [DEBUG] HandleInput: Key pressed: Q (Char: 'q') EditingIndex: 4
[2025-08-02 17:53:30] [DEBUG] HandleInput: In editing mode, delegating to HandleEditingInput
[2025-08-02 17:53:30] [DEBUG] Console not available, using Read-Host fallback
[2025-08-02 17:53:30] [DEBUG] Main loop: Key received, calling HandleInput
[2025-08-02 17:53:30] [DEBUG] HandleInput: Key pressed: Q (Char: 'q') EditingIndex: 4
[2025-08-02 17:53:30] [DEBUG] HandleInput: In editing mode, delegating to HandleEditingInput
[2025-08-02 17:53:30] [DEBUG] Console not available, using Read-Host fallback
[2025-08-02 17:53:30] [DEBUG] Main loop: Key received, calling HandleInput
[2025-08-02 17:53:30] [DEBUG] HandleInput: Key pressed: Q (Char: 'q') EditingIndex: 4
[2025-08-02 17:53:30] [DEBUG] HandleInput: In editing mode, delegating to HandleEditingInput
[2025-08-02 17:53:30] [DEBUG] Console not available, using Read-Host fallback
[2025-08-02 17:53:30] [DEBUG] Main loop: Key received, calling HandleInput
[2025-08-02 17:53:30] [DEBUG] HandleInput: Key pressed: Q (Char: 'q') EditingIndex: 4
[2025-08-02 17:53:30] [DEBUG] HandleInput: In editing mode, delegating to HandleEditingInput
[2025-08-02 17:53:30] [DEBUG] Console not available, using Read-Host fallback
[2025-08-02 17:53:30] [DEBUG] Main loop: Key received, calling HandleInput
[2025-08-02 17:53:30] [DEBUG] HandleInput: Key pressed: Q (Char: 'q') EditingIndex: 4
[2025-08-02 17:53:30] [DEBUG] HandleInput: In editing mode, delegating to HandleEditingInput
[2025-08-02 17:53:30] [DEBUG] Console not available, using Read-Host fallback
[2025-08-02 17:53:30] [DEBUG] Main loop: Key received, calling HandleInput
[2025-08-02 17:53:30] [DEBUG] HandleInput: Key pressed: Q (Char: 'q') EditingIndex: 4
[2025-08-02 17:53:30] [DEBUG] HandleInput: In editing mode, delegating to HandleEditingInput
[2025-08-02 17:53:30] [DEBUG] Console not available, using Read-Host fallback
[2025-08-02 17:53:30] [DEBUG] Main loop: Key received, calling HandleInput
[2025-08-02 17:53:30] [DEBUG] HandleInput: Key pressed: Q (Char: 'q') EditingIndex: 4
[2025-08-02 17:53:30] [DEBUG] HandleInput: In editing mode, delegating to HandleEditingInput
[2025-08-02 17:53:30] [DEBUG] Console not available, using Read-Host fallback
[2025-08-02 17:53:30] [DEBUG] Main loop: Key received, calling HandleInput
[2025-08-02 17:53:30] [DEBUG] HandleInput: Key pressed: Q (Char: 'q') EditingIndex: 4
[2025-08-02 17:53:30] [DEBUG] HandleInput: In editing mode, delegating to HandleEditingInput
[2025-08-02 17:53:30] [DEBUG] Console not available, using Read-Host fallback
[2025-08-02 17:53:30] [DEBUG] Main loop: Key received, calling HandleInput
[2025-08-02 17:53:30] [DEBUG] HandleInput: Key pressed: Q (Char: 'q') EditingIndex: 4
[2025-08-02 17:53:30] [DEBUG] HandleInput: In editing mode, delegating to HandleEditingInput
[2025-08-02 17:53:30] [DEBUG] Console not available, using Read-Host fallback
[2025-08-02 17:53:30] [DEBUG] Main loop: Key received, calling HandleInput
[2025-08-02 17:53:30] [DEBUG] HandleInput: Key pressed: Q (Char: 'q') EditingIndex: 4
[2025-08-02 17:53:30] [DEBUG] HandleInput: In editing mode, delegating to HandleEditingInput
[2025-08-02 17:53:30] [DEBUG] Console not available, using Read-Host fallback
[2025-08-02 17:53:30] [DEBUG] Main loop: Key received, calling HandleInput
[2025-08-02 17:53:30] [DEBUG] HandleInput: Key pressed: Q (Char: 'q') EditingIndex: 4
[2025-08-02 17:53:30] [DEBUG] HandleInput: In editing mode, delegating to HandleEditingInput
[2025-08-02 17:53:30] [DEBUG] Console not available, using Read-Host fallback
[2025-08-02 17:53:30] [DEBUG] Main loop: Key received, calling HandleInput
[2025-08-02 17:53:30] [DEBUG] HandleInput: Key pressed: Q (Char: 'q') EditingIndex: 4
[2025-08-02 17:53:30] [DEBUG] HandleInput: In editing mode, delegating to HandleEditingInput
[2025-08-02 17:53:30] [DEBUG] Console not available, using Read-Host fallback
[2025-08-02 17:53:30] [DEBUG] Main loop: Key received, calling HandleInput
[2025-08-02 17:53:30] [DEBUG] HandleInput: Key pressed: Q (Char: 'q') EditingIndex: 4
[2025-08-02 17:53:30] [DEBUG] HandleInput: In editing mode, delegating to HandleEditingInput
[2025-08-02 17:53:30] [DEBUG] Console not available, using Read-Host fallback
[2025-08-02 17:53:30] [DEBUG] Main loop: Key received, calling HandleInput
[2025-08-02 17:53:30] [DEBUG] HandleInput: Key pressed: Q (Char: 'q') EditingIndex: 4
[2025-08-02 17:53:30] [DEBUG] HandleInput: In editing mode, delegating to HandleEditingInput
[2025-08-02 17:53:30] [DEBUG] Console not available, using Read-Host fallback
[2025-08-02 17:53:30] [DEBUG] Main loop: Key received, calling HandleInput
[2025-08-02 17:53:30] [DEBUG] HandleInput: Key pressed: Q (Char: 'q') EditingIndex: 4
[2025-08-02 17:53:30] [DEBUG] HandleInput: In editing mode, delegating to HandleEditingInput
[2025-08-02 17:53:31] [DEBUG] Console not available, using Read-Host fallback
[2025-08-02 17:53:31] [DEBUG] Main loop: Key received, calling HandleInput
[2025-08-02 17:53:31] [DEBUG] HandleInput: Key pressed: Q (Char: 'q') EditingIndex: 4
[2025-08-02 17:53:31] [DEBUG] HandleInput: In editing mode, delegating to HandleEditingInput
[2025-08-02 17:53:31] [DEBUG] Console not available, using Read-Host fallback
[2025-08-02 17:53:31] [DEBUG] Main loop: Key received, calling HandleInput
[2025-08-02 17:53:31] [DEBUG] HandleInput: Key pressed: Q (Char: 'q') EditingIndex: 4
[2025-08-02 17:53:31] [DEBUG] HandleInput: In editing mode, delegating to HandleEditingInput
[2025-08-02 17:53:31] [DEBUG] Console not available, using Read-Host fallback
[2025-08-02 17:53:31] [DEBUG] Main loop: Key received, calling HandleInput
[2025-08-02 17:53:31] [DEBUG] HandleInput: Key pressed: Q (Char: 'q') EditingIndex: 4
[2025-08-02 17:53:31] [DEBUG] HandleInput: In editing mode, delegating to HandleEditingInput
[2025-08-02 17:53:31] [DEBUG] Console not available, using Read-Host fallback
[2025-08-02 17:53:31] [DEBUG] Main loop: Key received, calling HandleInput
[2025-08-02 17:53:31] [DEBUG] HandleInput: Key pressed: Q (Char: 'q') EditingIndex: 4
[2025-08-02 17:53:31] [DEBUG] HandleInput: In editing mode, delegating to HandleEditingInput
[2025-08-02 17:53:31] [DEBUG] Console not available, using Read-Host fallback
[2025-08-02 17:53:31] [DEBUG] Main loop: Key received, calling HandleInput
[2025-08-02 17:53:31] [DEBUG] HandleInput: Key pressed: Q (Char: 'q') EditingIndex: 4
[2025-08-02 17:53:31] [DEBUG] HandleInput: In editing mode, delegating to HandleEditingInput
[2025-08-02 17:53:31] [DEBUG] Console not available, using Read-Host fallback
[2025-08-02 17:53:31] [DEBUG] Main loop: Key received, calling HandleInput
[2025-08-02 17:53:31] [DEBUG] HandleInput: Key pressed: Q (Char: 'q') EditingIndex: 4
[2025-08-02 17:53:31] [DEBUG] HandleInput: In editing mode, delegating to HandleEditingInput
[2025-08-02 17:53:31] [DEBUG] Console not available, using Read-Host fallback
[2025-08-02 17:53:31] [DEBUG] Main loop: Key received, calling HandleInput
[2025-08-02 17:53:31] [DEBUG] HandleInput: Key pressed: Q (Char: 'q') EditingIndex: 4
[2025-08-02 17:53:31] [DEBUG] HandleInput: In editing mode, delegating to HandleEditingInput
[2025-08-02 17:53:31] [DEBUG] Console not available, using Read-Host fallback
[2025-08-02 17:53:31] [DEBUG] Main loop: Key received, calling HandleInput
[2025-08-02 17:53:31] [DEBUG] HandleInput: Key pressed: Q (Char: 'q') EditingIndex: 4
[2025-08-02 17:53:31] [DEBUG] HandleInput: In editing mode, delegating to HandleEditingInput
[2025-08-02 17:53:31] [DEBUG] Console not available, using Read-Host fallback
[2025-08-02 17:53:31] [DEBUG] Main loop: Key received, calling HandleInput
[2025-08-02 17:53:31] [DEBUG] HandleInput: Key pressed: Q (Char: 'q') EditingIndex: 4
[2025-08-02 17:53:31] [DEBUG] HandleInput: In editing mode, delegating to HandleEditingInput
[2025-08-02 17:53:31] [DEBUG] Console not available, using Read-Host fallback
[2025-08-02 17:53:31] [DEBUG] Main loop: Key received, calling HandleInput
[2025-08-02 17:53:31] [DEBUG] HandleInput: Key pressed: Q (Char: 'q') EditingIndex: 4
[2025-08-02 17:53:31] [DEBUG] HandleInput: In editing mode, delegating to HandleEditingInput
[2025-08-02 17:53:31] [DEBUG] Console not available, using Read-Host fallback
[2025-08-02 17:53:31] [DEBUG] Main loop: Key received, calling HandleInput
[2025-08-02 17:53:31] [DEBUG] HandleInput: Key pressed: Q (Char: 'q') EditingIndex: 4
[2025-08-02 17:53:31] [DEBUG] HandleInput: In editing mode, delegating to HandleEditingInput
[2025-08-02 17:53:31] [DEBUG] Console not available, using Read-Host fallback
[2025-08-02 17:53:31] [DEBUG] Main loop: Key received, calling HandleInput
[2025-08-02 17:53:31] [DEBUG] HandleInput: Key pressed: Q (Char: 'q') EditingIndex: 4
[2025-08-02 17:53:31] [DEBUG] HandleInput: In editing mode, delegating to HandleEditingInput
[2025-08-02 17:53:31] [DEBUG] Console not available, using Read-Host fallback
[2025-08-02 17:53:31] [DEBUG] Main loop: Key received, calling HandleInput
[2025-08-02 17:53:31] [DEBUG] HandleInput: Key pressed: Q (Char: 'q') EditingIndex: 4
[2025-08-02 17:53:31] [DEBUG] HandleInput: In editing mode, delegating to HandleEditingInput
[2025-08-02 17:53:31] [DEBUG] Console not available, using Read-Host fallback
[2025-08-02 17:53:31] [DEBUG] Main loop: Key received, calling HandleInput
[2025-08-02 17:53:31] [DEBUG] HandleInput: Key pressed: Q (Char: 'q') EditingIndex: 4
[2025-08-02 17:53:31] [DEBUG] HandleInput: In editing mode, delegating to HandleEditingInput
[2025-08-02 17:53:31] [DEBUG] Console not available, using Read-Host fallback
[2025-08-02 17:53:31] [DEBUG] Main loop: Key received, calling HandleInput
[2025-08-02 17:53:31] [DEBUG] HandleInput: Key pressed: Q (Char: 'q') EditingIndex: 4
[2025-08-02 17:53:31] [DEBUG] HandleInput: In editing mode, delegating to HandleEditingInput
[2025-08-02 17:53:31] [DEBUG] Console not available, using Read-Host fallback
[2025-08-02 17:53:31] [DEBUG] Main loop: Key received, calling HandleInput
[2025-08-02 17:53:31] [DEBUG] HandleInput: Key pressed: Q (Char: 'q') EditingIndex: 4
[2025-08-02 17:53:31] [DEBUG] HandleInput: In editing mode, delegating to HandleEditingInput
[2025-08-02 17:53:31] [DEBUG] Console not available, using Read-Host fallback
[2025-08-02 17:53:31] [DEBUG] Main loop: Key received, calling HandleInput
[2025-08-02 17:53:31] [DEBUG] HandleInput: Key pressed: Q (Char: 'q') EditingIndex: 4
[2025-08-02 17:53:31] [DEBUG] HandleInput: In editing mode, delegating to HandleEditingInput
[2025-08-02 17:53:31] [DEBUG] Console not available, using Read-Host fallback
[2025-08-02 17:53:31] [DEBUG] Main loop: Key received, calling HandleInput
[2025-08-02 17:53:31] [DEBUG] HandleInput: Key pressed: Q (Char: 'q') EditingIndex: 4
[2025-08-02 17:53:31] [DEBUG] HandleInput: In editing mode, delegating to HandleEditingInput
[2025-08-02 17:53:31] [DEBUG] Console not available, using Read-Host fallback
[2025-08-02 17:53:31] [DEBUG] Main loop: Key received, calling HandleInput
[2025-08-02 17:53:31] [DEBUG] HandleInput: Key pressed: Q (Char: 'q') EditingIndex: 4
[2025-08-02 17:53:31] [DEBUG] HandleInput: In editing mode, delegating to HandleEditingInput
[2025-08-02 17:53:31] [DEBUG] Console not available, using Read-Host fallback
[2025-08-02 17:53:31] [DEBUG] Main loop: Key received, calling HandleInput
[2025-08-02 17:53:31] [DEBUG] HandleInput: Key pressed: Q (Char: 'q') EditingIndex: 4
[2025-08-02 17:53:31] [DEBUG] HandleInput: In editing mode, delegating to HandleEditingInput
[2025-08-02 17:53:31] [DEBUG] Console not available, using Read-Host fallback
[2025-08-02 17:53:31] [DEBUG] Main loop: Key received, calling HandleInput
[2025-08-02 17:53:31] [DEBUG] HandleInput: Key pressed: Q (Char: 'q') EditingIndex: 4
[2025-08-02 17:53:31] [DEBUG] HandleInput: In editing mode, delegating to HandleEditingInput
[2025-08-02 17:53:31] [DEBUG] Console not available, using Read-Host fallback
[2025-08-02 17:53:31] [DEBUG] Main loop: Key received, calling HandleInput
[2025-08-02 17:53:31] [DEBUG] HandleInput: Key pressed: Q (Char: 'q') EditingIndex: 4
[2025-08-02 17:53:31] [DEBUG] HandleInput: In editing mode, delegating to HandleEditingInput
[2025-08-02 17:53:31] [DEBUG] Console not available, using Read-Host fallback
[2025-08-02 17:53:31] [DEBUG] Main loop: Key received, calling HandleInput
[2025-08-02 17:53:31] [DEBUG] HandleInput: Key pressed: Q (Char: 'q') EditingIndex: 4
[2025-08-02 17:53:31] [DEBUG] HandleInput: In editing mode, delegating to HandleEditingInput
[2025-08-02 17:53:31] [DEBUG] Console not available, using Read-Host fallback
[2025-08-02 17:53:31] [DEBUG] Main loop: Key received, calling HandleInput
[2025-08-02 17:53:31] [DEBUG] HandleInput: Key pressed: Q (Char: 'q') EditingIndex: 4
[2025-08-02 17:53:31] [DEBUG] HandleInput: In editing mode, delegating to HandleEditingInput
[2025-08-02 17:53:31] [DEBUG] Console not available, using Read-Host fallback
[2025-08-02 17:53:31] [DEBUG] Main loop: Key received, calling HandleInput
[2025-08-02 17:53:31] [DEBUG] HandleInput: Key pressed: Q (Char: 'q') EditingIndex: 4
[2025-08-02 17:53:31] [DEBUG] HandleInput: In editing mode, delegating to HandleEditingInput
[2025-08-02 17:53:32] [DEBUG] Console not available, using Read-Host fallback
[2025-08-02 17:53:32] [DEBUG] Main loop: Key received, calling HandleInput
[2025-08-02 17:53:32] [DEBUG] HandleInput: Key pressed: Q (Char: 'q') EditingIndex: 4
[2025-08-02 17:53:32] [DEBUG] HandleInput: In editing mode, delegating to HandleEditingInput
[2025-08-02 17:53:32] [DEBUG] Console not available, using Read-Host fallback
[2025-08-02 17:53:32] [DEBUG] Main loop: Key received, calling HandleInput
[2025-08-02 17:53:32] [DEBUG] HandleInput: Key pressed: Q (Char: 'q') EditingIndex: 4
[2025-08-02 17:53:32] [DEBUG] HandleInput: In editing mode, delegating to HandleEditingInput
[2025-08-02 17:53:32] [DEBUG] Console not available, using Read-Host fallback
[2025-08-02 17:53:32] [DEBUG] Main loop: Key received, calling HandleInput
[2025-08-02 17:53:32] [DEBUG] HandleInput: Key pressed: Q (Char: 'q') EditingIndex: 4
[2025-08-02 17:53:32] [DEBUG] HandleInput: In editing mode, delegating to HandleEditingInput
[2025-08-02 17:53:32] [DEBUG] Console not available, using Read-Host fallback
[2025-08-02 17:53:32] [DEBUG] Main loop: Key received, calling HandleInput
[2025-08-02 17:53:32] [DEBUG] HandleInput: Key pressed: Q (Char: 'q') EditingIndex: 4
[2025-08-02 17:53:32] [DEBUG] HandleInput: In editing mode, delegating to HandleEditingInput
[2025-08-02 17:53:32] [DEBUG] Console not available, using Read-Host fallback
[2025-08-02 17:53:32] [DEBUG] Main loop: Key received, calling HandleInput
[2025-08-02 17:53:32] [DEBUG] HandleInput: Key pressed: Q (Char: 'q') EditingIndex: 4
[2025-08-02 17:53:32] [DEBUG] HandleInput: In editing mode, delegating to HandleEditingInput
[2025-08-02 17:53:32] [DEBUG] Console not available, using Read-Host fallback
[2025-08-02 17:53:32] [DEBUG] Main loop: Key received, calling HandleInput
[2025-08-02 17:53:32] [DEBUG] HandleInput: Key pressed: Q (Char: 'q') EditingIndex: 4
[2025-08-02 17:53:32] [DEBUG] HandleInput: In editing mode, delegating to HandleEditingInput
[2025-08-02 17:53:32] [DEBUG] Console not available, using Read-Host fallback
[2025-08-02 17:53:32] [DEBUG] Main loop: Key received, calling HandleInput
[2025-08-02 17:53:32] [DEBUG] HandleInput: Key pressed: Q (Char: 'q') EditingIndex: 4
[2025-08-02 17:53:32] [DEBUG] HandleInput: In editing mode, delegating to HandleEditingInput
[2025-08-02 17:53:32] [DEBUG] Console not available, using Read-Host fallback
[2025-08-02 17:53:32] [DEBUG] Main loop: Key received, calling HandleInput
[2025-08-02 17:53:32] [DEBUG] HandleInput: Key pressed: Q (Char: 'q') EditingIndex: 4
[2025-08-02 17:53:32] [DEBUG] HandleInput: In editing mode, delegating to HandleEditingInput
[2025-08-02 17:53:32] [DEBUG] Console not available, using Read-Host fallback
[2025-08-02 17:53:32] [DEBUG] Main loop: Key received, calling HandleInput
[2025-08-02 17:53:32] [DEBUG] HandleInput: Key pressed: Q (Char: 'q') EditingIndex: 4
[2025-08-02 17:53:32] [DEBUG] HandleInput: In editing mode, delegating to HandleEditingInput
[2025-08-02 17:53:32] [DEBUG] Console not available, using Read-Host fallback
[2025-08-02 17:53:32] [DEBUG] Main loop: Key received, calling HandleInput
[2025-08-02 17:53:32] [DEBUG] HandleInput: Key pressed: Q (Char: 'q') EditingIndex: 4
[2025-08-02 17:53:32] [DEBUG] HandleInput: In editing mode, delegating to HandleEditingInput
[2025-08-02 17:53:32] [DEBUG] Console not available, using Read-Host fallback
[2025-08-02 17:53:32] [DEBUG] Main loop: Key received, calling HandleInput
[2025-08-02 17:53:32] [DEBUG] HandleInput: Key pressed: Q (Char: 'q') EditingIndex: 4
[2025-08-02 17:53:32] [DEBUG] HandleInput: In editing mode, delegating to HandleEditingInput
[2025-08-02 17:53:32] [DEBUG] Console not available, using Read-Host fallback
[2025-08-02 17:53:32] [DEBUG] Main loop: Key received, calling HandleInput
[2025-08-02 17:53:32] [DEBUG] HandleInput: Key pressed: Q (Char: 'q') EditingIndex: 4
[2025-08-02 17:53:32] [DEBUG] HandleInput: In editing mode, delegating to HandleEditingInput
[2025-08-02 17:53:32] [DEBUG] Console not available, using Read-Host fallback
[2025-08-02 17:53:32] [DEBUG] Main loop: Key received, calling HandleInput
[2025-08-02 17:53:32] [DEBUG] HandleInput: Key pressed: Q (Char: 'q') EditingIndex: 4
[2025-08-02 17:53:32] [DEBUG] HandleInput: In editing mode, delegating to HandleEditingInput
[2025-08-02 17:53:32] [DEBUG] Console not available, using Read-Host fallback
[2025-08-02 17:53:32] [DEBUG] Main loop: Key received, calling HandleInput
[2025-08-02 17:53:32] [DEBUG] HandleInput: Key pressed: Q (Char: 'q') EditingIndex: 4
[2025-08-02 17:53:32] [DEBUG] HandleInput: In editing mode, delegating to HandleEditingInput
[2025-08-02 17:53:32] [DEBUG] Console not available, using Read-Host fallback
[2025-08-02 17:53:32] [DEBUG] Main loop: Key received, calling HandleInput
[2025-08-02 17:53:32] [DEBUG] HandleInput: Key pressed: Q (Char: 'q') EditingIndex: 4
[2025-08-02 17:53:32] [DEBUG] HandleInput: In editing mode, delegating to HandleEditingInput
[2025-08-02 17:53:32] [DEBUG] Console not available, using Read-Host fallback
[2025-08-02 17:53:32] [DEBUG] Main loop: Key received, calling HandleInput
[2025-08-02 17:53:32] [DEBUG] HandleInput: Key pressed: Q (Char: 'q') EditingIndex: 4
[2025-08-02 17:53:32] [DEBUG] HandleInput: In editing mode, delegating to HandleEditingInput
[2025-08-02 17:53:32] [DEBUG] Console not available, using Read-Host fallback
[2025-08-02 17:53:32] [DEBUG] Main loop: Key received, calling HandleInput
[2025-08-02 17:53:32] [DEBUG] HandleInput: Key pressed: Q (Char: 'q') EditingIndex: 4
[2025-08-02 17:53:32] [DEBUG] HandleInput: In editing mode, delegating to HandleEditingInput
[2025-08-02 17:53:32] [DEBUG] Console not available, using Read-Host fallback
[2025-08-02 17:53:32] [DEBUG] Main loop: Key received, calling HandleInput
[2025-08-02 17:53:32] [DEBUG] HandleInput: Key pressed: Q (Char: 'q') EditingIndex: 4
[2025-08-02 17:53:32] [DEBUG] HandleInput: In editing mode, delegating to HandleEditingInput
[2025-08-02 17:53:32] [DEBUG] Console not available, using Read-Host fallback
[2025-08-02 17:53:32] [DEBUG] Main loop: Key received, calling HandleInput
[2025-08-02 17:53:32] [DEBUG] HandleInput: Key pressed: Q (Char: 'q') EditingIndex: 4
[2025-08-02 17:53:32] [DEBUG] HandleInput: In editing mode, delegating to HandleEditingInput
[2025-08-02 17:53:32] [DEBUG] Console not available, using Read-Host fallback
[2025-08-02 17:53:32] [DEBUG] Main loop: Key received, calling HandleInput
[2025-08-02 17:53:32] [DEBUG] HandleInput: Key pressed: Q (Char: 'q') EditingIndex: 4
[2025-08-02 17:53:32] [DEBUG] HandleInput: In editing mode, delegating to HandleEditingInput
[2025-08-02 17:53:32] [DEBUG] Console not available, using Read-Host fallback
[2025-08-02 17:53:32] [DEBUG] Main loop: Key received, calling HandleInput
[2025-08-02 17:53:32] [DEBUG] HandleInput: Key pressed: Q (Char: 'q') EditingIndex: 4
[2025-08-02 17:53:32] [DEBUG] HandleInput: In editing mode, delegating to HandleEditingInput
[2025-08-02 17:53:32] [DEBUG] Console not available, using Read-Host fallback
[2025-08-02 17:53:32] [DEBUG] Main loop: Key received, calling HandleInput
[2025-08-02 17:53:32] [DEBUG] HandleInput: Key pressed: Q (Char: 'q') EditingIndex: 4
[2025-08-02 17:53:32] [DEBUG] HandleInput: In editing mode, delegating to HandleEditingInput
[2025-08-02 17:53:32] [DEBUG] Console not available, using Read-Host fallback
[2025-08-02 17:53:32] [DEBUG] Main loop: Key received, calling HandleInput
[2025-08-02 17:53:32] [DEBUG] HandleInput: Key pressed: Q (Char: 'q') EditingIndex: 4
[2025-08-02 17:53:32] [DEBUG] HandleInput: In editing mode, delegating to HandleEditingInput
[2025-08-02 17:53:32] [DEBUG] Console not available, using Read-Host fallback
[2025-08-02 17:53:32] [DEBUG] Main loop: Key received, calling HandleInput
[2025-08-02 17:53:32] [DEBUG] HandleInput: Key pressed: Q (Char: 'q') EditingIndex: 4
[2025-08-02 17:53:32] [DEBUG] HandleInput: In editing mode, delegating to HandleEditingInput
[2025-08-02 17:53:32] [DEBUG] Console not available, using Read-Host fallback
[2025-08-02 17:53:32] [DEBUG] Main loop: Key received, calling HandleInput
[2025-08-02 17:53:32] [DEBUG] HandleInput: Key pressed: Q (Char: 'q') EditingIndex: 4
[2025-08-02 17:53:32] [DEBUG] HandleInput: In editing mode, delegating to HandleEditingInput
[2025-08-02 17:53:32] [DEBUG] Console not available, using Read-Host fallback
[2025-08-02 17:53:32] [DEBUG] Main loop: Key received, calling HandleInput
[2025-08-02 17:53:32] [DEBUG] HandleInput: Key pressed: Q (Char: 'q') EditingIndex: 4
[2025-08-02 17:53:32] [DEBUG] HandleInput: In editing mode, delegating to HandleEditingInput
[2025-08-02 17:53:33] [DEBUG] Console not available, using Read-Host fallback
[2025-08-02 17:53:33] [DEBUG] Main loop: Key received, calling HandleInput
[2025-08-02 17:53:33] [DEBUG] HandleInput: Key pressed: Q (Char: 'q') EditingIndex: 4
[2025-08-02 17:53:33] [DEBUG] HandleInput: In editing mode, delegating to HandleEditingInput
[2025-08-02 17:53:33] [DEBUG] Console not available, using Read-Host fallback
[2025-08-02 17:53:33] [DEBUG] Main loop: Key received, calling HandleInput
[2025-08-02 17:53:33] [DEBUG] HandleInput: Key pressed: Q (Char: 'q') EditingIndex: 4
[2025-08-02 17:53:33] [DEBUG] HandleInput: In editing mode, delegating to HandleEditingInput
[2025-08-02 17:53:33] [DEBUG] Console not available, using Read-Host fallback
[2025-08-02 17:53:33] [DEBUG] Main loop: Key received, calling HandleInput
[2025-08-02 17:53:33] [DEBUG] HandleInput: Key pressed: Q (Char: 'q') EditingIndex: 4
[2025-08-02 17:53:33] [DEBUG] HandleInput: In editing mode, delegating to HandleEditingInput
[2025-08-02 17:53:33] [DEBUG] Console not available, using Read-Host fallback
[2025-08-02 17:53:33] [DEBUG] Main loop: Key received, calling HandleInput
[2025-08-02 17:53:33] [DEBUG] HandleInput: Key pressed: Q (Char: 'q') EditingIndex: 4
[2025-08-02 17:53:33] [DEBUG] HandleInput: In editing mode, delegating to HandleEditingInput
[2025-08-02 17:53:33] [DEBUG] Console not available, using Read-Host fallback
[2025-08-02 17:53:33] [DEBUG] Main loop: Key received, calling HandleInput
[2025-08-02 17:53:33] [DEBUG] HandleInput: Key pressed: Q (Char: 'q') EditingIndex: 4
[2025-08-02 17:53:33] [DEBUG] HandleInput: In editing mode, delegating to HandleEditingInput
[2025-08-02 17:53:33] [DEBUG] Console not available, using Read-Host fallback
[2025-08-02 17:53:33] [DEBUG] Main loop: Key received, calling HandleInput
[2025-08-02 17:53:33] [DEBUG] HandleInput: Key pressed: Q (Char: 'q') EditingIndex: 4
[2025-08-02 17:53:33] [DEBUG] HandleInput: In editing mode, delegating to HandleEditingInput
[2025-08-02 17:53:33] [DEBUG] Console not available, using Read-Host fallback
[2025-08-02 17:53:33] [DEBUG] Main loop: Key received, calling HandleInput
[2025-08-02 17:53:33] [DEBUG] HandleInput: Key pressed: Q (Char: 'q') EditingIndex: 4
[2025-08-02 17:53:33] [DEBUG] HandleInput: In editing mode, delegating to HandleEditingInput
[2025-08-02 17:53:33] [DEBUG] Console not available, using Read-Host fallback
[2025-08-02 17:53:33] [DEBUG] Main loop: Key received, calling HandleInput
[2025-08-02 17:53:33] [DEBUG] HandleInput: Key pressed: Q (Char: 'q') EditingIndex: 4
[2025-08-02 17:53:33] [DEBUG] HandleInput: In editing mode, delegating to HandleEditingInput
[2025-08-02 17:53:33] [DEBUG] Console not available, using Read-Host fallback
[2025-08-02 17:53:33] [DEBUG] Main loop: Key received, calling HandleInput
[2025-08-02 17:53:33] [DEBUG] HandleInput: Key pressed: Q (Char: 'q') EditingIndex: 4
[2025-08-02 17:53:33] [DEBUG] HandleInput: In editing mode, delegating to HandleEditingInput
[2025-08-02 17:53:33] [DEBUG] Console not available, using Read-Host fallback
[2025-08-02 17:53:33] [DEBUG] Main loop: Key received, calling HandleInput
[2025-08-02 17:53:33] [DEBUG] HandleInput: Key pressed: Q (Char: 'q') EditingIndex: 4
[2025-08-02 17:53:33] [DEBUG] HandleInput: In editing mode, delegating to HandleEditingInput
[2025-08-02 17:53:33] [DEBUG] Console not available, using Read-Host fallback
[2025-08-02 17:53:33] [DEBUG] Main loop: Key received, calling HandleInput
[2025-08-02 17:53:33] [DEBUG] HandleInput: Key pressed: Q (Char: 'q') EditingIndex: 4
[2025-08-02 17:53:33] [DEBUG] HandleInput: In editing mode, delegating to HandleEditingInput
[2025-08-02 17:53:33] [DEBUG] Console not available, using Read-Host fallback
[2025-08-02 17:53:33] [DEBUG] Main loop: Key received, calling HandleInput
[2025-08-02 17:53:33] [DEBUG] HandleInput: Key pressed: Q (Char: 'q') EditingIndex: 4
[2025-08-02 17:53:33] [DEBUG] HandleInput: In editing mode, delegating to HandleEditingInput
[2025-08-02 17:53:33] [DEBUG] Console not available, using Read-Host fallback
[2025-08-02 17:53:33] [DEBUG] Main loop: Key received, calling HandleInput
[2025-08-02 17:53:33] [DEBUG] HandleInput: Key pressed: Q (Char: 'q') EditingIndex: 4
[2025-08-02 17:53:33] [DEBUG] HandleInput: In editing mode, delegating to HandleEditingInput
[2025-08-02 17:53:33] [DEBUG] Console not available, using Read-Host fallback
[2025-08-02 17:53:33] [DEBUG] Main loop: Key received, calling HandleInput
[2025-08-02 17:53:33] [DEBUG] HandleInput: Key pressed: Q (Char: 'q') EditingIndex: 4
[2025-08-02 17:53:33] [DEBUG] HandleInput: In editing mode, delegating to HandleEditingInput
[2025-08-02 17:53:33] [DEBUG] Console not available, using Read-Host fallback
[2025-08-02 17:53:33] [DEBUG] Main loop: Key received, calling HandleInput
[2025-08-02 17:53:33] [DEBUG] HandleInput: Key pressed: Q (Char: 'q') EditingIndex: 4
[2025-08-02 17:53:33] [DEBUG] HandleInput: In editing mode, delegating to HandleEditingInput
[2025-08-02 17:53:33] [DEBUG] Console not available, using Read-Host fallback
[2025-08-02 17:53:33] [DEBUG] Main loop: Key received, calling HandleInput
[2025-08-02 17:53:33] [DEBUG] HandleInput: Key pressed: Q (Char: 'q') EditingIndex: 4
[2025-08-02 17:53:33] [DEBUG] HandleInput: In editing mode, delegating to HandleEditingInput
[2025-08-02 17:53:33] [DEBUG] Console not available, using Read-Host fallback
[2025-08-02 17:53:33] [DEBUG] Main loop: Key received, calling HandleInput
[2025-08-02 17:53:33] [DEBUG] HandleInput: Key pressed: Q (Char: 'q') EditingIndex: 4
[2025-08-02 17:53:33] [DEBUG] HandleInput: In editing mode, delegating to HandleEditingInput
[2025-08-02 17:53:33] [DEBUG] Console not available, using Read-Host fallback
[2025-08-02 17:53:33] [DEBUG] Main loop: Key received, calling HandleInput
[2025-08-02 17:53:33] [DEBUG] HandleInput: Key pressed: Q (Char: 'q') EditingIndex: 4
[2025-08-02 17:53:33] [DEBUG] HandleInput: In editing mode, delegating to HandleEditingInput
[2025-08-02 17:53:33] [DEBUG] Console not available, using Read-Host fallback
[2025-08-02 17:53:33] [DEBUG] Main loop: Key received, calling HandleInput
[2025-08-02 17:53:33] [DEBUG] HandleInput: Key pressed: Q (Char: 'q') EditingIndex: 4
[2025-08-02 17:53:33] [DEBUG] HandleInput: In editing mode, delegating to HandleEditingInput
[2025-08-02 17:53:33] [DEBUG] Console not available, using Read-Host fallback
[2025-08-02 17:53:33] [DEBUG] Main loop: Key received, calling HandleInput
[2025-08-02 17:53:33] [DEBUG] HandleInput: Key pressed: Q (Char: 'q') EditingIndex: 4
[2025-08-02 17:53:33] [DEBUG] HandleInput: In editing mode, delegating to HandleEditingInput
[2025-08-02 17:53:33] [DEBUG] Console not available, using Read-Host fallback
[2025-08-02 17:53:33] [DEBUG] Main loop: Key received, calling HandleInput
[2025-08-02 17:53:33] [DEBUG] HandleInput: Key pressed: Q (Char: 'q') EditingIndex: 4
[2025-08-02 17:53:33] [DEBUG] HandleInput: In editing mode, delegating to HandleEditingInput
[2025-08-02 17:53:33] [DEBUG] Console not available, using Read-Host fallback
[2025-08-02 17:53:33] [DEBUG] Main loop: Key received, calling HandleInput
[2025-08-02 17:53:33] [DEBUG] HandleInput: Key pressed: Q (Char: 'q') EditingIndex: 4
[2025-08-02 17:53:33] [DEBUG] HandleInput: In editing mode, delegating to HandleEditingInput
[2025-08-02 17:53:33] [DEBUG] Console not available, using Read-Host fallback
[2025-08-02 17:53:33] [DEBUG] Main loop: Key received, calling HandleInput
[2025-08-02 17:53:33] [DEBUG] HandleInput: Key pressed: Q (Char: 'q') EditingIndex: 4
[2025-08-02 17:53:33] [DEBUG] HandleInput: In editing mode, delegating to HandleEditingInput
[2025-08-02 17:53:33] [DEBUG] Console not available, using Read-Host fallback
[2025-08-02 17:53:33] [DEBUG] Main loop: Key received, calling HandleInput
[2025-08-02 17:53:33] [DEBUG] HandleInput: Key pressed: Q (Char: 'q') EditingIndex: 4
[2025-08-02 17:53:33] [DEBUG] HandleInput: In editing mode, delegating to HandleEditingInput
[2025-08-02 17:53:33] [DEBUG] Console not available, using Read-Host fallback
[2025-08-02 17:53:33] [DEBUG] Main loop: Key received, calling HandleInput
[2025-08-02 17:53:33] [DEBUG] HandleInput: Key pressed: Q (Char: 'q') EditingIndex: 4
[2025-08-02 17:53:33] [DEBUG] HandleInput: In editing mode, delegating to HandleEditingInput
[2025-08-02 17:53:34] [DEBUG] Console not available, using Read-Host fallback
[2025-08-02 17:53:34] [DEBUG] Main loop: Key received, calling HandleInput
[2025-08-02 17:53:34] [DEBUG] HandleInput: Key pressed: Q (Char: 'q') EditingIndex: 4
[2025-08-02 17:53:34] [DEBUG] HandleInput: In editing mode, delegating to HandleEditingInput
[2025-08-02 17:53:34] [DEBUG] Console not available, using Read-Host fallback
[2025-08-02 17:53:34] [DEBUG] Main loop: Key received, calling HandleInput
[2025-08-02 17:53:34] [DEBUG] HandleInput: Key pressed: Q (Char: 'q') EditingIndex: 4
[2025-08-02 17:53:34] [DEBUG] HandleInput: In editing mode, delegating to HandleEditingInput
[2025-08-02 17:53:34] [DEBUG] Console not available, using Read-Host fallback
[2025-08-02 17:53:34] [DEBUG] Main loop: Key received, calling HandleInput
[2025-08-02 17:53:34] [DEBUG] HandleInput: Key pressed: Q (Char: 'q') EditingIndex: 4
[2025-08-02 17:53:34] [DEBUG] HandleInput: In editing mode, delegating to HandleEditingInput
[2025-08-02 17:53:34] [DEBUG] Console not available, using Read-Host fallback
[2025-08-02 17:53:34] [DEBUG] Main loop: Key received, calling HandleInput
[2025-08-02 17:53:34] [DEBUG] HandleInput: Key pressed: Q (Char: 'q') EditingIndex: 4
[2025-08-02 17:53:34] [DEBUG] HandleInput: In editing mode, delegating to HandleEditingInput
[2025-08-02 17:53:34] [DEBUG] Console not available, using Read-Host fallback
[2025-08-02 17:53:34] [DEBUG] Main loop: Key received, calling HandleInput
[2025-08-02 17:53:34] [DEBUG] HandleInput: Key pressed: Q (Char: 'q') EditingIndex: 4
[2025-08-02 17:53:34] [DEBUG] HandleInput: In editing mode, delegating to HandleEditingInput
[2025-08-02 17:53:34] [DEBUG] Console not available, using Read-Host fallback
[2025-08-02 17:53:34] [DEBUG] Main loop: Key received, calling HandleInput
[2025-08-02 17:53:34] [DEBUG] HandleInput: Key pressed: Q (Char: 'q') EditingIndex: 4
[2025-08-02 17:53:34] [DEBUG] HandleInput: In editing mode, delegating to HandleEditingInput
[2025-08-02 17:53:34] [DEBUG] Console not available, using Read-Host fallback
[2025-08-02 17:53:34] [DEBUG] Main loop: Key received, calling HandleInput
[2025-08-02 17:53:34] [DEBUG] HandleInput: Key pressed: Q (Char: 'q') EditingIndex: 4
[2025-08-02 17:53:34] [DEBUG] HandleInput: In editing mode, delegating to HandleEditingInput
[2025-08-02 17:53:34] [DEBUG] Console not available, using Read-Host fallback
[2025-08-02 17:53:34] [DEBUG] Main loop: Key received, calling HandleInput
[2025-08-02 17:53:34] [DEBUG] HandleInput: Key pressed: Q (Char: 'q') EditingIndex: 4
[2025-08-02 17:53:34] [DEBUG] HandleInput: In editing mode, delegating to HandleEditingInput
[2025-08-02 17:53:34] [DEBUG] Console not available, using Read-Host fallback
[2025-08-02 17:53:34] [DEBUG] Main loop: Key received, calling HandleInput
[2025-08-02 17:53:34] [DEBUG] HandleInput: Key pressed: Q (Char: 'q') EditingIndex: 4
[2025-08-02 17:53:34] [DEBUG] HandleInput: In editing mode, delegating to HandleEditingInput
[2025-08-02 17:53:34] [DEBUG] Console not available, using Read-Host fallback
[2025-08-02 17:53:34] [DEBUG] Main loop: Key received, calling HandleInput
[2025-08-02 17:53:34] [DEBUG] HandleInput: Key pressed: Q (Char: 'q') EditingIndex: 4
[2025-08-02 17:53:34] [DEBUG] HandleInput: In editing mode, delegating to HandleEditingInput
[2025-08-02 17:53:34] [DEBUG] Console not available, using Read-Host fallback
[2025-08-02 17:53:34] [DEBUG] Main loop: Key received, calling HandleInput
[2025-08-02 17:53:34] [DEBUG] HandleInput: Key pressed: Q (Char: 'q') EditingIndex: 4
[2025-08-02 17:53:34] [DEBUG] HandleInput: In editing mode, delegating to HandleEditingInput
[2025-08-02 17:53:34] [DEBUG] Console not available, using Read-Host fallback
[2025-08-02 17:53:34] [DEBUG] Main loop: Key received, calling HandleInput
[2025-08-02 17:53:34] [DEBUG] HandleInput: Key pressed: Q (Char: 'q') EditingIndex: 4
[2025-08-02 17:53:34] [DEBUG] HandleInput: In editing mode, delegating to HandleEditingInput
[2025-08-02 17:53:34] [DEBUG] Console not available, using Read-Host fallback
[2025-08-02 17:53:34] [DEBUG] Main loop: Key received, calling HandleInput
[2025-08-02 17:53:34] [DEBUG] HandleInput: Key pressed: Q (Char: 'q') EditingIndex: 4
[2025-08-02 17:53:34] [DEBUG] HandleInput: In editing mode, delegating to HandleEditingInput
[2025-08-02 17:53:34] [DEBUG] Console not available, using Read-Host fallback
[2025-08-02 17:53:34] [DEBUG] Main loop: Key received, calling HandleInput
[2025-08-02 17:53:34] [DEBUG] HandleInput: Key pressed: Q (Char: 'q') EditingIndex: 4
[2025-08-02 17:53:34] [DEBUG] HandleInput: In editing mode, delegating to HandleEditingInput
[2025-08-02 17:53:34] [DEBUG] Console not available, using Read-Host fallback
[2025-08-02 17:53:34] [DEBUG] Main loop: Key received, calling HandleInput
[2025-08-02 17:53:34] [DEBUG] HandleInput: Key pressed: Q (Char: 'q') EditingIndex: 4
[2025-08-02 17:53:34] [DEBUG] HandleInput: In editing mode, delegating to HandleEditingInput
[2025-08-02 17:53:34] [DEBUG] Console not available, using Read-Host fallback
[2025-08-02 17:53:34] [DEBUG] Main loop: Key received, calling HandleInput
[2025-08-02 17:53:34] [DEBUG] HandleInput: Key pressed: Q (Char: 'q') EditingIndex: 4
[2025-08-02 17:53:34] [DEBUG] HandleInput: In editing mode, delegating to HandleEditingInput
[2025-08-02 17:53:34] [DEBUG] Console not available, using Read-Host fallback
[2025-08-02 17:53:34] [DEBUG] Main loop: Key received, calling HandleInput
[2025-08-02 17:53:34] [DEBUG] HandleInput: Key pressed: Q (Char: 'q') EditingIndex: 4
[2025-08-02 17:53:34] [DEBUG] HandleInput: In editing mode, delegating to HandleEditingInput
[2025-08-02 17:53:34] [DEBUG] Console not available, using Read-Host fallback
[2025-08-02 17:53:34] [DEBUG] Main loop: Key received, calling HandleInput
[2025-08-02 17:53:34] [DEBUG] HandleInput: Key pressed: Q (Char: 'q') EditingIndex: 4
[2025-08-02 17:53:34] [DEBUG] HandleInput: In editing mode, delegating to HandleEditingInput
[2025-08-02 17:53:34] [DEBUG] Console not available, using Read-Host fallback
[2025-08-02 17:53:34] [DEBUG] Main loop: Key received, calling HandleInput
[2025-08-02 17:53:34] [DEBUG] HandleInput: Key pressed: Q (Char: 'q') EditingIndex: 4
[2025-08-02 17:53:34] [DEBUG] HandleInput: In editing mode, delegating to HandleEditingInput
[2025-08-02 17:53:34] [DEBUG] Console not available, using Read-Host fallback
[2025-08-02 17:53:34] [DEBUG] Main loop: Key received, calling HandleInput
[2025-08-02 17:53:34] [DEBUG] HandleInput: Key pressed: Q (Char: 'q') EditingIndex: 4
[2025-08-02 17:53:34] [DEBUG] HandleInput: In editing mode, delegating to HandleEditingInput
[2025-08-02 17:53:34] [DEBUG] Console not available, using Read-Host fallback
[2025-08-02 17:53:34] [DEBUG] Main loop: Key received, calling HandleInput
[2025-08-02 17:53:34] [DEBUG] HandleInput: Key pressed: Q (Char: 'q') EditingIndex: 4
[2025-08-02 17:53:34] [DEBUG] HandleInput: In editing mode, delegating to HandleEditingInput
[2025-08-02 17:53:34] [DEBUG] Console not available, using Read-Host fallback
[2025-08-02 17:53:34] [DEBUG] Main loop: Key received, calling HandleInput
[2025-08-02 17:53:34] [DEBUG] HandleInput: Key pressed: Q (Char: 'q') EditingIndex: 4
[2025-08-02 17:53:34] [DEBUG] HandleInput: In editing mode, delegating to HandleEditingInput
[2025-08-02 17:53:34] [DEBUG] Console not available, using Read-Host fallback
[2025-08-02 17:53:34] [DEBUG] Main loop: Key received, calling HandleInput
[2025-08-02 17:53:34] [DEBUG] HandleInput: Key pressed: Q (Char: 'q') EditingIndex: 4
[2025-08-02 17:53:34] [DEBUG] HandleInput: In editing mode, delegating to HandleEditingInput
[2025-08-02 17:53:34] [DEBUG] Console not available, using Read-Host fallback
[2025-08-02 17:53:34] [DEBUG] Main loop: Key received, calling HandleInput
[2025-08-02 17:53:34] [DEBUG] HandleInput: Key pressed: Q (Char: 'q') EditingIndex: 4
[2025-08-02 17:53:34] [DEBUG] HandleInput: In editing mode, delegating to HandleEditingInput
[2025-08-02 17:53:35] [DEBUG] Console not available, using Read-Host fallback
[2025-08-02 17:53:35] [DEBUG] Main loop: Key received, calling HandleInput
[2025-08-02 17:53:35] [DEBUG] HandleInput: Key pressed: Q (Char: 'q') EditingIndex: 4
[2025-08-02 17:53:35] [DEBUG] HandleInput: In editing mode, delegating to HandleEditingInput
[2025-08-02 17:53:35] [DEBUG] Console not available, using Read-Host fallback
[2025-08-02 17:53:35] [DEBUG] Main loop: Key received, calling HandleInput
[2025-08-02 17:53:35] [DEBUG] HandleInput: Key pressed: Q (Char: 'q') EditingIndex: 4
[2025-08-02 17:53:35] [DEBUG] HandleInput: In editing mode, delegating to HandleEditingInput
[2025-08-02 17:53:35] [DEBUG] Console not available, using Read-Host fallback
[2025-08-02 17:53:35] [DEBUG] Main loop: Key received, calling HandleInput
[2025-08-02 17:53:35] [DEBUG] HandleInput: Key pressed: Q (Char: 'q') EditingIndex: 4
[2025-08-02 17:53:35] [DEBUG] HandleInput: In editing mode, delegating to HandleEditingInput
[2025-08-02 17:53:35] [DEBUG] Console not available, using Read-Host fallback
[2025-08-02 17:53:35] [DEBUG] Main loop: Key received, calling HandleInput
[2025-08-02 17:53:35] [DEBUG] HandleInput: Key pressed: Q (Char: 'q') EditingIndex: 4
[2025-08-02 17:53:35] [DEBUG] HandleInput: In editing mode, delegating to HandleEditingInput
[2025-08-02 17:53:35] [DEBUG] Console not available, using Read-Host fallback
[2025-08-02 17:53:35] [DEBUG] Main loop: Key received, calling HandleInput
[2025-08-02 17:53:35] [DEBUG] HandleInput: Key pressed: Q (Char: 'q') EditingIndex: 4
[2025-08-02 17:53:35] [DEBUG] HandleInput: In editing mode, delegating to HandleEditingInput
[2025-08-02 17:53:35] [DEBUG] Console not available, using Read-Host fallback
[2025-08-02 17:53:35] [DEBUG] Main loop: Key received, calling HandleInput
[2025-08-02 17:53:35] [DEBUG] HandleInput: Key pressed: Q (Char: 'q') EditingIndex: 4
[2025-08-02 17:53:35] [DEBUG] HandleInput: In editing mode, delegating to HandleEditingInput
[2025-08-02 17:53:35] [DEBUG] Console not available, using Read-Host fallback
[2025-08-02 17:53:35] [DEBUG] Main loop: Key received, calling HandleInput
[2025-08-02 17:53:35] [DEBUG] HandleInput: Key pressed: Q (Char: 'q') EditingIndex: 4
[2025-08-02 17:53:35] [DEBUG] HandleInput: In editing mode, delegating to HandleEditingInput
[2025-08-02 17:53:35] [DEBUG] Console not available, using Read-Host fallback
[2025-08-02 17:53:35] [DEBUG] Main loop: Key received, calling HandleInput
[2025-08-02 17:53:35] [DEBUG] HandleInput: Key pressed: Q (Char: 'q') EditingIndex: 4
[2025-08-02 17:53:35] [DEBUG] HandleInput: In editing mode, delegating to HandleEditingInput
[2025-08-02 17:53:35] [DEBUG] Console not available, using Read-Host fallback
[2025-08-02 17:53:35] [DEBUG] Main loop: Key received, calling HandleInput
[2025-08-02 17:53:35] [DEBUG] HandleInput: Key pressed: Q (Char: 'q') EditingIndex: 4
[2025-08-02 17:53:35] [DEBUG] HandleInput: In editing mode, delegating to HandleEditingInput
[2025-08-02 17:53:35] [DEBUG] Console not available, using Read-Host fallback
[2025-08-02 17:53:35] [DEBUG] Main loop: Key received, calling HandleInput
[2025-08-02 17:53:35] [DEBUG] HandleInput: Key pressed: Q (Char: 'q') EditingIndex: 4
[2025-08-02 17:53:35] [DEBUG] HandleInput: In editing mode, delegating to HandleEditingInput
[2025-08-02 17:53:35] [DEBUG] Console not available, using Read-Host fallback
[2025-08-02 17:53:35] [DEBUG] Main loop: Key received, calling HandleInput
[2025-08-02 17:53:35] [DEBUG] HandleInput: Key pressed: Q (Char: 'q') EditingIndex: 4
[2025-08-02 17:53:35] [DEBUG] HandleInput: In editing mode, delegating to HandleEditingInput
[2025-08-02 17:53:35] [DEBUG] Console not available, using Read-Host fallback
[2025-08-02 17:53:35] [DEBUG] Main loop: Key received, calling HandleInput
[2025-08-02 17:53:35] [DEBUG] HandleInput: Key pressed: Q (Char: 'q') EditingIndex: 4
[2025-08-02 17:53:35] [DEBUG] HandleInput: In editing mode, delegating to HandleEditingInput
[2025-08-02 17:53:35] [DEBUG] Console not available, using Read-Host fallback
[2025-08-02 17:53:35] [DEBUG] Main loop: Key received, calling HandleInput
[2025-08-02 17:53:35] [DEBUG] HandleInput: Key pressed: Q (Char: 'q') EditingIndex: 4
[2025-08-02 17:53:35] [DEBUG] HandleInput: In editing mode, delegating to HandleEditingInput
[2025-08-02 17:53:35] [DEBUG] Console not available, using Read-Host fallback
[2025-08-02 17:53:35] [DEBUG] Main loop: Key received, calling HandleInput
[2025-08-02 17:53:35] [DEBUG] HandleInput: Key pressed: Q (Char: 'q') EditingIndex: 4
[2025-08-02 17:53:35] [DEBUG] HandleInput: In editing mode, delegating to HandleEditingInput
[2025-08-02 17:53:35] [DEBUG] Console not available, using Read-Host fallback
[2025-08-02 17:53:35] [DEBUG] Main loop: Key received, calling HandleInput
[2025-08-02 17:53:35] [DEBUG] HandleInput: Key pressed: Q (Char: 'q') EditingIndex: 4
[2025-08-02 17:53:35] [DEBUG] HandleInput: In editing mode, delegating to HandleEditingInput
[2025-08-02 17:53:35] [DEBUG] Console not available, using Read-Host fallback
[2025-08-02 17:53:35] [DEBUG] Main loop: Key received, calling HandleInput
[2025-08-02 17:53:35] [DEBUG] HandleInput: Key pressed: Q (Char: 'q') EditingIndex: 4
[2025-08-02 17:53:35] [DEBUG] HandleInput: In editing mode, delegating to HandleEditingInput
[2025-08-02 17:53:35] [DEBUG] Console not available, using Read-Host fallback
[2025-08-02 17:53:35] [DEBUG] Main loop: Key received, calling HandleInput
[2025-08-02 17:53:35] [DEBUG] HandleInput: Key pressed: Q (Char: 'q') EditingIndex: 4
[2025-08-02 17:53:35] [DEBUG] HandleInput: In editing mode, delegating to HandleEditingInput
[2025-08-02 17:53:35] [DEBUG] Console not available, using Read-Host fallback
[2025-08-02 17:53:35] [DEBUG] Main loop: Key received, calling HandleInput
[2025-08-02 17:53:35] [DEBUG] HandleInput: Key pressed: Q (Char: 'q') EditingIndex: 4
[2025-08-02 17:53:35] [DEBUG] HandleInput: In editing mode, delegating to HandleEditingInput
[2025-08-02 17:53:35] [DEBUG] Console not available, using Read-Host fallback
[2025-08-02 17:53:35] [DEBUG] Main loop: Key received, calling HandleInput
[2025-08-02 17:53:35] [DEBUG] HandleInput: Key pressed: Q (Char: 'q') EditingIndex: 4
[2025-08-02 17:53:35] [DEBUG] HandleInput: In editing mode, delegating to HandleEditingInput
[2025-08-02 17:53:35] [DEBUG] Console not available, using Read-Host fallback
[2025-08-02 17:53:35] [DEBUG] Main loop: Key received, calling HandleInput
[2025-08-02 17:53:35] [DEBUG] HandleInput: Key pressed: Q (Char: 'q') EditingIndex: 4
[2025-08-02 17:53:35] [DEBUG] HandleInput: In editing mode, delegating to HandleEditingInput
[2025-08-02 17:53:35] [DEBUG] Console not available, using Read-Host fallback
[2025-08-02 17:53:35] [DEBUG] Main loop: Key received, calling HandleInput
[2025-08-02 17:53:35] [DEBUG] HandleInput: Key pressed: Q (Char: 'q') EditingIndex: 4
[2025-08-02 17:53:35] [DEBUG] HandleInput: In editing mode, delegating to HandleEditingInput
[2025-08-02 17:53:35] [DEBUG] Console not available, using Read-Host fallback
[2025-08-02 17:53:35] [DEBUG] Main loop: Key received, calling HandleInput
[2025-08-02 17:53:35] [DEBUG] HandleInput: Key pressed: Q (Char: 'q') EditingIndex: 4
[2025-08-02 17:53:35] [DEBUG] HandleInput: In editing mode, delegating to HandleEditingInput
[2025-08-02 17:53:35] [DEBUG] Console not available, using Read-Host fallback
[2025-08-02 17:53:35] [DEBUG] Main loop: Key received, calling HandleInput
[2025-08-02 17:53:35] [DEBUG] HandleInput: Key pressed: Q (Char: 'q') EditingIndex: 4
[2025-08-02 17:53:35] [DEBUG] HandleInput: In editing mode, delegating to HandleEditingInput
[2025-08-02 17:53:35] [DEBUG] Console not available, using Read-Host fallback
[2025-08-02 17:53:35] [DEBUG] Main loop: Key received, calling HandleInput
[2025-08-02 17:53:35] [DEBUG] HandleInput: Key pressed: Q (Char: 'q') EditingIndex: 4
[2025-08-02 17:53:35] [DEBUG] HandleInput: In editing mode, delegating to HandleEditingInput
[2025-08-02 17:53:35] [DEBUG] Console not available, using Read-Host fallback
[2025-08-02 17:53:35] [DEBUG] Main loop: Key received, calling HandleInput
[2025-08-02 17:53:35] [DEBUG] HandleInput: Key pressed: Q (Char: 'q') EditingIndex: 4
[2025-08-02 17:53:35] [DEBUG] HandleInput: In editing mode, delegating to HandleEditingInput
[2025-08-02 17:53:35] [DEBUG] Console not available, using Read-Host fallback
[2025-08-02 17:53:35] [DEBUG] Main loop: Key received, calling HandleInput
[2025-08-02 17:53:35] [DEBUG] HandleInput: Key pressed: Q (Char: 'q') EditingIndex: 4
[2025-08-02 17:53:35] [DEBUG] HandleInput: In editing mode, delegating to HandleEditingInput
[2025-08-02 17:53:36] [DEBUG] Console not available, using Read-Host fallback
[2025-08-02 17:53:36] [DEBUG] Main loop: Key received, calling HandleInput
[2025-08-02 17:53:36] [DEBUG] HandleInput: Key pressed: Q (Char: 'q') EditingIndex: 4
[2025-08-02 17:53:36] [DEBUG] HandleInput: In editing mode, delegating to HandleEditingInput
[2025-08-02 17:53:36] [DEBUG] Console not available, using Read-Host fallback
[2025-08-02 17:53:36] [DEBUG] Main loop: Key received, calling HandleInput
[2025-08-02 17:53:36] [DEBUG] HandleInput: Key pressed: Q (Char: 'q') EditingIndex: 4
[2025-08-02 17:53:36] [DEBUG] HandleInput: In editing mode, delegating to HandleEditingInput
[2025-08-02 17:53:36] [DEBUG] Console not available, using Read-Host fallback
[2025-08-02 17:53:36] [DEBUG] Main loop: Key received, calling HandleInput
[2025-08-02 17:53:36] [DEBUG] HandleInput: Key pressed: Q (Char: 'q') EditingIndex: 4
[2025-08-02 17:53:36] [DEBUG] HandleInput: In editing mode, delegating to HandleEditingInput
[2025-08-02 17:53:36] [DEBUG] Console not available, using Read-Host fallback
[2025-08-02 17:53:36] [DEBUG] Main loop: Key received, calling HandleInput
[2025-08-02 17:53:36] [DEBUG] HandleInput: Key pressed: Q (Char: 'q') EditingIndex: 4
[2025-08-02 17:53:36] [DEBUG] HandleInput: In editing mode, delegating to HandleEditingInput
[2025-08-02 17:53:36] [DEBUG] Console not available, using Read-Host fallback
[2025-08-02 17:53:36] [DEBUG] Main loop: Key received, calling HandleInput
[2025-08-02 17:53:36] [DEBUG] HandleInput: Key pressed: Q (Char: 'q') EditingIndex: 4
[2025-08-02 17:53:36] [DEBUG] HandleInput: In editing mode, delegating to HandleEditingInput
[2025-08-02 17:53:36] [DEBUG] Console not available, using Read-Host fallback
[2025-08-02 17:53:36] [DEBUG] Main loop: Key received, calling HandleInput
[2025-08-02 17:53:36] [DEBUG] HandleInput: Key pressed: Q (Char: 'q') EditingIndex: 4
[2025-08-02 17:53:36] [DEBUG] HandleInput: In editing mode, delegating to HandleEditingInput
[2025-08-02 17:53:36] [DEBUG] Console not available, using Read-Host fallback
[2025-08-02 17:53:36] [DEBUG] Main loop: Key received, calling HandleInput
[2025-08-02 17:53:36] [DEBUG] HandleInput: Key pressed: Q (Char: 'q') EditingIndex: 4
[2025-08-02 17:53:36] [DEBUG] HandleInput: In editing mode, delegating to HandleEditingInput
[2025-08-02 17:53:36] [DEBUG] Console not available, using Read-Host fallback
[2025-08-02 17:53:36] [DEBUG] Main loop: Key received, calling HandleInput
[2025-08-02 17:53:36] [DEBUG] HandleInput: Key pressed: Q (Char: 'q') EditingIndex: 4
[2025-08-02 17:53:36] [DEBUG] HandleInput: In editing mode, delegating to HandleEditingInput
[2025-08-02 17:53:36] [DEBUG] Console not available, using Read-Host fallback
[2025-08-02 17:53:36] [DEBUG] Main loop: Key received, calling HandleInput
[2025-08-02 17:53:36] [DEBUG] HandleInput: Key pressed: Q (Char: 'q') EditingIndex: 4
[2025-08-02 17:53:36] [DEBUG] HandleInput: In editing mode, delegating to HandleEditingInput
[2025-08-02 17:53:36] [DEBUG] Console not available, using Read-Host fallback
[2025-08-02 17:53:36] [DEBUG] Main loop: Key received, calling HandleInput
[2025-08-02 17:53:36] [DEBUG] HandleInput: Key pressed: Q (Char: 'q') EditingIndex: 4
[2025-08-02 17:53:36] [DEBUG] HandleInput: In editing mode, delegating to HandleEditingInput
[2025-08-02 17:53:36] [DEBUG] Console not available, using Read-Host fallback
[2025-08-02 17:53:36] [DEBUG] Main loop: Key received, calling HandleInput
[2025-08-02 17:53:36] [DEBUG] HandleInput: Key pressed: Q (Char: 'q') EditingIndex: 4
[2025-08-02 17:53:36] [DEBUG] HandleInput: In editing mode, delegating to HandleEditingInput
[2025-08-02 17:53:36] [DEBUG] Console not available, using Read-Host fallback
[2025-08-02 17:53:36] [DEBUG] Main loop: Key received, calling HandleInput
[2025-08-02 17:53:36] [DEBUG] HandleInput: Key pressed: Q (Char: 'q') EditingIndex: 4
[2025-08-02 17:53:36] [DEBUG] HandleInput: In editing mode, delegating to HandleEditingInput
[2025-08-02 17:53:36] [DEBUG] Console not available, using Read-Host fallback
[2025-08-02 17:53:36] [DEBUG] Main loop: Key received, calling HandleInput
[2025-08-02 17:53:36] [DEBUG] HandleInput: Key pressed: Q (Char: 'q') EditingIndex: 4
[2025-08-02 17:53:36] [DEBUG] HandleInput: In editing mode, delegating to HandleEditingInput
[2025-08-02 17:53:36] [DEBUG] Console not available, using Read-Host fallback
[2025-08-02 17:53:36] [DEBUG] Main loop: Key received, calling HandleInput
[2025-08-02 17:53:36] [DEBUG] HandleInput: Key pressed: Q (Char: 'q') EditingIndex: 4
[2025-08-02 17:53:36] [DEBUG] HandleInput: In editing mode, delegating to HandleEditingInput
[2025-08-02 17:53:36] [DEBUG] Console not available, using Read-Host fallback
[2025-08-02 17:53:36] [DEBUG] Main loop: Key received, calling HandleInput
[2025-08-02 17:53:36] [DEBUG] HandleInput: Key pressed: Q (Char: 'q') EditingIndex: 4
[2025-08-02 17:53:36] [DEBUG] HandleInput: In editing mode, delegating to HandleEditingInput
[2025-08-02 17:53:36] [DEBUG] Console not available, using Read-Host fallback
[2025-08-02 17:53:36] [DEBUG] Main loop: Key received, calling HandleInput
[2025-08-02 17:53:36] [DEBUG] HandleInput: Key pressed: Q (Char: 'q') EditingIndex: 4
[2025-08-02 17:53:36] [DEBUG] HandleInput: In editing mode, delegating to HandleEditingInput
[2025-08-02 17:53:36] [DEBUG] Console not available, using Read-Host fallback
[2025-08-02 17:53:36] [DEBUG] Main loop: Key received, calling HandleInput
[2025-08-02 17:53:36] [DEBUG] HandleInput: Key pressed: Q (Char: 'q') EditingIndex: 4
[2025-08-02 17:53:36] [DEBUG] HandleInput: In editing mode, delegating to HandleEditingInput
[2025-08-02 17:53:36] [DEBUG] Console not available, using Read-Host fallback
[2025-08-02 17:53:36] [DEBUG] Main loop: Key received, calling HandleInput
[2025-08-02 17:53:36] [DEBUG] HandleInput: Key pressed: Q (Char: 'q') EditingIndex: 4
[2025-08-02 17:53:36] [DEBUG] HandleInput: In editing mode, delegating to HandleEditingInput
[2025-08-02 17:53:36] [DEBUG] Console not available, using Read-Host fallback
[2025-08-02 17:53:36] [DEBUG] Main loop: Key received, calling HandleInput
[2025-08-02 17:53:36] [DEBUG] HandleInput: Key pressed: Q (Char: 'q') EditingIndex: 4
[2025-08-02 17:53:36] [DEBUG] HandleInput: In editing mode, delegating to HandleEditingInput
[2025-08-02 17:53:36] [DEBUG] Console not available, using Read-Host fallback
[2025-08-02 17:53:36] [DEBUG] Main loop: Key received, calling HandleInput
[2025-08-02 17:53:36] [DEBUG] HandleInput: Key pressed: Q (Char: 'q') EditingIndex: 4
[2025-08-02 17:53:36] [DEBUG] HandleInput: In editing mode, delegating to HandleEditingInput
[2025-08-02 17:53:36] [DEBUG] Console not available, using Read-Host fallback
[2025-08-02 17:53:36] [DEBUG] Main loop: Key received, calling HandleInput
[2025-08-02 17:53:36] [DEBUG] HandleInput: Key pressed: Q (Char: 'q') EditingIndex: 4
[2025-08-02 17:53:36] [DEBUG] HandleInput: In editing mode, delegating to HandleEditingInput
[2025-08-02 17:53:36] [DEBUG] Console not available, using Read-Host fallback
[2025-08-02 17:53:36] [DEBUG] Main loop: Key received, calling HandleInput
[2025-08-02 17:53:36] [DEBUG] HandleInput: Key pressed: Q (Char: 'q') EditingIndex: 4
[2025-08-02 17:53:36] [DEBUG] HandleInput: In editing mode, delegating to HandleEditingInput
[2025-08-02 17:53:36] [DEBUG] Console not available, using Read-Host fallback
[2025-08-02 17:53:36] [DEBUG] Main loop: Key received, calling HandleInput
[2025-08-02 17:53:36] [DEBUG] HandleInput: Key pressed: Q (Char: 'q') EditingIndex: 4
[2025-08-02 17:53:36] [DEBUG] HandleInput: In editing mode, delegating to HandleEditingInput
[2025-08-02 17:53:36] [DEBUG] Console not available, using Read-Host fallback
[2025-08-02 17:53:36] [DEBUG] Main loop: Key received, calling HandleInput
[2025-08-02 17:53:36] [DEBUG] HandleInput: Key pressed: Q (Char: 'q') EditingIndex: 4
[2025-08-02 17:53:36] [DEBUG] HandleInput: In editing mode, delegating to HandleEditingInput
[2025-08-02 17:53:36] [DEBUG] Console not available, using Read-Host fallback
[2025-08-02 17:53:36] [DEBUG] Main loop: Key received, calling HandleInput
[2025-08-02 17:53:36] [DEBUG] HandleInput: Key pressed: Q (Char: 'q') EditingIndex: 4
[2025-08-02 17:53:36] [DEBUG] HandleInput: In editing mode, delegating to HandleEditingInput
[2025-08-02 17:53:37] [DEBUG] Console not available, using Read-Host fallback
[2025-08-02 17:53:37] [DEBUG] Main loop: Key received, calling HandleInput
[2025-08-02 17:53:37] [DEBUG] HandleInput: Key pressed: Q (Char: 'q') EditingIndex: 4
[2025-08-02 17:53:37] [DEBUG] HandleInput: In editing mode, delegating to HandleEditingInput
[2025-08-02 17:53:37] [DEBUG] Console not available, using Read-Host fallback
[2025-08-02 17:53:37] [DEBUG] Main loop: Key received, calling HandleInput
[2025-08-02 17:53:37] [DEBUG] HandleInput: Key pressed: Q (Char: 'q') EditingIndex: 4
[2025-08-02 17:53:37] [DEBUG] HandleInput: In editing mode, delegating to HandleEditingInput
[2025-08-02 17:53:37] [DEBUG] Console not available, using Read-Host fallback
[2025-08-02 17:53:37] [DEBUG] Main loop: Key received, calling HandleInput
[2025-08-02 17:53:37] [DEBUG] HandleInput: Key pressed: Q (Char: 'q') EditingIndex: 4
[2025-08-02 17:53:37] [DEBUG] HandleInput: In editing mode, delegating to HandleEditingInput
[2025-08-02 17:53:37] [DEBUG] Console not available, using Read-Host fallback
[2025-08-02 17:53:37] [DEBUG] Main loop: Key received, calling HandleInput
[2025-08-02 17:53:37] [DEBUG] HandleInput: Key pressed: Q (Char: 'q') EditingIndex: 4
[2025-08-02 17:53:37] [DEBUG] HandleInput: In editing mode, delegating to HandleEditingInput
[2025-08-02 17:53:37] [DEBUG] Console not available, using Read-Host fallback
[2025-08-02 17:53:37] [DEBUG] Main loop: Key received, calling HandleInput
[2025-08-02 17:53:37] [DEBUG] HandleInput: Key pressed: Q (Char: 'q') EditingIndex: 4
[2025-08-02 17:53:37] [DEBUG] HandleInput: In editing mode, delegating to HandleEditingInput
[2025-08-02 17:53:37] [DEBUG] Console not available, using Read-Host fallback
[2025-08-02 17:53:37] [DEBUG] Main loop: Key received, calling HandleInput
[2025-08-02 17:53:37] [DEBUG] HandleInput: Key pressed: Q (Char: 'q') EditingIndex: 4
[2025-08-02 17:53:37] [DEBUG] HandleInput: In editing mode, delegating to HandleEditingInput
[2025-08-02 17:53:37] [DEBUG] Console not available, using Read-Host fallback
[2025-08-02 17:53:37] [DEBUG] Main loop: Key received, calling HandleInput
[2025-08-02 17:53:37] [DEBUG] HandleInput: Key pressed: Q (Char: 'q') EditingIndex: 4
[2025-08-02 17:53:37] [DEBUG] HandleInput: In editing mode, delegating to HandleEditingInput
[2025-08-02 17:53:37] [DEBUG] Console not available, using Read-Host fallback
[2025-08-02 17:53:37] [DEBUG] Main loop: Key received, calling HandleInput
[2025-08-02 17:53:37] [DEBUG] HandleInput: Key pressed: Q (Char: 'q') EditingIndex: 4
[2025-08-02 17:53:37] [DEBUG] HandleInput: In editing mode, delegating to HandleEditingInput
[2025-08-02 17:53:37] [DEBUG] Console not available, using Read-Host fallback
[2025-08-02 17:53:37] [DEBUG] Main loop: Key received, calling HandleInput
[2025-08-02 17:53:37] [DEBUG] HandleInput: Key pressed: Q (Char: 'q') EditingIndex: 4
[2025-08-02 17:53:37] [DEBUG] HandleInput: In editing mode, delegating to HandleEditingInput
[2025-08-02 17:53:37] [DEBUG] Console not available, using Read-Host fallback
[2025-08-02 17:53:37] [DEBUG] Main loop: Key received, calling HandleInput
[2025-08-02 17:53:37] [DEBUG] HandleInput: Key pressed: Q (Char: 'q') EditingIndex: 4
[2025-08-02 17:53:37] [DEBUG] HandleInput: In editing mode, delegating to HandleEditingInput
[2025-08-02 17:53:37] [DEBUG] Console not available, using Read-Host fallback
[2025-08-02 17:53:37] [DEBUG] Main loop: Key received, calling HandleInput
[2025-08-02 17:53:37] [DEBUG] HandleInput: Key pressed: Q (Char: 'q') EditingIndex: 4
[2025-08-02 17:53:37] [DEBUG] HandleInput: In editing mode, delegating to HandleEditingInput
[2025-08-02 17:53:37] [DEBUG] Console not available, using Read-Host fallback
[2025-08-02 17:53:37] [DEBUG] Main loop: Key received, calling HandleInput
[2025-08-02 17:53:37] [DEBUG] HandleInput: Key pressed: Q (Char: 'q') EditingIndex: 4
[2025-08-02 17:53:37] [DEBUG] HandleInput: In editing mode, delegating to HandleEditingInput
[2025-08-02 17:53:37] [DEBUG] Console not available, using Read-Host fallback
[2025-08-02 17:53:37] [DEBUG] Main loop: Key received, calling HandleInput
[2025-08-02 17:53:37] [DEBUG] HandleInput: Key pressed: Q (Char: 'q') EditingIndex: 4
[2025-08-02 17:53:37] [DEBUG] HandleInput: In editing mode, delegating to HandleEditingInput
[2025-08-02 17:53:37] [DEBUG] Console not available, using Read-Host fallback
[2025-08-02 17:53:37] [DEBUG] Main loop: Key received, calling HandleInput
[2025-08-02 17:53:37] [DEBUG] HandleInput: Key pressed: Q (Char: 'q') EditingIndex: 4
[2025-08-02 17:53:37] [DEBUG] HandleInput: In editing mode, delegating to HandleEditingInput
[2025-08-02 17:53:37] [DEBUG] Console not available, using Read-Host fallback
[2025-08-02 17:53:37] [DEBUG] Main loop: Key received, calling HandleInput
[2025-08-02 17:53:37] [DEBUG] HandleInput: Key pressed: Q (Char: 'q') EditingIndex: 4
[2025-08-02 17:53:37] [DEBUG] HandleInput: In editing mode, delegating to HandleEditingInput
[2025-08-02 17:53:37] [DEBUG] Console not available, using Read-Host fallback
[2025-08-02 17:53:37] [DEBUG] Main loop: Key received, calling HandleInput
[2025-08-02 17:53:37] [DEBUG] HandleInput: Key pressed: Q (Char: 'q') EditingIndex: 4
[2025-08-02 17:53:37] [DEBUG] HandleInput: In editing mode, delegating to HandleEditingInput
[2025-08-02 17:53:37] [DEBUG] Console not available, using Read-Host fallback
[2025-08-02 17:53:37] [DEBUG] Main loop: Key received, calling HandleInput
[2025-08-02 17:53:37] [DEBUG] HandleInput: Key pressed: Q (Char: 'q') EditingIndex: 4
[2025-08-02 17:53:37] [DEBUG] HandleInput: In editing mode, delegating to HandleEditingInput
[2025-08-02 17:53:37] [DEBUG] Console not available, using Read-Host fallback
[2025-08-02 17:53:37] [DEBUG] Main loop: Key received, calling HandleInput
[2025-08-02 17:53:37] [DEBUG] HandleInput: Key pressed: Q (Char: 'q') EditingIndex: 4
[2025-08-02 17:53:37] [DEBUG] HandleInput: In editing mode, delegating to HandleEditingInput
[2025-08-02 17:53:37] [DEBUG] Console not available, using Read-Host fallback
[2025-08-02 17:53:37] [DEBUG] Main loop: Key received, calling HandleInput
[2025-08-02 17:53:37] [DEBUG] HandleInput: Key pressed: Q (Char: 'q') EditingIndex: 4
[2025-08-02 17:53:37] [DEBUG] HandleInput: In editing mode, delegating to HandleEditingInput
[2025-08-02 17:53:37] [DEBUG] Console not available, using Read-Host fallback
[2025-08-02 17:53:37] [DEBUG] Main loop: Key received, calling HandleInput
[2025-08-02 17:53:37] [DEBUG] HandleInput: Key pressed: Q (Char: 'q') EditingIndex: 4
[2025-08-02 17:53:37] [DEBUG] HandleInput: In editing mode, delegating to HandleEditingInput
[2025-08-02 17:53:37] [DEBUG] Console not available, using Read-Host fallback
[2025-08-02 17:53:37] [DEBUG] Main loop: Key received, calling HandleInput
[2025-08-02 17:53:37] [DEBUG] HandleInput: Key pressed: Q (Char: 'q') EditingIndex: 4
[2025-08-02 17:53:37] [DEBUG] HandleInput: In editing mode, delegating to HandleEditingInput
[2025-08-02 17:53:37] [DEBUG] Console not available, using Read-Host fallback
[2025-08-02 17:53:37] [DEBUG] Main loop: Key received, calling HandleInput
[2025-08-02 17:53:37] [DEBUG] HandleInput: Key pressed: Q (Char: 'q') EditingIndex: 4
[2025-08-02 17:53:37] [DEBUG] HandleInput: In editing mode, delegating to HandleEditingInput
[2025-08-02 17:53:37] [DEBUG] Console not available, using Read-Host fallback
[2025-08-02 17:53:37] [DEBUG] Main loop: Key received, calling HandleInput
[2025-08-02 17:53:37] [DEBUG] HandleInput: Key pressed: Q (Char: 'q') EditingIndex: 4
[2025-08-02 17:53:37] [DEBUG] HandleInput: In editing mode, delegating to HandleEditingInput
[2025-08-02 17:53:37] [DEBUG] Console not available, using Read-Host fallback
[2025-08-02 17:53:37] [DEBUG] Main loop: Key received, calling HandleInput
[2025-08-02 17:53:37] [DEBUG] HandleInput: Key pressed: Q (Char: 'q') EditingIndex: 4
[2025-08-02 17:53:37] [DEBUG] HandleInput: In editing mode, delegating to HandleEditingInput
[2025-08-02 17:53:37] [DEBUG] Console not available, using Read-Host fallback
[2025-08-02 17:53:37] [DEBUG] Main loop: Key received, calling HandleInput
[2025-08-02 17:53:37] [DEBUG] HandleInput: Key pressed: Q (Char: 'q') EditingIndex: 4
[2025-08-02 17:53:37] [DEBUG] HandleInput: In editing mode, delegating to HandleEditingInput
[2025-08-02 17:53:38] [DEBUG] Console not available, using Read-Host fallback
[2025-08-02 17:53:38] [DEBUG] Main loop: Key received, calling HandleInput
[2025-08-02 17:53:38] [DEBUG] HandleInput: Key pressed: Q (Char: 'q') EditingIndex: 4
[2025-08-02 17:53:38] [DEBUG] HandleInput: In editing mode, delegating to HandleEditingInput
[2025-08-02 17:53:38] [DEBUG] Console not available, using Read-Host fallback
[2025-08-02 17:53:38] [DEBUG] Main loop: Key received, calling HandleInput
[2025-08-02 17:53:38] [DEBUG] HandleInput: Key pressed: Q (Char: 'q') EditingIndex: 4
[2025-08-02 17:53:38] [DEBUG] HandleInput: In editing mode, delegating to HandleEditingInput
[2025-08-02 17:53:38] [DEBUG] Console not available, using Read-Host fallback
[2025-08-02 17:53:38] [DEBUG] Main loop: Key received, calling HandleInput
[2025-08-02 17:53:38] [DEBUG] HandleInput: Key pressed: Q (Char: 'q') EditingIndex: 4
[2025-08-02 17:53:38] [DEBUG] HandleInput: In editing mode, delegating to HandleEditingInput
[2025-08-02 17:53:38] [DEBUG] Console not available, using Read-Host fallback
[2025-08-02 17:53:38] [DEBUG] Main loop: Key received, calling HandleInput
[2025-08-02 17:53:38] [DEBUG] HandleInput: Key pressed: Q (Char: 'q') EditingIndex: 4
[2025-08-02 17:53:38] [DEBUG] HandleInput: In editing mode, delegating to HandleEditingInput
[2025-08-02 17:53:38] [DEBUG] Console not available, using Read-Host fallback
[2025-08-02 17:53:38] [DEBUG] Main loop: Key received, calling HandleInput
[2025-08-02 17:53:38] [DEBUG] HandleInput: Key pressed: Q (Char: 'q') EditingIndex: 4
[2025-08-02 17:53:38] [DEBUG] HandleInput: In editing mode, delegating to HandleEditingInput
[2025-08-02 17:53:38] [DEBUG] Console not available, using Read-Host fallback
[2025-08-02 17:53:38] [DEBUG] Main loop: Key received, calling HandleInput
[2025-08-02 17:53:38] [DEBUG] HandleInput: Key pressed: Q (Char: 'q') EditingIndex: 4
[2025-08-02 17:53:38] [DEBUG] HandleInput: In editing mode, delegating to HandleEditingInput
[2025-08-02 17:53:38] [DEBUG] Console not available, using Read-Host fallback
[2025-08-02 17:53:38] [DEBUG] Main loop: Key received, calling HandleInput
[2025-08-02 17:53:38] [DEBUG] HandleInput: Key pressed: Q (Char: 'q') EditingIndex: 4
[2025-08-02 17:53:38] [DEBUG] HandleInput: In editing mode, delegating to HandleEditingInput
[2025-08-02 17:53:38] [DEBUG] Console not available, using Read-Host fallback
[2025-08-02 17:53:38] [DEBUG] Main loop: Key received, calling HandleInput
[2025-08-02 17:53:38] [DEBUG] HandleInput: Key pressed: Q (Char: 'q') EditingIndex: 4
[2025-08-02 17:53:38] [DEBUG] HandleInput: In editing mode, delegating to HandleEditingInput
[2025-08-02 17:53:38] [DEBUG] Console not available, using Read-Host fallback
[2025-08-02 17:53:38] [DEBUG] Main loop: Key received, calling HandleInput
[2025-08-02 17:53:38] [DEBUG] HandleInput: Key pressed: Q (Char: 'q') EditingIndex: 4
[2025-08-02 17:53:38] [DEBUG] HandleInput: In editing mode, delegating to HandleEditingInput
[2025-08-02 17:53:38] [DEBUG] Console not available, using Read-Host fallback
[2025-08-02 17:53:38] [DEBUG] Main loop: Key received, calling HandleInput
[2025-08-02 17:53:38] [DEBUG] HandleInput: Key pressed: Q (Char: 'q') EditingIndex: 4
[2025-08-02 17:53:38] [DEBUG] HandleInput: In editing mode, delegating to HandleEditingInput
[2025-08-02 17:53:38] [DEBUG] Console not available, using Read-Host fallback
[2025-08-02 17:53:38] [DEBUG] Main loop: Key received, calling HandleInput
[2025-08-02 17:53:38] [DEBUG] HandleInput: Key pressed: Q (Char: 'q') EditingIndex: 4
[2025-08-02 17:53:38] [DEBUG] HandleInput: In editing mode, delegating to HandleEditingInput
[2025-08-02 17:53:38] [DEBUG] Console not available, using Read-Host fallback
[2025-08-02 17:53:38] [DEBUG] Main loop: Key received, calling HandleInput
[2025-08-02 17:53:38] [DEBUG] HandleInput: Key pressed: Q (Char: 'q') EditingIndex: 4
[2025-08-02 17:53:38] [DEBUG] HandleInput: In editing mode, delegating to HandleEditingInput
[2025-08-02 17:53:38] [DEBUG] Console not available, using Read-Host fallback
[2025-08-02 17:53:38] [DEBUG] Main loop: Key received, calling HandleInput
[2025-08-02 17:53:38] [DEBUG] HandleInput: Key pressed: Q (Char: 'q') EditingIndex: 4
[2025-08-02 17:53:38] [DEBUG] HandleInput: In editing mode, delegating to HandleEditingInput
[2025-08-02 17:53:38] [DEBUG] Console not available, using Read-Host fallback
[2025-08-02 17:53:38] [DEBUG] Main loop: Key received, calling HandleInput
[2025-08-02 17:53:38] [DEBUG] HandleInput: Key pressed: Q (Char: 'q') EditingIndex: 4
[2025-08-02 17:53:38] [DEBUG] HandleInput: In editing mode, delegating to HandleEditingInput
[2025-08-02 17:53:38] [DEBUG] Console not available, using Read-Host fallback
[2025-08-02 17:53:38] [DEBUG] Main loop: Key received, calling HandleInput
[2025-08-02 17:53:38] [DEBUG] HandleInput: Key pressed: Q (Char: 'q') EditingIndex: 4
[2025-08-02 17:53:38] [DEBUG] HandleInput: In editing mode, delegating to HandleEditingInput
[2025-08-02 17:53:38] [DEBUG] Console not available, using Read-Host fallback
[2025-08-02 17:53:38] [DEBUG] Main loop: Key received, calling HandleInput
[2025-08-02 17:53:38] [DEBUG] HandleInput: Key pressed: Q (Char: 'q') EditingIndex: 4
[2025-08-02 17:53:38] [DEBUG] HandleInput: In editing mode, delegating to HandleEditingInput
[2025-08-02 17:53:38] [DEBUG] Console not available, using Read-Host fallback
[2025-08-02 17:53:38] [DEBUG] Main loop: Key received, calling HandleInput
[2025-08-02 17:53:38] [DEBUG] HandleInput: Key pressed: Q (Char: 'q') EditingIndex: 4
[2025-08-02 17:53:38] [DEBUG] HandleInput: In editing mode, delegating to HandleEditingInput
[2025-08-02 17:53:38] [DEBUG] Console not available, using Read-Host fallback
[2025-08-02 17:53:38] [DEBUG] Main loop: Key received, calling HandleInput
[2025-08-02 17:53:38] [DEBUG] HandleInput: Key pressed: Q (Char: 'q') EditingIndex: 4
[2025-08-02 17:53:38] [DEBUG] HandleInput: In editing mode, delegating to HandleEditingInput
[2025-08-02 17:53:38] [DEBUG] Console not available, using Read-Host fallback
[2025-08-02 17:53:38] [DEBUG] Main loop: Key received, calling HandleInput
[2025-08-02 17:53:38] [DEBUG] HandleInput: Key pressed: Q (Char: 'q') EditingIndex: 4
[2025-08-02 17:53:38] [DEBUG] HandleInput: In editing mode, delegating to HandleEditingInput
[2025-08-02 17:53:38] [DEBUG] Console not available, using Read-Host fallback
[2025-08-02 17:53:38] [DEBUG] Main loop: Key received, calling HandleInput
[2025-08-02 17:53:38] [DEBUG] HandleInput: Key pressed: Q (Char: 'q') EditingIndex: 4
[2025-08-02 17:53:38] [DEBUG] HandleInput: In editing mode, delegating to HandleEditingInput
[2025-08-02 17:53:38] [DEBUG] Console not available, using Read-Host fallback
[2025-08-02 17:53:38] [DEBUG] Main loop: Key received, calling HandleInput
[2025-08-02 17:53:38] [DEBUG] HandleInput: Key pressed: Q (Char: 'q') EditingIndex: 4
[2025-08-02 17:53:38] [DEBUG] HandleInput: In editing mode, delegating to HandleEditingInput
[2025-08-02 17:53:38] [DEBUG] Console not available, using Read-Host fallback
[2025-08-02 17:53:38] [DEBUG] Main loop: Key received, calling HandleInput
[2025-08-02 17:53:38] [DEBUG] HandleInput: Key pressed: Q (Char: 'q') EditingIndex: 4
[2025-08-02 17:53:38] [DEBUG] HandleInput: In editing mode, delegating to HandleEditingInput
[2025-08-02 17:53:39] [DEBUG] Console not available, using Read-Host fallback
[2025-08-02 17:53:39] [DEBUG] Main loop: Key received, calling HandleInput
[2025-08-02 17:53:39] [DEBUG] HandleInput: Key pressed: Q (Char: 'q') EditingIndex: 4
[2025-08-02 17:53:39] [DEBUG] HandleInput: In editing mode, delegating to HandleEditingInput
[2025-08-02 17:53:39] [DEBUG] Console not available, using Read-Host fallback
[2025-08-02 17:53:39] [DEBUG] Main loop: Key received, calling HandleInput
[2025-08-02 17:53:39] [DEBUG] HandleInput: Key pressed: Q (Char: 'q') EditingIndex: 4
[2025-08-02 17:53:39] [DEBUG] HandleInput: In editing mode, delegating to HandleEditingInput
[2025-08-02 17:53:39] [DEBUG] Console not available, using Read-Host fallback
[2025-08-02 17:53:39] [DEBUG] Main loop: Key received, calling HandleInput
[2025-08-02 17:53:39] [DEBUG] HandleInput: Key pressed: Q (Char: 'q') EditingIndex: 4
[2025-08-02 17:53:39] [DEBUG] HandleInput: In editing mode, delegating to HandleEditingInput
[2025-08-02 17:53:39] [DEBUG] Console not available, using Read-Host fallback
[2025-08-02 17:53:39] [DEBUG] Main loop: Key received, calling HandleInput
[2025-08-02 17:53:39] [DEBUG] HandleInput: Key pressed: Q (Char: 'q') EditingIndex: 4
[2025-08-02 17:53:39] [DEBUG] HandleInput: In editing mode, delegating to HandleEditingInput
[2025-08-02 17:53:39] [DEBUG] Console not available, using Read-Host fallback
[2025-08-02 17:53:39] [DEBUG] Main loop: Key received, calling HandleInput
[2025-08-02 17:53:39] [DEBUG] HandleInput: Key pressed: Q (Char: 'q') EditingIndex: 4
[2025-08-02 17:53:39] [DEBUG] HandleInput: In editing mode, delegating to HandleEditingInput
[2025-08-02 17:53:39] [DEBUG] Console not available, using Read-Host fallback
[2025-08-02 17:53:39] [DEBUG] Main loop: Key received, calling HandleInput
[2025-08-02 17:53:39] [DEBUG] HandleInput: Key pressed: Q (Char: 'q') EditingIndex: 4
[2025-08-02 17:53:39] [DEBUG] HandleInput: In editing mode, delegating to HandleEditingInput
[2025-08-02 17:53:39] [DEBUG] Console not available, using Read-Host fallback
[2025-08-02 17:53:39] [DEBUG] Main loop: Key received, calling HandleInput
[2025-08-02 17:53:39] [DEBUG] HandleInput: Key pressed: Q (Char: 'q') EditingIndex: 4
[2025-08-02 17:53:39] [DEBUG] HandleInput: In editing mode, delegating to HandleEditingInput
[2025-08-02 17:53:39] [DEBUG] Console not available, using Read-Host fallback
[2025-08-02 17:53:39] [DEBUG] Main loop: Key received, calling HandleInput
[2025-08-02 17:53:39] [DEBUG] HandleInput: Key pressed: Q (Char: 'q') EditingIndex: 4
[2025-08-02 17:53:39] [DEBUG] HandleInput: In editing mode, delegating to HandleEditingInput
[2025-08-02 17:53:39] [DEBUG] Console not available, using Read-Host fallback
[2025-08-02 17:53:39] [DEBUG] Main loop: Key received, calling HandleInput
[2025-08-02 17:53:39] [DEBUG] HandleInput: Key pressed: Q (Char: 'q') EditingIndex: 4
[2025-08-02 17:53:39] [DEBUG] HandleInput: In editing mode, delegating to HandleEditingInput
[2025-08-02 17:53:39] [DEBUG] Console not available, using Read-Host fallback
[2025-08-02 17:53:39] [DEBUG] Main loop: Key received, calling HandleInput
[2025-08-02 17:53:39] [DEBUG] HandleInput: Key pressed: Q (Char: 'q') EditingIndex: 4
[2025-08-02 17:53:39] [DEBUG] HandleInput: In editing mode, delegating to HandleEditingInput
[2025-08-02 17:53:39] [DEBUG] Console not available, using Read-Host fallback
[2025-08-02 17:53:39] [DEBUG] Main loop: Key received, calling HandleInput
[2025-08-02 17:53:39] [DEBUG] HandleInput: Key pressed: Q (Char: 'q') EditingIndex: 4
[2025-08-02 17:53:39] [DEBUG] HandleInput: In editing mode, delegating to HandleEditingInput
[2025-08-02 17:53:39] [DEBUG] Console not available, using Read-Host fallback
[2025-08-02 17:53:39] [DEBUG] Main loop: Key received, calling HandleInput
[2025-08-02 17:53:39] [DEBUG] HandleInput: Key pressed: Q (Char: 'q') EditingIndex: 4
[2025-08-02 17:53:39] [DEBUG] HandleInput: In editing mode, delegating to HandleEditingInput
[2025-08-02 17:53:39] [DEBUG] Console not available, using Read-Host fallback
[2025-08-02 17:53:39] [DEBUG] Main loop: Key received, calling HandleInput
[2025-08-02 17:53:39] [DEBUG] HandleInput: Key pressed: Q (Char: 'q') EditingIndex: 4
[2025-08-02 17:53:39] [DEBUG] HandleInput: In editing mode, delegating to HandleEditingInput
[2025-08-02 17:53:39] [DEBUG] Console not available, using Read-Host fallback
[2025-08-02 17:53:39] [DEBUG] Main loop: Key received, calling HandleInput
[2025-08-02 17:53:39] [DEBUG] HandleInput: Key pressed: Q (Char: 'q') EditingIndex: 4
[2025-08-02 17:53:39] [DEBUG] HandleInput: In editing mode, delegating to HandleEditingInput
[2025-08-02 17:53:39] [DEBUG] Console not available, using Read-Host fallback
[2025-08-02 17:53:39] [DEBUG] Main loop: Key received, calling HandleInput
[2025-08-02 17:53:39] [DEBUG] HandleInput: Key pressed: Q (Char: 'q') EditingIndex: 4
[2025-08-02 17:53:39] [DEBUG] HandleInput: In editing mode, delegating to HandleEditingInput
[2025-08-02 17:53:39] [DEBUG] Console not available, using Read-Host fallback
[2025-08-02 17:53:39] [DEBUG] Main loop: Key received, calling HandleInput
[2025-08-02 17:53:39] [DEBUG] HandleInput: Key pressed: Q (Char: 'q') EditingIndex: 4
[2025-08-02 17:53:39] [DEBUG] HandleInput: In editing mode, delegating to HandleEditingInput
[2025-08-02 17:53:39] [DEBUG] Console not available, using Read-Host fallback
[2025-08-02 17:53:39] [DEBUG] Main loop: Key received, calling HandleInput
[2025-08-02 17:53:39] [DEBUG] HandleInput: Key pressed: Q (Char: 'q') EditingIndex: 4
[2025-08-02 17:53:39] [DEBUG] HandleInput: In editing mode, delegating to HandleEditingInput
[2025-08-02 17:53:39] [DEBUG] Console not available, using Read-Host fallback
[2025-08-02 17:53:39] [DEBUG] Main loop: Key received, calling HandleInput
[2025-08-02 17:53:39] [DEBUG] HandleInput: Key pressed: Q (Char: 'q') EditingIndex: 4
[2025-08-02 17:53:39] [DEBUG] HandleInput: In editing mode, delegating to HandleEditingInput
[2025-08-02 17:53:39] [DEBUG] Console not available, using Read-Host fallback
[2025-08-02 17:53:39] [DEBUG] Main loop: Key received, calling HandleInput
[2025-08-02 17:53:39] [DEBUG] HandleInput: Key pressed: Q (Char: 'q') EditingIndex: 4
[2025-08-02 17:53:39] [DEBUG] HandleInput: In editing mode, delegating to HandleEditingInput
[2025-08-02 17:53:39] [DEBUG] Console not available, using Read-Host fallback
[2025-08-02 17:53:39] [DEBUG] Main loop: Key received, calling HandleInput
[2025-08-02 17:53:39] [DEBUG] HandleInput: Key pressed: Q (Char: 'q') EditingIndex: 4
[2025-08-02 17:53:39] [DEBUG] HandleInput: In editing mode, delegating to HandleEditingInput
[2025-08-02 17:53:39] [DEBUG] Console not available, using Read-Host fallback
[2025-08-02 17:53:39] [DEBUG] Main loop: Key received, calling HandleInput
[2025-08-02 17:53:39] [DEBUG] HandleInput: Key pressed: Q (Char: 'q') EditingIndex: 4
[2025-08-02 17:53:39] [DEBUG] HandleInput: In editing mode, delegating to HandleEditingInput
[2025-08-02 17:53:39] [DEBUG] Console not available, using Read-Host fallback
[2025-08-02 17:53:39] [DEBUG] Main loop: Key received, calling HandleInput
[2025-08-02 17:53:39] [DEBUG] HandleInput: Key pressed: Q (Char: 'q') EditingIndex: 4
[2025-08-02 17:53:39] [DEBUG] HandleInput: In editing mode, delegating to HandleEditingInput
[2025-08-02 17:53:39] [DEBUG] Console not available, using Read-Host fallback
[2025-08-02 17:53:39] [DEBUG] Main loop: Key received, calling HandleInput
[2025-08-02 17:53:39] [DEBUG] HandleInput: Key pressed: Q (Char: 'q') EditingIndex: 4
[2025-08-02 17:53:39] [DEBUG] HandleInput: In editing mode, delegating to HandleEditingInput
[2025-08-02 17:53:39] [DEBUG] Console not available, using Read-Host fallback
[2025-08-02 17:53:39] [DEBUG] Main loop: Key received, calling HandleInput
[2025-08-02 17:53:39] [DEBUG] HandleInput: Key pressed: Q (Char: 'q') EditingIndex: 4
[2025-08-02 17:53:39] [DEBUG] HandleInput: In editing mode, delegating to HandleEditingInput
[2025-08-02 17:53:39] [DEBUG] Console not available, using Read-Host fallback
[2025-08-02 17:53:39] [DEBUG] Main loop: Key received, calling HandleInput
[2025-08-02 17:53:39] [DEBUG] HandleInput: Key pressed: Q (Char: 'q') EditingIndex: 4
[2025-08-02 17:53:39] [DEBUG] HandleInput: In editing mode, delegating to HandleEditingInput
[2025-08-02 17:53:40] [DEBUG] Console not available, using Read-Host fallback
[2025-08-02 17:53:40] [DEBUG] Main loop: Key received, calling HandleInput
[2025-08-02 17:53:40] [DEBUG] HandleInput: Key pressed: Q (Char: 'q') EditingIndex: 4
[2025-08-02 17:53:40] [DEBUG] HandleInput: In editing mode, delegating to HandleEditingInput
[2025-08-02 17:53:40] [DEBUG] Console not available, using Read-Host fallback
[2025-08-02 17:53:40] [DEBUG] Main loop: Key received, calling HandleInput
[2025-08-02 17:53:40] [DEBUG] HandleInput: Key pressed: Q (Char: 'q') EditingIndex: 4
[2025-08-02 17:53:40] [DEBUG] HandleInput: In editing mode, delegating to HandleEditingInput
[2025-08-02 17:53:40] [DEBUG] Console not available, using Read-Host fallback
[2025-08-02 17:53:40] [DEBUG] Main loop: Key received, calling HandleInput
[2025-08-02 17:53:40] [DEBUG] HandleInput: Key pressed: Q (Char: 'q') EditingIndex: 4
[2025-08-02 17:53:40] [DEBUG] HandleInput: In editing mode, delegating to HandleEditingInput
[2025-08-02 17:53:40] [DEBUG] Console not available, using Read-Host fallback
[2025-08-02 17:53:40] [DEBUG] Main loop: Key received, calling HandleInput
[2025-08-02 17:53:40] [DEBUG] HandleInput: Key pressed: Q (Char: 'q') EditingIndex: 4
[2025-08-02 17:53:40] [DEBUG] HandleInput: In editing mode, delegating to HandleEditingInput
[2025-08-02 17:53:40] [DEBUG] Console not available, using Read-Host fallback
[2025-08-02 17:53:40] [DEBUG] Main loop: Key received, calling HandleInput
[2025-08-02 17:53:40] [DEBUG] HandleInput: Key pressed: Q (Char: 'q') EditingIndex: 4
[2025-08-02 17:53:40] [DEBUG] HandleInput: In editing mode, delegating to HandleEditingInput
[2025-08-02 17:53:40] [DEBUG] Console not available, using Read-Host fallback
[2025-08-02 17:53:40] [DEBUG] Main loop: Key received, calling HandleInput
[2025-08-02 17:53:40] [DEBUG] HandleInput: Key pressed: Q (Char: 'q') EditingIndex: 4
[2025-08-02 17:53:40] [DEBUG] HandleInput: In editing mode, delegating to HandleEditingInput
[2025-08-02 17:53:40] [DEBUG] Console not available, using Read-Host fallback
[2025-08-02 17:53:40] [DEBUG] Main loop: Key received, calling HandleInput
[2025-08-02 17:53:40] [DEBUG] HandleInput: Key pressed: Q (Char: 'q') EditingIndex: 4
[2025-08-02 17:53:40] [DEBUG] HandleInput: In editing mode, delegating to HandleEditingInput
[2025-08-02 17:53:40] [DEBUG] Console not available, using Read-Host fallback
[2025-08-02 17:53:40] [DEBUG] Main loop: Key received, calling HandleInput
[2025-08-02 17:53:40] [DEBUG] HandleInput: Key pressed: Q (Char: 'q') EditingIndex: 4
[2025-08-02 17:53:40] [DEBUG] HandleInput: In editing mode, delegating to HandleEditingInput
[2025-08-02 17:53:40] [DEBUG] Console not available, using Read-Host fallback
[2025-08-02 17:53:40] [DEBUG] Main loop: Key received, calling HandleInput
[2025-08-02 17:53:40] [DEBUG] HandleInput: Key pressed: Q (Char: 'q') EditingIndex: 4
[2025-08-02 17:53:40] [DEBUG] HandleInput: In editing mode, delegating to HandleEditingInput
[2025-08-02 17:53:40] [DEBUG] Console not available, using Read-Host fallback
[2025-08-02 17:53:40] [DEBUG] Main loop: Key received, calling HandleInput
[2025-08-02 17:53:40] [DEBUG] HandleInput: Key pressed: Q (Char: 'q') EditingIndex: 4
[2025-08-02 17:53:40] [DEBUG] HandleInput: In editing mode, delegating to HandleEditingInput
[2025-08-02 17:53:40] [DEBUG] Console not available, using Read-Host fallback
[2025-08-02 17:53:40] [DEBUG] Main loop: Key received, calling HandleInput
[2025-08-02 17:53:40] [DEBUG] HandleInput: Key pressed: Q (Char: 'q') EditingIndex: 4
[2025-08-02 17:53:40] [DEBUG] HandleInput: In editing mode, delegating to HandleEditingInput
[2025-08-02 17:53:40] [DEBUG] Console not available, using Read-Host fallback
[2025-08-02 17:53:40] [DEBUG] Main loop: Key received, calling HandleInput
[2025-08-02 17:53:40] [DEBUG] HandleInput: Key pressed: Q (Char: 'q') EditingIndex: 4
[2025-08-02 17:53:40] [DEBUG] HandleInput: In editing mode, delegating to HandleEditingInput
[2025-08-02 17:53:40] [DEBUG] Console not available, using Read-Host fallback
[2025-08-02 17:53:40] [DEBUG] Main loop: Key received, calling HandleInput
[2025-08-02 17:53:40] [DEBUG] HandleInput: Key pressed: Q (Char: 'q') EditingIndex: 4
[2025-08-02 17:53:40] [DEBUG] HandleInput: In editing mode, delegating to HandleEditingInput
[2025-08-02 17:53:40] [DEBUG] Console not available, using Read-Host fallback
[2025-08-02 17:53:40] [DEBUG] Main loop: Key received, calling HandleInput
[2025-08-02 17:53:40] [DEBUG] HandleInput: Key pressed: Q (Char: 'q') EditingIndex: 4
[2025-08-02 17:53:40] [DEBUG] HandleInput: In editing mode, delegating to HandleEditingInput
[2025-08-02 17:53:40] [DEBUG] Console not available, using Read-Host fallback
[2025-08-02 17:53:40] [DEBUG] Main loop: Key received, calling HandleInput
[2025-08-02 17:53:40] [DEBUG] HandleInput: Key pressed: Q (Char: 'q') EditingIndex: 4
[2025-08-02 17:53:40] [DEBUG] HandleInput: In editing mode, delegating to HandleEditingInput
[2025-08-02 17:53:40] [DEBUG] Console not available, using Read-Host fallback
[2025-08-02 17:53:40] [DEBUG] Main loop: Key received, calling HandleInput
[2025-08-02 17:53:40] [DEBUG] HandleInput: Key pressed: Q (Char: 'q') EditingIndex: 4
[2025-08-02 17:53:40] [DEBUG] HandleInput: In editing mode, delegating to HandleEditingInput
[2025-08-02 17:53:40] [DEBUG] Console not available, using Read-Host fallback
[2025-08-02 17:53:40] [DEBUG] Main loop: Key received, calling HandleInput
[2025-08-02 17:53:40] [DEBUG] HandleInput: Key pressed: Q (Char: 'q') EditingIndex: 4
[2025-08-02 17:53:40] [DEBUG] HandleInput: In editing mode, delegating to HandleEditingInput
[2025-08-02 17:53:40] [DEBUG] Console not available, using Read-Host fallback
[2025-08-02 17:53:40] [DEBUG] Main loop: Key received, calling HandleInput
[2025-08-02 17:53:40] [DEBUG] HandleInput: Key pressed: Q (Char: 'q') EditingIndex: 4
[2025-08-02 17:53:40] [DEBUG] HandleInput: In editing mode, delegating to HandleEditingInput
[2025-08-02 17:53:40] [DEBUG] Console not available, using Read-Host fallback
[2025-08-02 17:53:40] [DEBUG] Main loop: Key received, calling HandleInput
[2025-08-02 17:53:40] [DEBUG] HandleInput: Key pressed: Q (Char: 'q') EditingIndex: 4
[2025-08-02 17:53:40] [DEBUG] HandleInput: In editing mode, delegating to HandleEditingInput
[2025-08-02 17:53:40] [DEBUG] Console not available, using Read-Host fallback
[2025-08-02 17:53:40] [DEBUG] Main loop: Key received, calling HandleInput
[2025-08-02 17:53:40] [DEBUG] HandleInput: Key pressed: Q (Char: 'q') EditingIndex: 4
[2025-08-02 17:53:40] [DEBUG] HandleInput: In editing mode, delegating to HandleEditingInput
[2025-08-02 17:53:40] [DEBUG] Console not available, using Read-Host fallback
[2025-08-02 17:53:40] [DEBUG] Main loop: Key received, calling HandleInput
[2025-08-02 17:53:40] [DEBUG] HandleInput: Key pressed: Q (Char: 'q') EditingIndex: 4
[2025-08-02 17:53:40] [DEBUG] HandleInput: In editing mode, delegating to HandleEditingInput
[2025-08-02 17:53:40] [DEBUG] Console not available, using Read-Host fallback
[2025-08-02 17:53:40] [DEBUG] Main loop: Key received, calling HandleInput
[2025-08-02 17:53:40] [DEBUG] HandleInput: Key pressed: Q (Char: 'q') EditingIndex: 4
[2025-08-02 17:53:40] [DEBUG] HandleInput: In editing mode, delegating to HandleEditingInput
[2025-08-02 17:53:40] [DEBUG] Console not available, using Read-Host fallback
[2025-08-02 17:53:40] [DEBUG] Main loop: Key received, calling HandleInput
[2025-08-02 17:53:40] [DEBUG] HandleInput: Key pressed: Q (Char: 'q') EditingIndex: 4
[2025-08-02 17:53:40] [DEBUG] HandleInput: In editing mode, delegating to HandleEditingInput
[2025-08-02 17:53:40] [DEBUG] Console not available, using Read-Host fallback
[2025-08-02 17:53:40] [DEBUG] Main loop: Key received, calling HandleInput
[2025-08-02 17:53:40] [DEBUG] HandleInput: Key pressed: Q (Char: 'q') EditingIndex: 4
[2025-08-02 17:53:40] [DEBUG] HandleInput: In editing mode, delegating to HandleEditingInput
[2025-08-02 17:53:40] [DEBUG] Console not available, using Read-Host fallback
[2025-08-02 17:53:40] [DEBUG] Main loop: Key received, calling HandleInput
[2025-08-02 17:53:40] [DEBUG] HandleInput: Key pressed: Q (Char: 'q') EditingIndex: 4
[2025-08-02 17:53:40] [DEBUG] HandleInput: In editing mode, delegating to HandleEditingInput
[2025-08-02 17:53:41] [DEBUG] Console not available, using Read-Host fallback
[2025-08-02 17:53:41] [DEBUG] Main loop: Key received, calling HandleInput
[2025-08-02 17:53:41] [DEBUG] HandleInput: Key pressed: Q (Char: 'q') EditingIndex: 4
[2025-08-02 17:53:41] [DEBUG] HandleInput: In editing mode, delegating to HandleEditingInput
[2025-08-02 17:53:41] [DEBUG] Console not available, using Read-Host fallback
[2025-08-02 17:53:41] [DEBUG] Main loop: Key received, calling HandleInput
[2025-08-02 17:53:41] [DEBUG] HandleInput: Key pressed: Q (Char: 'q') EditingIndex: 4
[2025-08-02 17:53:41] [DEBUG] HandleInput: In editing mode, delegating to HandleEditingInput
[2025-08-02 17:53:41] [DEBUG] Console not available, using Read-Host fallback
[2025-08-02 17:53:41] [DEBUG] Main loop: Key received, calling HandleInput
[2025-08-02 17:53:41] [DEBUG] HandleInput: Key pressed: Q (Char: 'q') EditingIndex: 4
[2025-08-02 17:53:41] [DEBUG] HandleInput: In editing mode, delegating to HandleEditingInput
[2025-08-02 17:53:41] [DEBUG] Console not available, using Read-Host fallback
[2025-08-02 17:53:41] [DEBUG] Main loop: Key received, calling HandleInput
[2025-08-02 17:53:41] [DEBUG] HandleInput: Key pressed: Q (Char: 'q') EditingIndex: 4
[2025-08-02 17:53:41] [DEBUG] HandleInput: In editing mode, delegating to HandleEditingInput
[2025-08-02 17:53:41] [DEBUG] Console not available, using Read-Host fallback
[2025-08-02 17:53:41] [DEBUG] Main loop: Key received, calling HandleInput
[2025-08-02 17:53:41] [DEBUG] HandleInput: Key pressed: Q (Char: 'q') EditingIndex: 4
[2025-08-02 17:53:41] [DEBUG] HandleInput: In editing mode, delegating to HandleEditingInput
[2025-08-02 17:53:41] [DEBUG] Console not available, using Read-Host fallback
[2025-08-02 17:53:41] [DEBUG] Main loop: Key received, calling HandleInput
[2025-08-02 17:53:41] [DEBUG] HandleInput: Key pressed: Q (Char: 'q') EditingIndex: 4
[2025-08-02 17:53:41] [DEBUG] HandleInput: In editing mode, delegating to HandleEditingInput
[2025-08-02 17:53:41] [DEBUG] Console not available, using Read-Host fallback
[2025-08-02 17:53:41] [DEBUG] Main loop: Key received, calling HandleInput
[2025-08-02 17:53:41] [DEBUG] HandleInput: Key pressed: Q (Char: 'q') EditingIndex: 4
[2025-08-02 17:53:41] [DEBUG] HandleInput: In editing mode, delegating to HandleEditingInput
[2025-08-02 17:53:41] [DEBUG] Console not available, using Read-Host fallback
[2025-08-02 17:53:41] [DEBUG] Main loop: Key received, calling HandleInput
[2025-08-02 17:53:41] [DEBUG] HandleInput: Key pressed: Q (Char: 'q') EditingIndex: 4
[2025-08-02 17:53:41] [DEBUG] HandleInput: In editing mode, delegating to HandleEditingInput
[2025-08-02 17:53:41] [DEBUG] Console not available, using Read-Host fallback
[2025-08-02 17:53:41] [DEBUG] Main loop: Key received, calling HandleInput
[2025-08-02 17:53:41] [DEBUG] HandleInput: Key pressed: Q (Char: 'q') EditingIndex: 4
[2025-08-02 17:53:41] [DEBUG] HandleInput: In editing mode, delegating to HandleEditingInput
[2025-08-02 17:53:41] [DEBUG] Console not available, using Read-Host fallback
[2025-08-02 17:53:41] [DEBUG] Main loop: Key received, calling HandleInput
[2025-08-02 17:53:41] [DEBUG] HandleInput: Key pressed: Q (Char: 'q') EditingIndex: 4
[2025-08-02 17:53:41] [DEBUG] HandleInput: In editing mode, delegating to HandleEditingInput
[2025-08-02 17:53:41] [DEBUG] Console not available, using Read-Host fallback
[2025-08-02 17:53:41] [DEBUG] Main loop: Key received, calling HandleInput
[2025-08-02 17:53:41] [DEBUG] HandleInput: Key pressed: Q (Char: 'q') EditingIndex: 4
[2025-08-02 17:53:41] [DEBUG] HandleInput: In editing mode, delegating to HandleEditingInput
[2025-08-02 17:53:41] [DEBUG] Console not available, using Read-Host fallback
[2025-08-02 17:53:41] [DEBUG] Main loop: Key received, calling HandleInput
[2025-08-02 17:53:41] [DEBUG] HandleInput: Key pressed: Q (Char: 'q') EditingIndex: 4
[2025-08-02 17:53:41] [DEBUG] HandleInput: In editing mode, delegating to HandleEditingInput
[2025-08-02 17:53:41] [DEBUG] Console not available, using Read-Host fallback
[2025-08-02 17:53:41] [DEBUG] Main loop: Key received, calling HandleInput
[2025-08-02 17:53:41] [DEBUG] HandleInput: Key pressed: Q (Char: 'q') EditingIndex: 4
[2025-08-02 17:53:41] [DEBUG] HandleInput: In editing mode, delegating to HandleEditingInput
[2025-08-02 17:53:41] [DEBUG] Console not available, using Read-Host fallback
[2025-08-02 17:53:41] [DEBUG] Main loop: Key received, calling HandleInput
[2025-08-02 17:53:41] [DEBUG] HandleInput: Key pressed: Q (Char: 'q') EditingIndex: 4
[2025-08-02 17:53:41] [DEBUG] HandleInput: In editing mode, delegating to HandleEditingInput
[2025-08-02 17:53:41] [DEBUG] Console not available, using Read-Host fallback
[2025-08-02 17:53:41] [DEBUG] Main loop: Key received, calling HandleInput
[2025-08-02 17:53:41] [DEBUG] HandleInput: Key pressed: Q (Char: 'q') EditingIndex: 4
[2025-08-02 17:53:41] [DEBUG] HandleInput: In editing mode, delegating to HandleEditingInput
[2025-08-02 17:53:41] [DEBUG] Console not available, using Read-Host fallback
[2025-08-02 17:53:41] [DEBUG] Main loop: Key received, calling HandleInput
[2025-08-02 17:53:41] [DEBUG] HandleInput: Key pressed: Q (Char: 'q') EditingIndex: 4
[2025-08-02 17:53:41] [DEBUG] HandleInput: In editing mode, delegating to HandleEditingInput
[2025-08-02 17:53:41] [DEBUG] Console not available, using Read-Host fallback
[2025-08-02 17:53:41] [DEBUG] Main loop: Key received, calling HandleInput
[2025-08-02 17:53:41] [DEBUG] HandleInput: Key pressed: Q (Char: 'q') EditingIndex: 4
[2025-08-02 17:53:41] [DEBUG] HandleInput: In editing mode, delegating to HandleEditingInput
[2025-08-02 17:53:41] [DEBUG] Console not available, using Read-Host fallback
[2025-08-02 17:53:41] [DEBUG] Main loop: Key received, calling HandleInput
[2025-08-02 17:53:41] [DEBUG] HandleInput: Key pressed: Q (Char: 'q') EditingIndex: 4
[2025-08-02 17:53:41] [DEBUG] HandleInput: In editing mode, delegating to HandleEditingInput
[2025-08-02 17:53:41] [DEBUG] Console not available, using Read-Host fallback
[2025-08-02 17:53:41] [DEBUG] Main loop: Key received, calling HandleInput
[2025-08-02 17:53:41] [DEBUG] HandleInput: Key pressed: Q (Char: 'q') EditingIndex: 4
[2025-08-02 17:53:41] [DEBUG] HandleInput: In editing mode, delegating to HandleEditingInput
[2025-08-02 17:53:41] [DEBUG] Console not available, using Read-Host fallback
[2025-08-02 17:53:41] [DEBUG] Main loop: Key received, calling HandleInput
[2025-08-02 17:53:41] [DEBUG] HandleInput: Key pressed: Q (Char: 'q') EditingIndex: 4
[2025-08-02 17:53:41] [DEBUG] HandleInput: In editing mode, delegating to HandleEditingInput
[2025-08-02 17:53:41] [DEBUG] Console not available, using Read-Host fallback
[2025-08-02 17:53:41] [DEBUG] Main loop: Key received, calling HandleInput
[2025-08-02 17:53:41] [DEBUG] HandleInput: Key pressed: Q (Char: 'q') EditingIndex: 4
[2025-08-02 17:53:41] [DEBUG] HandleInput: In editing mode, delegating to HandleEditingInput
[2025-08-02 17:53:41] [DEBUG] Console not available, using Read-Host fallback
[2025-08-02 17:53:41] [DEBUG] Main loop: Key received, calling HandleInput
[2025-08-02 17:53:41] [DEBUG] HandleInput: Key pressed: Q (Char: 'q') EditingIndex: 4
[2025-08-02 17:53:41] [DEBUG] HandleInput: In editing mode, delegating to HandleEditingInput
[2025-08-02 17:53:41] [DEBUG] Console not available, using Read-Host fallback
[2025-08-02 17:53:41] [DEBUG] Main loop: Key received, calling HandleInput
[2025-08-02 17:53:41] [DEBUG] HandleInput: Key pressed: Q (Char: 'q') EditingIndex: 4
[2025-08-02 17:53:41] [DEBUG] HandleInput: In editing mode, delegating to HandleEditingInput
[2025-08-02 17:53:41] [DEBUG] Console not available, using Read-Host fallback
[2025-08-02 17:53:41] [DEBUG] Main loop: Key received, calling HandleInput
[2025-08-02 17:53:41] [DEBUG] HandleInput: Key pressed: Q (Char: 'q') EditingIndex: 4
[2025-08-02 17:53:41] [DEBUG] HandleInput: In editing mode, delegating to HandleEditingInput
[2025-08-02 17:53:41] [DEBUG] Console not available, using Read-Host fallback
[2025-08-02 17:53:41] [DEBUG] Main loop: Key received, calling HandleInput
[2025-08-02 17:53:41] [DEBUG] HandleInput: Key pressed: Q (Char: 'q') EditingIndex: 4
[2025-08-02 17:53:41] [DEBUG] HandleInput: In editing mode, delegating to HandleEditingInput
[2025-08-02 17:53:41] [DEBUG] Console not available, using Read-Host fallback
[2025-08-02 17:53:41] [DEBUG] Main loop: Key received, calling HandleInput
[2025-08-02 17:53:41] [DEBUG] HandleInput: Key pressed: Q (Char: 'q') EditingIndex: 4
[2025-08-02 17:53:41] [DEBUG] HandleInput: In editing mode, delegating to HandleEditingInput
[2025-08-02 17:53:42] [DEBUG] Console not available, using Read-Host fallback
[2025-08-02 17:53:42] [DEBUG] Main loop: Key received, calling HandleInput
[2025-08-02 17:53:42] [DEBUG] HandleInput: Key pressed: Q (Char: 'q') EditingIndex: 4
[2025-08-02 17:53:42] [DEBUG] HandleInput: In editing mode, delegating to HandleEditingInput
[2025-08-02 17:53:42] [DEBUG] Console not available, using Read-Host fallback
[2025-08-02 17:53:42] [DEBUG] Main loop: Key received, calling HandleInput
[2025-08-02 17:53:42] [DEBUG] HandleInput: Key pressed: Q (Char: 'q') EditingIndex: 4
[2025-08-02 17:53:42] [DEBUG] HandleInput: In editing mode, delegating to HandleEditingInput
[2025-08-02 17:53:42] [DEBUG] Console not available, using Read-Host fallback
[2025-08-02 17:53:42] [DEBUG] Main loop: Key received, calling HandleInput
[2025-08-02 17:53:42] [DEBUG] HandleInput: Key pressed: Q (Char: 'q') EditingIndex: 4
[2025-08-02 17:53:42] [DEBUG] HandleInput: In editing mode, delegating to HandleEditingInput
[2025-08-02 17:53:42] [DEBUG] Console not available, using Read-Host fallback
[2025-08-02 17:53:42] [DEBUG] Main loop: Key received, calling HandleInput
[2025-08-02 17:53:42] [DEBUG] HandleInput: Key pressed: Q (Char: 'q') EditingIndex: 4
[2025-08-02 17:53:42] [DEBUG] HandleInput: In editing mode, delegating to HandleEditingInput
[2025-08-02 17:53:42] [DEBUG] Console not available, using Read-Host fallback
[2025-08-02 17:53:42] [DEBUG] Main loop: Key received, calling HandleInput
[2025-08-02 17:53:42] [DEBUG] HandleInput: Key pressed: Q (Char: 'q') EditingIndex: 4
[2025-08-02 17:53:42] [DEBUG] HandleInput: In editing mode, delegating to HandleEditingInput
[2025-08-02 17:53:42] [DEBUG] Console not available, using Read-Host fallback
[2025-08-02 17:53:42] [DEBUG] Main loop: Key received, calling HandleInput
[2025-08-02 17:53:42] [DEBUG] HandleInput: Key pressed: Q (Char: 'q') EditingIndex: 4
[2025-08-02 17:53:42] [DEBUG] HandleInput: In editing mode, delegating to HandleEditingInput
[2025-08-02 17:53:42] [DEBUG] Console not available, using Read-Host fallback
[2025-08-02 17:53:42] [DEBUG] Main loop: Key received, calling HandleInput
[2025-08-02 17:53:42] [DEBUG] HandleInput: Key pressed: Q (Char: 'q') EditingIndex: 4
[2025-08-02 17:53:42] [DEBUG] HandleInput: In editing mode, delegating to HandleEditingInput
[2025-08-02 17:53:42] [DEBUG] Console not available, using Read-Host fallback
[2025-08-02 17:53:42] [DEBUG] Main loop: Key received, calling HandleInput
[2025-08-02 17:53:42] [DEBUG] HandleInput: Key pressed: Q (Char: 'q') EditingIndex: 4
[2025-08-02 17:53:42] [DEBUG] HandleInput: In editing mode, delegating to HandleEditingInput
[2025-08-02 17:53:42] [DEBUG] Console not available, using Read-Host fallback
[2025-08-02 17:53:42] [DEBUG] Main loop: Key received, calling HandleInput
[2025-08-02 17:53:42] [DEBUG] HandleInput: Key pressed: Q (Char: 'q') EditingIndex: 4
[2025-08-02 17:53:42] [DEBUG] HandleInput: In editing mode, delegating to HandleEditingInput
[2025-08-02 17:53:42] [DEBUG] Console not available, using Read-Host fallback
[2025-08-02 17:53:42] [DEBUG] Main loop: Key received, calling HandleInput
[2025-08-02 17:53:42] [DEBUG] HandleInput: Key pressed: Q (Char: 'q') EditingIndex: 4
[2025-08-02 17:53:42] [DEBUG] HandleInput: In editing mode, delegating to HandleEditingInput
[2025-08-02 17:53:42] [DEBUG] Console not available, using Read-Host fallback
[2025-08-02 17:53:42] [DEBUG] Main loop: Key received, calling HandleInput
[2025-08-02 17:53:42] [DEBUG] HandleInput: Key pressed: Q (Char: 'q') EditingIndex: 4
[2025-08-02 17:53:42] [DEBUG] HandleInput: In editing mode, delegating to HandleEditingInput
[2025-08-02 17:53:42] [DEBUG] Console not available, using Read-Host fallback
[2025-08-02 17:53:42] [DEBUG] Main loop: Key received, calling HandleInput
[2025-08-02 17:53:42] [DEBUG] HandleInput: Key pressed: Q (Char: 'q') EditingIndex: 4
[2025-08-02 17:53:42] [DEBUG] HandleInput: In editing mode, delegating to HandleEditingInput
[2025-08-02 17:53:42] [DEBUG] Console not available, using Read-Host fallback
[2025-08-02 17:53:42] [DEBUG] Main loop: Key received, calling HandleInput
[2025-08-02 17:53:42] [DEBUG] HandleInput: Key pressed: Q (Char: 'q') EditingIndex: 4
[2025-08-02 17:53:42] [DEBUG] HandleInput: In editing mode, delegating to HandleEditingInput
[2025-08-02 17:53:42] [DEBUG] Console not available, using Read-Host fallback
[2025-08-02 17:53:42] [DEBUG] Main loop: Key received, calling HandleInput
[2025-08-02 17:53:42] [DEBUG] HandleInput: Key pressed: Q (Char: 'q') EditingIndex: 4
[2025-08-02 17:53:42] [DEBUG] HandleInput: In editing mode, delegating to HandleEditingInput
[2025-08-02 17:53:42] [DEBUG] Console not available, using Read-Host fallback
[2025-08-02 17:53:42] [DEBUG] Main loop: Key received, calling HandleInput
[2025-08-02 17:53:42] [DEBUG] HandleInput: Key pressed: Q (Char: 'q') EditingIndex: 4
[2025-08-02 17:53:42] [DEBUG] HandleInput: In editing mode, delegating to HandleEditingInput
[2025-08-02 17:53:42] [DEBUG] Console not available, using Read-Host fallback
[2025-08-02 17:53:42] [DEBUG] Main loop: Key received, calling HandleInput
[2025-08-02 17:53:42] [DEBUG] HandleInput: Key pressed: Q (Char: 'q') EditingIndex: 4
[2025-08-02 17:53:42] [DEBUG] HandleInput: In editing mode, delegating to HandleEditingInput
[2025-08-02 17:53:42] [DEBUG] Console not available, using Read-Host fallback
[2025-08-02 17:53:42] [DEBUG] Main loop: Key received, calling HandleInput
[2025-08-02 17:53:42] [DEBUG] HandleInput: Key pressed: Q (Char: 'q') EditingIndex: 4
[2025-08-02 17:53:42] [DEBUG] HandleInput: In editing mode, delegating to HandleEditingInput
[2025-08-02 17:53:42] [DEBUG] Console not available, using Read-Host fallback
[2025-08-02 17:53:42] [DEBUG] Main loop: Key received, calling HandleInput
[2025-08-02 17:53:42] [DEBUG] HandleInput: Key pressed: Q (Char: 'q') EditingIndex: 4
[2025-08-02 17:53:42] [DEBUG] HandleInput: In editing mode, delegating to HandleEditingInput
[2025-08-02 17:53:42] [DEBUG] Console not available, using Read-Host fallback
[2025-08-02 17:53:42] [DEBUG] Main loop: Key received, calling HandleInput
[2025-08-02 17:53:42] [DEBUG] HandleInput: Key pressed: Q (Char: 'q') EditingIndex: 4
[2025-08-02 17:53:42] [DEBUG] HandleInput: In editing mode, delegating to HandleEditingInput
[2025-08-02 17:53:42] [DEBUG] Console not available, using Read-Host fallback
[2025-08-02 17:53:42] [DEBUG] Main loop: Key received, calling HandleInput
[2025-08-02 17:53:42] [DEBUG] HandleInput: Key pressed: Q (Char: 'q') EditingIndex: 4
[2025-08-02 17:53:42] [DEBUG] HandleInput: In editing mode, delegating to HandleEditingInput
[2025-08-02 17:53:42] [DEBUG] Console not available, using Read-Host fallback
[2025-08-02 17:53:42] [DEBUG] Main loop: Key received, calling HandleInput
[2025-08-02 17:53:42] [DEBUG] HandleInput: Key pressed: Q (Char: 'q') EditingIndex: 4
[2025-08-02 17:53:42] [DEBUG] HandleInput: In editing mode, delegating to HandleEditingInput
[2025-08-02 17:53:42] [DEBUG] Console not available, using Read-Host fallback
[2025-08-02 17:53:42] [DEBUG] Main loop: Key received, calling HandleInput
[2025-08-02 17:53:42] [DEBUG] HandleInput: Key pressed: Q (Char: 'q') EditingIndex: 4
[2025-08-02 17:53:42] [DEBUG] HandleInput: In editing mode, delegating to HandleEditingInput
[2025-08-02 17:53:42] [DEBUG] Console not available, using Read-Host fallback
[2025-08-02 17:53:42] [DEBUG] Main loop: Key received, calling HandleInput
[2025-08-02 17:53:42] [DEBUG] HandleInput: Key pressed: Q (Char: 'q') EditingIndex: 4
[2025-08-02 17:53:42] [DEBUG] HandleInput: In editing mode, delegating to HandleEditingInput
[2025-08-02 17:53:42] [DEBUG] Console not available, using Read-Host fallback
[2025-08-02 17:53:42] [DEBUG] Main loop: Key received, calling HandleInput
[2025-08-02 17:53:42] [DEBUG] HandleInput: Key pressed: Q (Char: 'q') EditingIndex: 4
[2025-08-02 17:53:42] [DEBUG] HandleInput: In editing mode, delegating to HandleEditingInput
[2025-08-02 17:53:42] [DEBUG] Console not available, using Read-Host fallback
[2025-08-02 17:53:42] [DEBUG] Main loop: Key received, calling HandleInput
[2025-08-02 17:53:42] [DEBUG] HandleInput: Key pressed: Q (Char: 'q') EditingIndex: 4
[2025-08-02 17:53:42] [DEBUG] HandleInput: In editing mode, delegating to HandleEditingInput
[2025-08-02 17:53:43] [DEBUG] Console not available, using Read-Host fallback
[2025-08-02 17:53:43] [DEBUG] Main loop: Key received, calling HandleInput
[2025-08-02 17:53:43] [DEBUG] HandleInput: Key pressed: Q (Char: 'q') EditingIndex: 4
[2025-08-02 17:53:43] [DEBUG] HandleInput: In editing mode, delegating to HandleEditingInput
[2025-08-02 17:53:43] [DEBUG] Console not available, using Read-Host fallback
[2025-08-02 17:53:43] [DEBUG] Main loop: Key received, calling HandleInput
[2025-08-02 17:53:43] [DEBUG] HandleInput: Key pressed: Q (Char: 'q') EditingIndex: 4
[2025-08-02 17:53:43] [DEBUG] HandleInput: In editing mode, delegating to HandleEditingInput
[2025-08-02 17:53:43] [DEBUG] Console not available, using Read-Host fallback
[2025-08-02 17:53:43] [DEBUG] Main loop: Key received, calling HandleInput
[2025-08-02 17:53:43] [DEBUG] HandleInput: Key pressed: Q (Char: 'q') EditingIndex: 4
[2025-08-02 17:53:43] [DEBUG] HandleInput: In editing mode, delegating to HandleEditingInput
[2025-08-02 17:53:43] [DEBUG] Console not available, using Read-Host fallback
[2025-08-02 17:53:43] [DEBUG] Main loop: Key received, calling HandleInput
[2025-08-02 17:53:43] [DEBUG] HandleInput: Key pressed: Q (Char: 'q') EditingIndex: 4
[2025-08-02 17:53:43] [DEBUG] HandleInput: In editing mode, delegating to HandleEditingInput
[2025-08-02 17:53:43] [DEBUG] Console not available, using Read-Host fallback
[2025-08-02 17:53:43] [DEBUG] Main loop: Key received, calling HandleInput
[2025-08-02 17:53:43] [DEBUG] HandleInput: Key pressed: Q (Char: 'q') EditingIndex: 4
[2025-08-02 17:53:43] [DEBUG] HandleInput: In editing mode, delegating to HandleEditingInput
[2025-08-02 17:53:43] [DEBUG] Console not available, using Read-Host fallback
[2025-08-02 17:53:43] [DEBUG] Main loop: Key received, calling HandleInput
[2025-08-02 17:53:43] [DEBUG] HandleInput: Key pressed: Q (Char: 'q') EditingIndex: 4
[2025-08-02 17:53:43] [DEBUG] HandleInput: In editing mode, delegating to HandleEditingInput
[2025-08-02 17:53:43] [DEBUG] Console not available, using Read-Host fallback
[2025-08-02 17:53:43] [DEBUG] Main loop: Key received, calling HandleInput
[2025-08-02 17:53:43] [DEBUG] HandleInput: Key pressed: Q (Char: 'q') EditingIndex: 4
[2025-08-02 17:53:43] [DEBUG] HandleInput: In editing mode, delegating to HandleEditingInput
[2025-08-02 17:53:43] [DEBUG] Console not available, using Read-Host fallback
[2025-08-02 17:53:43] [DEBUG] Main loop: Key received, calling HandleInput
[2025-08-02 17:53:43] [DEBUG] HandleInput: Key pressed: Q (Char: 'q') EditingIndex: 4
[2025-08-02 17:53:43] [DEBUG] HandleInput: In editing mode, delegating to HandleEditingInput
[2025-08-02 17:53:43] [DEBUG] Console not available, using Read-Host fallback
[2025-08-02 17:53:43] [DEBUG] Main loop: Key received, calling HandleInput
[2025-08-02 17:53:43] [DEBUG] HandleInput: Key pressed: Q (Char: 'q') EditingIndex: 4
[2025-08-02 17:53:43] [DEBUG] HandleInput: In editing mode, delegating to HandleEditingInput
[2025-08-02 17:53:43] [DEBUG] Console not available, using Read-Host fallback
[2025-08-02 17:53:43] [DEBUG] Main loop: Key received, calling HandleInput
[2025-08-02 17:53:43] [DEBUG] HandleInput: Key pressed: Q (Char: 'q') EditingIndex: 4
[2025-08-02 17:53:43] [DEBUG] HandleInput: In editing mode, delegating to HandleEditingInput
[2025-08-02 17:53:43] [DEBUG] Console not available, using Read-Host fallback
[2025-08-02 17:53:43] [DEBUG] Main loop: Key received, calling HandleInput
[2025-08-02 17:53:43] [DEBUG] HandleInput: Key pressed: Q (Char: 'q') EditingIndex: 4
[2025-08-02 17:53:43] [DEBUG] HandleInput: In editing mode, delegating to HandleEditingInput
[2025-08-02 17:53:43] [DEBUG] Console not available, using Read-Host fallback
[2025-08-02 17:53:43] [DEBUG] Main loop: Key received, calling HandleInput
[2025-08-02 17:53:43] [DEBUG] HandleInput: Key pressed: Q (Char: 'q') EditingIndex: 4
[2025-08-02 17:53:43] [DEBUG] HandleInput: In editing mode, delegating to HandleEditingInput
[2025-08-02 17:53:43] [DEBUG] Console not available, using Read-Host fallback
[2025-08-02 17:53:43] [DEBUG] Main loop: Key received, calling HandleInput
[2025-08-02 17:53:43] [DEBUG] HandleInput: Key pressed: Q (Char: 'q') EditingIndex: 4
[2025-08-02 17:53:43] [DEBUG] HandleInput: In editing mode, delegating to HandleEditingInput
[2025-08-02 17:53:43] [DEBUG] Console not available, using Read-Host fallback
[2025-08-02 17:53:43] [DEBUG] Main loop: Key received, calling HandleInput
[2025-08-02 17:53:43] [DEBUG] HandleInput: Key pressed: Q (Char: 'q') EditingIndex: 4
[2025-08-02 17:53:43] [DEBUG] HandleInput: In editing mode, delegating to HandleEditingInput
[2025-08-02 17:53:43] [DEBUG] Console not available, using Read-Host fallback
[2025-08-02 17:53:43] [DEBUG] Main loop: Key received, calling HandleInput
[2025-08-02 17:53:43] [DEBUG] HandleInput: Key pressed: Q (Char: 'q') EditingIndex: 4
[2025-08-02 17:53:43] [DEBUG] HandleInput: In editing mode, delegating to HandleEditingInput
[2025-08-02 17:53:43] [DEBUG] Console not available, using Read-Host fallback
[2025-08-02 17:53:43] [DEBUG] Main loop: Key received, calling HandleInput
[2025-08-02 17:53:43] [DEBUG] HandleInput: Key pressed: Q (Char: 'q') EditingIndex: 4
[2025-08-02 17:53:43] [DEBUG] HandleInput: In editing mode, delegating to HandleEditingInput
[2025-08-02 17:53:43] [DEBUG] Console not available, using Read-Host fallback
[2025-08-02 17:53:43] [DEBUG] Main loop: Key received, calling HandleInput
[2025-08-02 17:53:43] [DEBUG] HandleInput: Key pressed: Q (Char: 'q') EditingIndex: 4
[2025-08-02 17:53:43] [DEBUG] HandleInput: In editing mode, delegating to HandleEditingInput
[2025-08-02 17:53:43] [DEBUG] Console not available, using Read-Host fallback
[2025-08-02 17:53:43] [DEBUG] Main loop: Key received, calling HandleInput
[2025-08-02 17:53:43] [DEBUG] HandleInput: Key pressed: Q (Char: 'q') EditingIndex: 4
[2025-08-02 17:53:43] [DEBUG] HandleInput: In editing mode, delegating to HandleEditingInput
[2025-08-02 17:53:43] [DEBUG] Console not available, using Read-Host fallback
[2025-08-02 17:53:43] [DEBUG] Main loop: Key received, calling HandleInput
[2025-08-02 17:53:43] [DEBUG] HandleInput: Key pressed: Q (Char: 'q') EditingIndex: 4
[2025-08-02 17:53:43] [DEBUG] HandleInput: In editing mode, delegating to HandleEditingInput
[2025-08-02 17:53:43] [DEBUG] Console not available, using Read-Host fallback
[2025-08-02 17:53:43] [DEBUG] Main loop: Key received, calling HandleInput
[2025-08-02 17:53:43] [DEBUG] HandleInput: Key pressed: Q (Char: 'q') EditingIndex: 4
[2025-08-02 17:53:43] [DEBUG] HandleInput: In editing mode, delegating to HandleEditingInput
[2025-08-02 17:53:43] [DEBUG] Console not available, using Read-Host fallback
[2025-08-02 17:53:43] [DEBUG] Main loop: Key received, calling HandleInput
[2025-08-02 17:53:43] [DEBUG] HandleInput: Key pressed: Q (Char: 'q') EditingIndex: 4
[2025-08-02 17:53:43] [DEBUG] HandleInput: In editing mode, delegating to HandleEditingInput
[2025-08-02 17:53:43] [DEBUG] Console not available, using Read-Host fallback
[2025-08-02 17:53:43] [DEBUG] Main loop: Key received, calling HandleInput
[2025-08-02 17:53:43] [DEBUG] HandleInput: Key pressed: Q (Char: 'q') EditingIndex: 4
[2025-08-02 17:53:43] [DEBUG] HandleInput: In editing mode, delegating to HandleEditingInput
[2025-08-02 17:53:43] [DEBUG] Console not available, using Read-Host fallback
[2025-08-02 17:53:43] [DEBUG] Main loop: Key received, calling HandleInput
[2025-08-02 17:53:43] [DEBUG] HandleInput: Key pressed: Q (Char: 'q') EditingIndex: 4
[2025-08-02 17:53:43] [DEBUG] HandleInput: In editing mode, delegating to HandleEditingInput
[2025-08-02 17:53:43] [DEBUG] Console not available, using Read-Host fallback
[2025-08-02 17:53:43] [DEBUG] Main loop: Key received, calling HandleInput
[2025-08-02 17:53:43] [DEBUG] HandleInput: Key pressed: Q (Char: 'q') EditingIndex: 4
[2025-08-02 17:53:43] [DEBUG] HandleInput: In editing mode, delegating to HandleEditingInput
[2025-08-02 17:53:43] [DEBUG] Console not available, using Read-Host fallback
[2025-08-02 17:53:43] [DEBUG] Main loop: Key received, calling HandleInput
[2025-08-02 17:53:43] [DEBUG] HandleInput: Key pressed: Q (Char: 'q') EditingIndex: 4
[2025-08-02 17:53:43] [DEBUG] HandleInput: In editing mode, delegating to HandleEditingInput
[2025-08-02 17:53:43] [DEBUG] Console not available, using Read-Host fallback
[2025-08-02 17:53:43] [DEBUG] Main loop: Key received, calling HandleInput
[2025-08-02 17:53:43] [DEBUG] HandleInput: Key pressed: Q (Char: 'q') EditingIndex: 4
[2025-08-02 17:53:43] [DEBUG] HandleInput: In editing mode, delegating to HandleEditingInput
[2025-08-02 17:53:44] [DEBUG] Console not available, using Read-Host fallback
[2025-08-02 17:53:44] [DEBUG] Main loop: Key received, calling HandleInput
[2025-08-02 17:53:44] [DEBUG] HandleInput: Key pressed: Q (Char: 'q') EditingIndex: 4
[2025-08-02 17:53:44] [DEBUG] HandleInput: In editing mode, delegating to HandleEditingInput
[2025-08-02 17:53:44] [DEBUG] Console not available, using Read-Host fallback
[2025-08-02 17:53:44] [DEBUG] Main loop: Key received, calling HandleInput
[2025-08-02 17:53:44] [DEBUG] HandleInput: Key pressed: Q (Char: 'q') EditingIndex: 4
[2025-08-02 17:53:44] [DEBUG] HandleInput: In editing mode, delegating to HandleEditingInput
[2025-08-02 17:53:44] [DEBUG] Console not available, using Read-Host fallback
[2025-08-02 17:53:44] [DEBUG] Main loop: Key received, calling HandleInput
[2025-08-02 17:53:44] [DEBUG] HandleInput: Key pressed: Q (Char: 'q') EditingIndex: 4
[2025-08-02 17:53:44] [DEBUG] HandleInput: In editing mode, delegating to HandleEditingInput
[2025-08-02 17:53:44] [DEBUG] Console not available, using Read-Host fallback
[2025-08-02 17:53:44] [DEBUG] Main loop: Key received, calling HandleInput
[2025-08-02 17:53:44] [DEBUG] HandleInput: Key pressed: Q (Char: 'q') EditingIndex: 4
[2025-08-02 17:53:44] [DEBUG] HandleInput: In editing mode, delegating to HandleEditingInput
[2025-08-02 17:53:44] [DEBUG] Console not available, using Read-Host fallback
[2025-08-02 17:53:44] [DEBUG] Main loop: Key received, calling HandleInput
[2025-08-02 17:53:44] [DEBUG] HandleInput: Key pressed: Q (Char: 'q') EditingIndex: 4
[2025-08-02 17:53:44] [DEBUG] HandleInput: In editing mode, delegating to HandleEditingInput
[2025-08-02 17:53:44] [DEBUG] Console not available, using Read-Host fallback
[2025-08-02 17:53:44] [DEBUG] Main loop: Key received, calling HandleInput
[2025-08-02 17:53:44] [DEBUG] HandleInput: Key pressed: Q (Char: 'q') EditingIndex: 4
[2025-08-02 17:53:44] [DEBUG] HandleInput: In editing mode, delegating to HandleEditingInput
[2025-08-02 17:53:44] [DEBUG] Console not available, using Read-Host fallback
[2025-08-02 17:53:44] [DEBUG] Main loop: Key received, calling HandleInput
[2025-08-02 17:53:44] [DEBUG] HandleInput: Key pressed: Q (Char: 'q') EditingIndex: 4
[2025-08-02 17:53:44] [DEBUG] HandleInput: In editing mode, delegating to HandleEditingInput
[2025-08-02 17:53:44] [DEBUG] Console not available, using Read-Host fallback
[2025-08-02 17:53:44] [DEBUG] Main loop: Key received, calling HandleInput
[2025-08-02 17:53:44] [DEBUG] HandleInput: Key pressed: Q (Char: 'q') EditingIndex: 4
[2025-08-02 17:53:44] [DEBUG] HandleInput: In editing mode, delegating to HandleEditingInput
[2025-08-02 17:53:44] [DEBUG] Console not available, using Read-Host fallback
[2025-08-02 17:53:44] [DEBUG] Main loop: Key received, calling HandleInput
[2025-08-02 17:53:44] [DEBUG] HandleInput: Key pressed: Q (Char: 'q') EditingIndex: 4
[2025-08-02 17:53:44] [DEBUG] HandleInput: In editing mode, delegating to HandleEditingInput
[2025-08-02 17:53:44] [DEBUG] Console not available, using Read-Host fallback
[2025-08-02 17:53:44] [DEBUG] Main loop: Key received, calling HandleInput
[2025-08-02 17:53:44] [DEBUG] HandleInput: Key pressed: Q (Char: 'q') EditingIndex: 4
[2025-08-02 17:53:44] [DEBUG] HandleInput: In editing mode, delegating to HandleEditingInput
[2025-08-02 17:53:44] [DEBUG] Console not available, using Read-Host fallback
[2025-08-02 17:53:44] [DEBUG] Main loop: Key received, calling HandleInput
[2025-08-02 17:53:44] [DEBUG] HandleInput: Key pressed: Q (Char: 'q') EditingIndex: 4
[2025-08-02 17:53:44] [DEBUG] HandleInput: In editing mode, delegating to HandleEditingInput
[2025-08-02 17:53:44] [DEBUG] Console not available, using Read-Host fallback
[2025-08-02 17:53:44] [DEBUG] Main loop: Key received, calling HandleInput
[2025-08-02 17:53:44] [DEBUG] HandleInput: Key pressed: Q (Char: 'q') EditingIndex: 4
[2025-08-02 17:53:44] [DEBUG] HandleInput: In editing mode, delegating to HandleEditingInput
[2025-08-02 17:53:44] [DEBUG] Console not available, using Read-Host fallback
[2025-08-02 17:53:44] [DEBUG] Main loop: Key received, calling HandleInput
[2025-08-02 17:53:44] [DEBUG] HandleInput: Key pressed: Q (Char: 'q') EditingIndex: 4
[2025-08-02 17:53:44] [DEBUG] HandleInput: In editing mode, delegating to HandleEditingInput
[2025-08-02 17:53:44] [DEBUG] Console not available, using Read-Host fallback
[2025-08-02 17:53:44] [DEBUG] Main loop: Key received, calling HandleInput
[2025-08-02 17:53:44] [DEBUG] HandleInput: Key pressed: Q (Char: 'q') EditingIndex: 4
[2025-08-02 17:53:44] [DEBUG] HandleInput: In editing mode, delegating to HandleEditingInput
[2025-08-02 17:53:44] [DEBUG] Console not available, using Read-Host fallback
[2025-08-02 17:53:44] [DEBUG] Main loop: Key received, calling HandleInput
[2025-08-02 17:53:44] [DEBUG] HandleInput: Key pressed: Q (Char: 'q') EditingIndex: 4
[2025-08-02 17:53:44] [DEBUG] HandleInput: In editing mode, delegating to HandleEditingInput
[2025-08-02 17:53:44] [DEBUG] Console not available, using Read-Host fallback
[2025-08-02 17:53:44] [DEBUG] Main loop: Key received, calling HandleInput
[2025-08-02 17:53:44] [DEBUG] HandleInput: Key pressed: Q (Char: 'q') EditingIndex: 4
[2025-08-02 17:53:44] [DEBUG] HandleInput: In editing mode, delegating to HandleEditingInput
[2025-08-02 17:53:44] [DEBUG] Console not available, using Read-Host fallback
[2025-08-02 17:53:44] [DEBUG] Main loop: Key received, calling HandleInput
[2025-08-02 17:53:44] [DEBUG] HandleInput: Key pressed: Q (Char: 'q') EditingIndex: 4
[2025-08-02 17:53:44] [DEBUG] HandleInput: In editing mode, delegating to HandleEditingInput
[2025-08-02 17:53:44] [DEBUG] Console not available, using Read-Host fallback
[2025-08-02 17:53:44] [DEBUG] Main loop: Key received, calling HandleInput
[2025-08-02 17:53:44] [DEBUG] HandleInput: Key pressed: Q (Char: 'q') EditingIndex: 4
[2025-08-02 17:53:44] [DEBUG] HandleInput: In editing mode, delegating to HandleEditingInput
[2025-08-02 17:53:44] [DEBUG] Console not available, using Read-Host fallback
[2025-08-02 17:53:44] [DEBUG] Main loop: Key received, calling HandleInput
[2025-08-02 17:53:44] [DEBUG] HandleInput: Key pressed: Q (Char: 'q') EditingIndex: 4
[2025-08-02 17:53:44] [DEBUG] HandleInput: In editing mode, delegating to HandleEditingInput
[2025-08-02 17:53:44] [DEBUG] Console not available, using Read-Host fallback
[2025-08-02 17:53:44] [DEBUG] Main loop: Key received, calling HandleInput
[2025-08-02 17:53:44] [DEBUG] HandleInput: Key pressed: Q (Char: 'q') EditingIndex: 4
[2025-08-02 17:53:44] [DEBUG] HandleInput: In editing mode, delegating to HandleEditingInput
[2025-08-02 17:53:44] [DEBUG] Console not available, using Read-Host fallback
[2025-08-02 17:53:44] [DEBUG] Main loop: Key received, calling HandleInput
[2025-08-02 17:53:44] [DEBUG] HandleInput: Key pressed: Q (Char: 'q') EditingIndex: 4
[2025-08-02 17:53:44] [DEBUG] HandleInput: In editing mode, delegating to HandleEditingInput
[2025-08-02 17:53:44] [DEBUG] Console not available, using Read-Host fallback
[2025-08-02 17:53:44] [DEBUG] Main loop: Key received, calling HandleInput
[2025-08-02 17:53:44] [DEBUG] HandleInput: Key pressed: Q (Char: 'q') EditingIndex: 4
[2025-08-02 17:53:44] [DEBUG] HandleInput: In editing mode, delegating to HandleEditingInput
[2025-08-02 17:53:44] [DEBUG] Console not available, using Read-Host fallback
[2025-08-02 17:53:44] [DEBUG] Main loop: Key received, calling HandleInput
[2025-08-02 17:53:44] [DEBUG] HandleInput: Key pressed: Q (Char: 'q') EditingIndex: 4
[2025-08-02 17:53:44] [DEBUG] HandleInput: In editing mode, delegating to HandleEditingInput
[2025-08-02 17:53:44] [DEBUG] Console not available, using Read-Host fallback
[2025-08-02 17:53:44] [DEBUG] Main loop: Key received, calling HandleInput
[2025-08-02 17:53:44] [DEBUG] HandleInput: Key pressed: Q (Char: 'q') EditingIndex: 4
[2025-08-02 17:53:44] [DEBUG] HandleInput: In editing mode, delegating to HandleEditingInput
[2025-08-02 17:53:44] [DEBUG] Console not available, using Read-Host fallback
[2025-08-02 17:53:44] [DEBUG] Main loop: Key received, calling HandleInput
[2025-08-02 17:53:44] [DEBUG] HandleInput: Key pressed: Q (Char: 'q') EditingIndex: 4
[2025-08-02 17:53:44] [DEBUG] HandleInput: In editing mode, delegating to HandleEditingInput
[2025-08-02 17:53:45] [DEBUG] Console not available, using Read-Host fallback
[2025-08-02 17:53:45] [DEBUG] Main loop: Key received, calling HandleInput
[2025-08-02 17:53:45] [DEBUG] HandleInput: Key pressed: Q (Char: 'q') EditingIndex: 4
[2025-08-02 17:53:45] [DEBUG] HandleInput: In editing mode, delegating to HandleEditingInput
[2025-08-02 17:53:45] [DEBUG] Console not available, using Read-Host fallback
[2025-08-02 17:53:45] [DEBUG] Main loop: Key received, calling HandleInput
[2025-08-02 17:53:45] [DEBUG] HandleInput: Key pressed: Q (Char: 'q') EditingIndex: 4
[2025-08-02 17:53:45] [DEBUG] HandleInput: In editing mode, delegating to HandleEditingInput
[2025-08-02 17:53:45] [DEBUG] Console not available, using Read-Host fallback
[2025-08-02 17:53:45] [DEBUG] Main loop: Key received, calling HandleInput
[2025-08-02 17:53:45] [DEBUG] HandleInput: Key pressed: Q (Char: 'q') EditingIndex: 4
[2025-08-02 17:53:45] [DEBUG] HandleInput: In editing mode, delegating to HandleEditingInput
[2025-08-02 17:53:45] [DEBUG] Console not available, using Read-Host fallback
[2025-08-02 17:53:45] [DEBUG] Main loop: Key received, calling HandleInput
[2025-08-02 17:53:45] [DEBUG] HandleInput: Key pressed: Q (Char: 'q') EditingIndex: 4
[2025-08-02 17:53:45] [DEBUG] HandleInput: In editing mode, delegating to HandleEditingInput
[2025-08-02 17:53:45] [DEBUG] Console not available, using Read-Host fallback
[2025-08-02 17:53:45] [DEBUG] Main loop: Key received, calling HandleInput
[2025-08-02 17:53:45] [DEBUG] HandleInput: Key pressed: Q (Char: 'q') EditingIndex: 4
[2025-08-02 17:53:45] [DEBUG] HandleInput: In editing mode, delegating to HandleEditingInput
[2025-08-02 17:53:45] [DEBUG] Console not available, using Read-Host fallback
[2025-08-02 17:53:45] [DEBUG] Main loop: Key received, calling HandleInput
[2025-08-02 17:53:45] [DEBUG] HandleInput: Key pressed: Q (Char: 'q') EditingIndex: 4
[2025-08-02 17:53:45] [DEBUG] HandleInput: In editing mode, delegating to HandleEditingInput
[2025-08-02 17:53:45] [DEBUG] Console not available, using Read-Host fallback
[2025-08-02 17:53:45] [DEBUG] Main loop: Key received, calling HandleInput
[2025-08-02 17:53:45] [DEBUG] HandleInput: Key pressed: Q (Char: 'q') EditingIndex: 4
[2025-08-02 17:53:45] [DEBUG] HandleInput: In editing mode, delegating to HandleEditingInput
[2025-08-02 17:53:45] [DEBUG] Console not available, using Read-Host fallback
[2025-08-02 17:53:45] [DEBUG] Main loop: Key received, calling HandleInput
[2025-08-02 17:53:45] [DEBUG] HandleInput: Key pressed: Q (Char: 'q') EditingIndex: 4
[2025-08-02 17:53:45] [DEBUG] HandleInput: In editing mode, delegating to HandleEditingInput
[2025-08-02 17:53:45] [DEBUG] Console not available, using Read-Host fallback
[2025-08-02 17:53:45] [DEBUG] Main loop: Key received, calling HandleInput
[2025-08-02 17:53:45] [DEBUG] HandleInput: Key pressed: Q (Char: 'q') EditingIndex: 4
[2025-08-02 17:53:45] [DEBUG] HandleInput: In editing mode, delegating to HandleEditingInput
[2025-08-02 17:53:45] [DEBUG] Console not available, using Read-Host fallback
[2025-08-02 17:53:45] [DEBUG] Main loop: Key received, calling HandleInput
[2025-08-02 17:53:45] [DEBUG] HandleInput: Key pressed: Q (Char: 'q') EditingIndex: 4
[2025-08-02 17:53:45] [DEBUG] HandleInput: In editing mode, delegating to HandleEditingInput
[2025-08-02 17:53:45] [DEBUG] Console not available, using Read-Host fallback
[2025-08-02 17:53:45] [DEBUG] Main loop: Key received, calling HandleInput
[2025-08-02 17:53:45] [DEBUG] HandleInput: Key pressed: Q (Char: 'q') EditingIndex: 4
[2025-08-02 17:53:45] [DEBUG] HandleInput: In editing mode, delegating to HandleEditingInput
[2025-08-02 17:53:45] [DEBUG] Console not available, using Read-Host fallback
[2025-08-02 17:53:45] [DEBUG] Main loop: Key received, calling HandleInput
[2025-08-02 17:53:45] [DEBUG] HandleInput: Key pressed: Q (Char: 'q') EditingIndex: 4
[2025-08-02 17:53:45] [DEBUG] HandleInput: In editing mode, delegating to HandleEditingInput
[2025-08-02 17:53:45] [DEBUG] Console not available, using Read-Host fallback
[2025-08-02 17:53:45] [DEBUG] Main loop: Key received, calling HandleInput
[2025-08-02 17:53:45] [DEBUG] HandleInput: Key pressed: Q (Char: 'q') EditingIndex: 4
[2025-08-02 17:53:45] [DEBUG] HandleInput: In editing mode, delegating to HandleEditingInput
[2025-08-02 17:53:45] [DEBUG] Console not available, using Read-Host fallback
[2025-08-02 17:53:45] [DEBUG] Main loop: Key received, calling HandleInput
[2025-08-02 17:53:45] [DEBUG] HandleInput: Key pressed: Q (Char: 'q') EditingIndex: 4
[2025-08-02 17:53:45] [DEBUG] HandleInput: In editing mode, delegating to HandleEditingInput
[2025-08-02 17:53:45] [DEBUG] Console not available, using Read-Host fallback
[2025-08-02 17:53:45] [DEBUG] Main loop: Key received, calling HandleInput
[2025-08-02 17:53:45] [DEBUG] HandleInput: Key pressed: Q (Char: 'q') EditingIndex: 4
[2025-08-02 17:53:45] [DEBUG] HandleInput: In editing mode, delegating to HandleEditingInput
[2025-08-02 17:53:45] [DEBUG] Console not available, using Read-Host fallback
[2025-08-02 17:53:45] [DEBUG] Main loop: Key received, calling HandleInput
[2025-08-02 17:53:45] [DEBUG] HandleInput: Key pressed: Q (Char: 'q') EditingIndex: 4
[2025-08-02 17:53:45] [DEBUG] HandleInput: In editing mode, delegating to HandleEditingInput
[2025-08-02 17:53:45] [DEBUG] Console not available, using Read-Host fallback
[2025-08-02 17:53:45] [DEBUG] Main loop: Key received, calling HandleInput
[2025-08-02 17:53:45] [DEBUG] HandleInput: Key pressed: Q (Char: 'q') EditingIndex: 4
[2025-08-02 17:53:45] [DEBUG] HandleInput: In editing mode, delegating to HandleEditingInput
[2025-08-02 17:53:45] [DEBUG] Console not available, using Read-Host fallback
[2025-08-02 17:53:45] [DEBUG] Main loop: Key received, calling HandleInput
[2025-08-02 17:53:45] [DEBUG] HandleInput: Key pressed: Q (Char: 'q') EditingIndex: 4
[2025-08-02 17:53:45] [DEBUG] HandleInput: In editing mode, delegating to HandleEditingInput
[2025-08-02 17:53:45] [DEBUG] Console not available, using Read-Host fallback
[2025-08-02 17:53:45] [DEBUG] Main loop: Key received, calling HandleInput
[2025-08-02 17:53:45] [DEBUG] HandleInput: Key pressed: Q (Char: 'q') EditingIndex: 4
[2025-08-02 17:53:45] [DEBUG] HandleInput: In editing mode, delegating to HandleEditingInput
[2025-08-02 17:53:45] [DEBUG] Console not available, using Read-Host fallback
[2025-08-02 17:53:45] [DEBUG] Main loop: Key received, calling HandleInput
[2025-08-02 17:53:45] [DEBUG] HandleInput: Key pressed: Q (Char: 'q') EditingIndex: 4
[2025-08-02 17:53:45] [DEBUG] HandleInput: In editing mode, delegating to HandleEditingInput
[2025-08-02 17:53:45] [DEBUG] Console not available, using Read-Host fallback
[2025-08-02 17:53:45] [DEBUG] Main loop: Key received, calling HandleInput
[2025-08-02 17:53:45] [DEBUG] HandleInput: Key pressed: Q (Char: 'q') EditingIndex: 4
[2025-08-02 17:53:45] [DEBUG] HandleInput: In editing mode, delegating to HandleEditingInput
[2025-08-02 17:53:45] [DEBUG] Console not available, using Read-Host fallback
[2025-08-02 17:53:45] [DEBUG] Main loop: Key received, calling HandleInput
[2025-08-02 17:53:45] [DEBUG] HandleInput: Key pressed: Q (Char: 'q') EditingIndex: 4
[2025-08-02 17:53:45] [DEBUG] HandleInput: In editing mode, delegating to HandleEditingInput
[2025-08-02 17:53:45] [DEBUG] Console not available, using Read-Host fallback
[2025-08-02 17:53:45] [DEBUG] Main loop: Key received, calling HandleInput
[2025-08-02 17:53:45] [DEBUG] HandleInput: Key pressed: Q (Char: 'q') EditingIndex: 4
[2025-08-02 17:53:45] [DEBUG] HandleInput: In editing mode, delegating to HandleEditingInput
[2025-08-02 17:53:45] [DEBUG] Console not available, using Read-Host fallback
[2025-08-02 17:53:45] [DEBUG] Main loop: Key received, calling HandleInput
[2025-08-02 17:53:45] [DEBUG] HandleInput: Key pressed: Q (Char: 'q') EditingIndex: 4
[2025-08-02 17:53:45] [DEBUG] HandleInput: In editing mode, delegating to HandleEditingInput
[2025-08-02 17:53:45] [DEBUG] Console not available, using Read-Host fallback
[2025-08-02 17:53:45] [DEBUG] Main loop: Key received, calling HandleInput
[2025-08-02 17:53:45] [DEBUG] HandleInput: Key pressed: Q (Char: 'q') EditingIndex: 4
[2025-08-02 17:53:45] [DEBUG] HandleInput: In editing mode, delegating to HandleEditingInput
[2025-08-02 17:53:45] [DEBUG] Console not available, using Read-Host fallback
[2025-08-02 17:53:45] [DEBUG] Main loop: Key received, calling HandleInput
[2025-08-02 17:53:45] [DEBUG] HandleInput: Key pressed: Q (Char: 'q') EditingIndex: 4
[2025-08-02 17:53:45] [DEBUG] HandleInput: In editing mode, delegating to HandleEditingInput
[2025-08-02 17:53:46] [DEBUG] Console not available, using Read-Host fallback
[2025-08-02 17:53:46] [DEBUG] Main loop: Key received, calling HandleInput
[2025-08-02 17:53:46] [DEBUG] HandleInput: Key pressed: Q (Char: 'q') EditingIndex: 4
[2025-08-02 17:53:46] [DEBUG] HandleInput: In editing mode, delegating to HandleEditingInput
[2025-08-02 17:53:46] [DEBUG] Console not available, using Read-Host fallback
[2025-08-02 17:53:46] [DEBUG] Main loop: Key received, calling HandleInput
[2025-08-02 17:53:46] [DEBUG] HandleInput: Key pressed: Q (Char: 'q') EditingIndex: 4
[2025-08-02 17:53:46] [DEBUG] HandleInput: In editing mode, delegating to HandleEditingInput
[2025-08-02 17:53:46] [DEBUG] Console not available, using Read-Host fallback
[2025-08-02 17:53:46] [DEBUG] Main loop: Key received, calling HandleInput
[2025-08-02 17:53:46] [DEBUG] HandleInput: Key pressed: Q (Char: 'q') EditingIndex: 4
[2025-08-02 17:53:46] [DEBUG] HandleInput: In editing mode, delegating to HandleEditingInput
[2025-08-02 17:53:46] [DEBUG] Console not available, using Read-Host fallback
[2025-08-02 17:53:46] [DEBUG] Main loop: Key received, calling HandleInput
[2025-08-02 17:53:46] [DEBUG] HandleInput: Key pressed: Q (Char: 'q') EditingIndex: 4
[2025-08-02 17:53:46] [DEBUG] HandleInput: In editing mode, delegating to HandleEditingInput
[2025-08-02 17:53:46] [DEBUG] Console not available, using Read-Host fallback
[2025-08-02 17:53:46] [DEBUG] Main loop: Key received, calling HandleInput
[2025-08-02 17:53:46] [DEBUG] HandleInput: Key pressed: Q (Char: 'q') EditingIndex: 4
[2025-08-02 17:53:46] [DEBUG] HandleInput: In editing mode, delegating to HandleEditingInput
[2025-08-02 17:53:46] [DEBUG] Console not available, using Read-Host fallback
[2025-08-02 17:53:46] [DEBUG] Main loop: Key received, calling HandleInput
[2025-08-02 17:53:46] [DEBUG] HandleInput: Key pressed: Q (Char: 'q') EditingIndex: 4
[2025-08-02 17:53:46] [DEBUG] HandleInput: In editing mode, delegating to HandleEditingInput
[2025-08-02 17:53:46] [DEBUG] Console not available, using Read-Host fallback
[2025-08-02 17:53:46] [DEBUG] Main loop: Key received, calling HandleInput
[2025-08-02 17:53:46] [DEBUG] HandleInput: Key pressed: Q (Char: 'q') EditingIndex: 4
[2025-08-02 17:53:46] [DEBUG] HandleInput: In editing mode, delegating to HandleEditingInput
[2025-08-02 17:53:46] [DEBUG] Console not available, using Read-Host fallback
[2025-08-02 17:53:46] [DEBUG] Main loop: Key received, calling HandleInput
[2025-08-02 17:53:46] [DEBUG] HandleInput: Key pressed: Q (Char: 'q') EditingIndex: 4
[2025-08-02 17:53:46] [DEBUG] HandleInput: In editing mode, delegating to HandleEditingInput
[2025-08-02 17:53:46] [DEBUG] Console not available, using Read-Host fallback
[2025-08-02 17:53:46] [DEBUG] Main loop: Key received, calling HandleInput
[2025-08-02 17:53:46] [DEBUG] HandleInput: Key pressed: Q (Char: 'q') EditingIndex: 4
[2025-08-02 17:53:46] [DEBUG] HandleInput: In editing mode, delegating to HandleEditingInput
[2025-08-02 17:53:46] [DEBUG] Console not available, using Read-Host fallback
[2025-08-02 17:53:46] [DEBUG] Main loop: Key received, calling HandleInput
[2025-08-02 17:53:46] [DEBUG] HandleInput: Key pressed: Q (Char: 'q') EditingIndex: 4
[2025-08-02 17:53:46] [DEBUG] HandleInput: In editing mode, delegating to HandleEditingInput
[2025-08-02 17:53:46] [DEBUG] Console not available, using Read-Host fallback
[2025-08-02 17:53:46] [DEBUG] Main loop: Key received, calling HandleInput
[2025-08-02 17:53:46] [DEBUG] HandleInput: Key pressed: Q (Char: 'q') EditingIndex: 4
[2025-08-02 17:53:46] [DEBUG] HandleInput: In editing mode, delegating to HandleEditingInput
[2025-08-02 17:53:46] [DEBUG] Console not available, using Read-Host fallback
[2025-08-02 17:53:46] [DEBUG] Main loop: Key received, calling HandleInput
[2025-08-02 17:53:46] [DEBUG] HandleInput: Key pressed: Q (Char: 'q') EditingIndex: 4
[2025-08-02 17:53:46] [DEBUG] HandleInput: In editing mode, delegating to HandleEditingInput
[2025-08-02 17:53:46] [DEBUG] Console not available, using Read-Host fallback
[2025-08-02 17:53:46] [DEBUG] Main loop: Key received, calling HandleInput
[2025-08-02 17:53:46] [DEBUG] HandleInput: Key pressed: Q (Char: 'q') EditingIndex: 4
[2025-08-02 17:53:46] [DEBUG] HandleInput: In editing mode, delegating to HandleEditingInput
[2025-08-02 17:53:46] [DEBUG] Console not available, using Read-Host fallback
[2025-08-02 17:53:46] [DEBUG] Main loop: Key received, calling HandleInput
[2025-08-02 17:53:46] [DEBUG] HandleInput: Key pressed: Q (Char: 'q') EditingIndex: 4
[2025-08-02 17:53:46] [DEBUG] HandleInput: In editing mode, delegating to HandleEditingInput
[2025-08-02 17:53:46] [DEBUG] Console not available, using Read-Host fallback
[2025-08-02 17:53:46] [DEBUG] Main loop: Key received, calling HandleInput
[2025-08-02 17:53:46] [DEBUG] HandleInput: Key pressed: Q (Char: 'q') EditingIndex: 4
[2025-08-02 17:53:46] [DEBUG] HandleInput: In editing mode, delegating to HandleEditingInput
[2025-08-02 17:53:46] [DEBUG] Console not available, using Read-Host fallback
[2025-08-02 17:53:46] [DEBUG] Main loop: Key received, calling HandleInput
[2025-08-02 17:53:46] [DEBUG] HandleInput: Key pressed: Q (Char: 'q') EditingIndex: 4
[2025-08-02 17:53:46] [DEBUG] HandleInput: In editing mode, delegating to HandleEditingInput
[2025-08-02 17:53:46] [DEBUG] Console not available, using Read-Host fallback
[2025-08-02 17:53:46] [DEBUG] Main loop: Key received, calling HandleInput
[2025-08-02 17:53:46] [DEBUG] HandleInput: Key pressed: Q (Char: 'q') EditingIndex: 4
[2025-08-02 17:53:46] [DEBUG] HandleInput: In editing mode, delegating to HandleEditingInput
[2025-08-02 17:53:46] [DEBUG] Console not available, using Read-Host fallback
[2025-08-02 17:53:46] [DEBUG] Main loop: Key received, calling HandleInput
[2025-08-02 17:53:46] [DEBUG] HandleInput: Key pressed: Q (Char: 'q') EditingIndex: 4
[2025-08-02 17:53:46] [DEBUG] HandleInput: In editing mode, delegating to HandleEditingInput
[2025-08-02 17:53:46] [DEBUG] Console not available, using Read-Host fallback
[2025-08-02 17:53:46] [DEBUG] Main loop: Key received, calling HandleInput
[2025-08-02 17:53:46] [DEBUG] HandleInput: Key pressed: Q (Char: 'q') EditingIndex: 4
[2025-08-02 17:53:46] [DEBUG] HandleInput: In editing mode, delegating to HandleEditingInput
[2025-08-02 17:53:46] [DEBUG] Console not available, using Read-Host fallback
[2025-08-02 17:53:46] [DEBUG] Main loop: Key received, calling HandleInput
[2025-08-02 17:53:46] [DEBUG] HandleInput: Key pressed: Q (Char: 'q') EditingIndex: 4
[2025-08-02 17:53:46] [DEBUG] HandleInput: In editing mode, delegating to HandleEditingInput
[2025-08-02 17:53:46] [DEBUG] Console not available, using Read-Host fallback
[2025-08-02 17:53:46] [DEBUG] Main loop: Key received, calling HandleInput
[2025-08-02 17:53:46] [DEBUG] HandleInput: Key pressed: Q (Char: 'q') EditingIndex: 4
[2025-08-02 17:53:46] [DEBUG] HandleInput: In editing mode, delegating to HandleEditingInput
[2025-08-02 17:53:46] [DEBUG] Console not available, using Read-Host fallback
[2025-08-02 17:53:46] [DEBUG] Main loop: Key received, calling HandleInput
[2025-08-02 17:53:46] [DEBUG] HandleInput: Key pressed: Q (Char: 'q') EditingIndex: 4
[2025-08-02 17:53:46] [DEBUG] HandleInput: In editing mode, delegating to HandleEditingInput
[2025-08-02 17:53:46] [DEBUG] Console not available, using Read-Host fallback
[2025-08-02 17:53:46] [DEBUG] Main loop: Key received, calling HandleInput
[2025-08-02 17:53:46] [DEBUG] HandleInput: Key pressed: Q (Char: 'q') EditingIndex: 4
[2025-08-02 17:53:46] [DEBUG] HandleInput: In editing mode, delegating to HandleEditingInput
[2025-08-02 17:53:46] [DEBUG] Console not available, using Read-Host fallback
[2025-08-02 17:53:46] [DEBUG] Main loop: Key received, calling HandleInput
[2025-08-02 17:53:46] [DEBUG] HandleInput: Key pressed: Q (Char: 'q') EditingIndex: 4
[2025-08-02 17:53:46] [DEBUG] HandleInput: In editing mode, delegating to HandleEditingInput
[2025-08-02 17:53:46] [DEBUG] Console not available, using Read-Host fallback
[2025-08-02 17:53:46] [DEBUG] Main loop: Key received, calling HandleInput
[2025-08-02 17:53:46] [DEBUG] HandleInput: Key pressed: Q (Char: 'q') EditingIndex: 4
[2025-08-02 17:53:46] [DEBUG] HandleInput: In editing mode, delegating to HandleEditingInput
[2025-08-02 17:53:47] [DEBUG] Console not available, using Read-Host fallback
[2025-08-02 17:53:47] [DEBUG] Main loop: Key received, calling HandleInput
[2025-08-02 17:53:47] [DEBUG] HandleInput: Key pressed: Q (Char: 'q') EditingIndex: 4
[2025-08-02 17:53:47] [DEBUG] HandleInput: In editing mode, delegating to HandleEditingInput
[2025-08-02 17:53:47] [DEBUG] Console not available, using Read-Host fallback
[2025-08-02 17:53:47] [DEBUG] Main loop: Key received, calling HandleInput
[2025-08-02 17:53:47] [DEBUG] HandleInput: Key pressed: Q (Char: 'q') EditingIndex: 4
[2025-08-02 17:53:47] [DEBUG] HandleInput: In editing mode, delegating to HandleEditingInput
[2025-08-02 17:53:47] [DEBUG] Console not available, using Read-Host fallback
[2025-08-02 17:53:47] [DEBUG] Main loop: Key received, calling HandleInput
[2025-08-02 17:53:47] [DEBUG] HandleInput: Key pressed: Q (Char: 'q') EditingIndex: 4
[2025-08-02 17:53:47] [DEBUG] HandleInput: In editing mode, delegating to HandleEditingInput
[2025-08-02 17:53:47] [DEBUG] Console not available, using Read-Host fallback
[2025-08-02 17:53:47] [DEBUG] Main loop: Key received, calling HandleInput
[2025-08-02 17:53:47] [DEBUG] HandleInput: Key pressed: Q (Char: 'q') EditingIndex: 4
[2025-08-02 17:53:47] [DEBUG] HandleInput: In editing mode, delegating to HandleEditingInput
[2025-08-02 17:53:47] [DEBUG] Console not available, using Read-Host fallback
[2025-08-02 17:53:47] [DEBUG] Main loop: Key received, calling HandleInput
[2025-08-02 17:53:47] [DEBUG] HandleInput: Key pressed: Q (Char: 'q') EditingIndex: 4
[2025-08-02 17:53:47] [DEBUG] HandleInput: In editing mode, delegating to HandleEditingInput
[2025-08-02 17:53:47] [DEBUG] Console not available, using Read-Host fallback
[2025-08-02 17:53:47] [DEBUG] Main loop: Key received, calling HandleInput
[2025-08-02 17:53:47] [DEBUG] HandleInput: Key pressed: Q (Char: 'q') EditingIndex: 4
[2025-08-02 17:53:47] [DEBUG] HandleInput: In editing mode, delegating to HandleEditingInput
[2025-08-02 17:53:47] [DEBUG] Console not available, using Read-Host fallback
[2025-08-02 17:53:47] [DEBUG] Main loop: Key received, calling HandleInput
[2025-08-02 17:53:47] [DEBUG] HandleInput: Key pressed: Q (Char: 'q') EditingIndex: 4
[2025-08-02 17:53:47] [DEBUG] HandleInput: In editing mode, delegating to HandleEditingInput
[2025-08-02 17:53:47] [DEBUG] Console not available, using Read-Host fallback
[2025-08-02 17:53:47] [DEBUG] Main loop: Key received, calling HandleInput
[2025-08-02 17:53:47] [DEBUG] HandleInput: Key pressed: Q (Char: 'q') EditingIndex: 4
[2025-08-02 17:53:47] [DEBUG] HandleInput: In editing mode, delegating to HandleEditingInput
[2025-08-02 17:53:47] [DEBUG] Console not available, using Read-Host fallback
[2025-08-02 17:53:47] [DEBUG] Main loop: Key received, calling HandleInput
[2025-08-02 17:53:47] [DEBUG] HandleInput: Key pressed: Q (Char: 'q') EditingIndex: 4
[2025-08-02 17:53:47] [DEBUG] HandleInput: In editing mode, delegating to HandleEditingInput
[2025-08-02 17:53:47] [DEBUG] Console not available, using Read-Host fallback
[2025-08-02 17:53:47] [DEBUG] Main loop: Key received, calling HandleInput
[2025-08-02 17:53:47] [DEBUG] HandleInput: Key pressed: Q (Char: 'q') EditingIndex: 4
[2025-08-02 17:53:47] [DEBUG] HandleInput: In editing mode, delegating to HandleEditingInput
[2025-08-02 17:53:47] [DEBUG] Console not available, using Read-Host fallback
[2025-08-02 17:53:47] [DEBUG] Main loop: Key received, calling HandleInput
[2025-08-02 17:53:47] [DEBUG] HandleInput: Key pressed: Q (Char: 'q') EditingIndex: 4
[2025-08-02 17:53:47] [DEBUG] HandleInput: In editing mode, delegating to HandleEditingInput
[2025-08-02 17:53:47] [DEBUG] Console not available, using Read-Host fallback
[2025-08-02 17:53:47] [DEBUG] Main loop: Key received, calling HandleInput
[2025-08-02 17:53:47] [DEBUG] HandleInput: Key pressed: Q (Char: 'q') EditingIndex: 4
[2025-08-02 17:53:47] [DEBUG] HandleInput: In editing mode, delegating to HandleEditingInput
[2025-08-02 17:53:47] [DEBUG] Console not available, using Read-Host fallback
[2025-08-02 17:53:47] [DEBUG] Main loop: Key received, calling HandleInput
[2025-08-02 17:53:47] [DEBUG] HandleInput: Key pressed: Q (Char: 'q') EditingIndex: 4
[2025-08-02 17:53:47] [DEBUG] HandleInput: In editing mode, delegating to HandleEditingInput
[2025-08-02 17:53:47] [DEBUG] Console not available, using Read-Host fallback
[2025-08-02 17:53:47] [DEBUG] Main loop: Key received, calling HandleInput
[2025-08-02 17:53:47] [DEBUG] HandleInput: Key pressed: Q (Char: 'q') EditingIndex: 4
[2025-08-02 17:53:47] [DEBUG] HandleInput: In editing mode, delegating to HandleEditingInput
[2025-08-02 17:53:47] [DEBUG] Console not available, using Read-Host fallback
[2025-08-02 17:53:47] [DEBUG] Main loop: Key received, calling HandleInput
[2025-08-02 17:53:47] [DEBUG] HandleInput: Key pressed: Q (Char: 'q') EditingIndex: 4
[2025-08-02 17:53:47] [DEBUG] HandleInput: In editing mode, delegating to HandleEditingInput
[2025-08-02 17:53:47] [DEBUG] Console not available, using Read-Host fallback
[2025-08-02 17:53:47] [DEBUG] Main loop: Key received, calling HandleInput
[2025-08-02 17:53:47] [DEBUG] HandleInput: Key pressed: Q (Char: 'q') EditingIndex: 4
[2025-08-02 17:53:47] [DEBUG] HandleInput: In editing mode, delegating to HandleEditingInput
[2025-08-02 17:53:47] [DEBUG] Console not available, using Read-Host fallback
[2025-08-02 17:53:47] [DEBUG] Main loop: Key received, calling HandleInput
[2025-08-02 17:53:47] [DEBUG] HandleInput: Key pressed: Q (Char: 'q') EditingIndex: 4
[2025-08-02 17:53:47] [DEBUG] HandleInput: In editing mode, delegating to HandleEditingInput
[2025-08-02 17:53:47] [DEBUG] Console not available, using Read-Host fallback
[2025-08-02 17:53:47] [DEBUG] Main loop: Key received, calling HandleInput
[2025-08-02 17:53:47] [DEBUG] HandleInput: Key pressed: Q (Char: 'q') EditingIndex: 4
[2025-08-02 17:53:47] [DEBUG] HandleInput: In editing mode, delegating to HandleEditingInput
[2025-08-02 17:53:47] [DEBUG] Console not available, using Read-Host fallback
[2025-08-02 17:53:47] [DEBUG] Main loop: Key received, calling HandleInput
[2025-08-02 17:53:47] [DEBUG] HandleInput: Key pressed: Q (Char: 'q') EditingIndex: 4
[2025-08-02 17:53:47] [DEBUG] HandleInput: In editing mode, delegating to HandleEditingInput
[2025-08-02 17:53:47] [DEBUG] Console not available, using Read-Host fallback
[2025-08-02 17:53:47] [DEBUG] Main loop: Key received, calling HandleInput
[2025-08-02 17:53:47] [DEBUG] HandleInput: Key pressed: Q (Char: 'q') EditingIndex: 4
[2025-08-02 17:53:47] [DEBUG] HandleInput: In editing mode, delegating to HandleEditingInput
[2025-08-02 17:53:47] [DEBUG] Console not available, using Read-Host fallback
[2025-08-02 17:53:47] [DEBUG] Main loop: Key received, calling HandleInput
[2025-08-02 17:53:47] [DEBUG] HandleInput: Key pressed: Q (Char: 'q') EditingIndex: 4
[2025-08-02 17:53:47] [DEBUG] HandleInput: In editing mode, delegating to HandleEditingInput
[2025-08-02 17:53:47] [DEBUG] Console not available, using Read-Host fallback
[2025-08-02 17:53:47] [DEBUG] Main loop: Key received, calling HandleInput
[2025-08-02 17:53:47] [DEBUG] HandleInput: Key pressed: Q (Char: 'q') EditingIndex: 4
[2025-08-02 17:53:47] [DEBUG] HandleInput: In editing mode, delegating to HandleEditingInput
[2025-08-02 17:53:47] [DEBUG] Console not available, using Read-Host fallback
[2025-08-02 17:53:47] [DEBUG] Main loop: Key received, calling HandleInput
[2025-08-02 17:53:47] [DEBUG] HandleInput: Key pressed: Q (Char: 'q') EditingIndex: 4
[2025-08-02 17:53:47] [DEBUG] HandleInput: In editing mode, delegating to HandleEditingInput
[2025-08-02 17:53:47] [DEBUG] Console not available, using Read-Host fallback
[2025-08-02 17:53:47] [DEBUG] Main loop: Key received, calling HandleInput
[2025-08-02 17:53:47] [DEBUG] HandleInput: Key pressed: Q (Char: 'q') EditingIndex: 4
[2025-08-02 17:53:47] [DEBUG] HandleInput: In editing mode, delegating to HandleEditingInput
[2025-08-02 17:53:47] [DEBUG] Console not available, using Read-Host fallback
[2025-08-02 17:53:47] [DEBUG] Main loop: Key received, calling HandleInput
[2025-08-02 17:53:47] [DEBUG] HandleInput: Key pressed: Q (Char: 'q') EditingIndex: 4
[2025-08-02 17:53:47] [DEBUG] HandleInput: In editing mode, delegating to HandleEditingInput
[2025-08-02 17:53:47] [DEBUG] Console not available, using Read-Host fallback
[2025-08-02 17:53:47] [DEBUG] Main loop: Key received, calling HandleInput
[2025-08-02 17:53:48] [DEBUG] HandleInput: Key pressed: Q (Char: 'q') EditingIndex: 4
[2025-08-02 17:53:48] [DEBUG] HandleInput: In editing mode, delegating to HandleEditingInput
[2025-08-02 17:53:48] [DEBUG] Console not available, using Read-Host fallback
[2025-08-02 17:53:48] [DEBUG] Main loop: Key received, calling HandleInput
[2025-08-02 17:53:48] [DEBUG] HandleInput: Key pressed: Q (Char: 'q') EditingIndex: 4
[2025-08-02 17:53:48] [DEBUG] HandleInput: In editing mode, delegating to HandleEditingInput
[2025-08-02 17:53:48] [DEBUG] Console not available, using Read-Host fallback
[2025-08-02 17:53:48] [DEBUG] Main loop: Key received, calling HandleInput
[2025-08-02 17:53:48] [DEBUG] HandleInput: Key pressed: Q (Char: 'q') EditingIndex: 4
[2025-08-02 17:53:48] [DEBUG] HandleInput: In editing mode, delegating to HandleEditingInput
[2025-08-02 17:53:48] [DEBUG] Console not available, using Read-Host fallback
[2025-08-02 17:53:48] [DEBUG] Main loop: Key received, calling HandleInput
[2025-08-02 17:53:48] [DEBUG] HandleInput: Key pressed: Q (Char: 'q') EditingIndex: 4
[2025-08-02 17:53:48] [DEBUG] HandleInput: In editing mode, delegating to HandleEditingInput
[2025-08-02 17:53:48] [DEBUG] Console not available, using Read-Host fallback
[2025-08-02 17:53:48] [DEBUG] Main loop: Key received, calling HandleInput
[2025-08-02 17:53:48] [DEBUG] HandleInput: Key pressed: Q (Char: 'q') EditingIndex: 4
[2025-08-02 17:53:48] [DEBUG] HandleInput: In editing mode, delegating to HandleEditingInput
[2025-08-02 17:53:48] [DEBUG] Console not available, using Read-Host fallback
[2025-08-02 17:53:48] [DEBUG] Main loop: Key received, calling HandleInput
[2025-08-02 17:53:48] [DEBUG] HandleInput: Key pressed: Q (Char: 'q') EditingIndex: 4
[2025-08-02 17:53:48] [DEBUG] HandleInput: In editing mode, delegating to HandleEditingInput
[2025-08-02 17:53:48] [DEBUG] Console not available, using Read-Host fallback
[2025-08-02 17:53:48] [DEBUG] Main loop: Key received, calling HandleInput
[2025-08-02 17:53:48] [DEBUG] HandleInput: Key pressed: Q (Char: 'q') EditingIndex: 4
[2025-08-02 17:53:48] [DEBUG] HandleInput: In editing mode, delegating to HandleEditingInput
[2025-08-02 17:53:48] [DEBUG] Console not available, using Read-Host fallback
[2025-08-02 17:53:48] [DEBUG] Main loop: Key received, calling HandleInput
[2025-08-02 17:53:48] [DEBUG] HandleInput: Key pressed: Q (Char: 'q') EditingIndex: 4
[2025-08-02 17:53:48] [DEBUG] HandleInput: In editing mode, delegating to HandleEditingInput
[2025-08-02 17:53:48] [DEBUG] Console not available, using Read-Host fallback
[2025-08-02 17:53:48] [DEBUG] Main loop: Key received, calling HandleInput
[2025-08-02 17:53:48] [DEBUG] HandleInput: Key pressed: Q (Char: 'q') EditingIndex: 4
[2025-08-02 17:53:48] [DEBUG] HandleInput: In editing mode, delegating to HandleEditingInput
[2025-08-02 17:53:48] [DEBUG] Console not available, using Read-Host fallback
[2025-08-02 17:53:48] [DEBUG] Main loop: Key received, calling HandleInput
[2025-08-02 17:53:48] [DEBUG] HandleInput: Key pressed: Q (Char: 'q') EditingIndex: 4
[2025-08-02 17:53:48] [DEBUG] HandleInput: In editing mode, delegating to HandleEditingInput
[2025-08-02 17:53:48] [DEBUG] Console not available, using Read-Host fallback
[2025-08-02 17:53:48] [DEBUG] Main loop: Key received, calling HandleInput
[2025-08-02 17:53:48] [DEBUG] HandleInput: Key pressed: Q (Char: 'q') EditingIndex: 4
[2025-08-02 17:53:48] [DEBUG] HandleInput: In editing mode, delegating to HandleEditingInput
[2025-08-02 17:53:48] [DEBUG] Console not available, using Read-Host fallback
[2025-08-02 17:53:48] [DEBUG] Main loop: Key received, calling HandleInput
[2025-08-02 17:53:48] [DEBUG] HandleInput: Key pressed: Q (Char: 'q') EditingIndex: 4
[2025-08-02 17:53:48] [DEBUG] HandleInput: In editing mode, delegating to HandleEditingInput
[2025-08-02 17:53:48] [DEBUG] Console not available, using Read-Host fallback
[2025-08-02 17:53:48] [DEBUG] Main loop: Key received, calling HandleInput
[2025-08-02 17:53:48] [DEBUG] HandleInput: Key pressed: Q (Char: 'q') EditingIndex: 4
[2025-08-02 17:53:48] [DEBUG] HandleInput: In editing mode, delegating to HandleEditingInput
[2025-08-02 17:53:48] [DEBUG] Console not available, using Read-Host fallback
[2025-08-02 17:53:48] [DEBUG] Main loop: Key received, calling HandleInput
[2025-08-02 17:53:48] [DEBUG] HandleInput: Key pressed: Q (Char: 'q') EditingIndex: 4
[2025-08-02 17:53:48] [DEBUG] HandleInput: In editing mode, delegating to HandleEditingInput
[2025-08-02 17:53:48] [DEBUG] Console not available, using Read-Host fallback
[2025-08-02 17:53:48] [DEBUG] Main loop: Key received, calling HandleInput
[2025-08-02 17:53:48] [DEBUG] HandleInput: Key pressed: Q (Char: 'q') EditingIndex: 4
[2025-08-02 17:53:48] [DEBUG] HandleInput: In editing mode, delegating to HandleEditingInput
[2025-08-02 17:53:48] [DEBUG] Console not available, using Read-Host fallback
[2025-08-02 17:53:48] [DEBUG] Main loop: Key received, calling HandleInput
[2025-08-02 17:53:48] [DEBUG] HandleInput: Key pressed: Q (Char: 'q') EditingIndex: 4
[2025-08-02 17:53:48] [DEBUG] HandleInput: In editing mode, delegating to HandleEditingInput
[2025-08-02 17:53:48] [DEBUG] Console not available, using Read-Host fallback
[2025-08-02 17:53:48] [DEBUG] Main loop: Key received, calling HandleInput
[2025-08-02 17:53:48] [DEBUG] HandleInput: Key pressed: Q (Char: 'q') EditingIndex: 4
[2025-08-02 17:53:48] [DEBUG] HandleInput: In editing mode, delegating to HandleEditingInput
[2025-08-02 17:53:48] [DEBUG] Console not available, using Read-Host fallback
[2025-08-02 17:53:48] [DEBUG] Main loop: Key received, calling HandleInput
[2025-08-02 17:53:48] [DEBUG] HandleInput: Key pressed: Q (Char: 'q') EditingIndex: 4
[2025-08-02 17:53:48] [DEBUG] HandleInput: In editing mode, delegating to HandleEditingInput
[2025-08-02 17:53:48] [DEBUG] Console not available, using Read-Host fallback
[2025-08-02 17:53:48] [DEBUG] Main loop: Key received, calling HandleInput
[2025-08-02 17:53:48] [DEBUG] HandleInput: Key pressed: Q (Char: 'q') EditingIndex: 4
[2025-08-02 17:53:48] [DEBUG] HandleInput: In editing mode, delegating to HandleEditingInput
[2025-08-02 17:53:48] [DEBUG] Console not available, using Read-Host fallback
[2025-08-02 17:53:48] [DEBUG] Main loop: Key received, calling HandleInput
[2025-08-02 17:53:48] [DEBUG] HandleInput: Key pressed: Q (Char: 'q') EditingIndex: 4
[2025-08-02 17:53:48] [DEBUG] HandleInput: In editing mode, delegating to HandleEditingInput
[2025-08-02 17:53:48] [DEBUG] Console not available, using Read-Host fallback
[2025-08-02 17:53:48] [DEBUG] Main loop: Key received, calling HandleInput
[2025-08-02 17:53:48] [DEBUG] HandleInput: Key pressed: Q (Char: 'q') EditingIndex: 4
[2025-08-02 17:53:48] [DEBUG] HandleInput: In editing mode, delegating to HandleEditingInput
[2025-08-02 17:53:48] [DEBUG] Console not available, using Read-Host fallback
[2025-08-02 17:53:48] [DEBUG] Main loop: Key received, calling HandleInput
[2025-08-02 17:53:48] [DEBUG] HandleInput: Key pressed: Q (Char: 'q') EditingIndex: 4
[2025-08-02 17:53:48] [DEBUG] HandleInput: In editing mode, delegating to HandleEditingInput
[2025-08-02 17:53:48] [DEBUG] Console not available, using Read-Host fallback
[2025-08-02 17:53:48] [DEBUG] Main loop: Key received, calling HandleInput
[2025-08-02 17:53:48] [DEBUG] HandleInput: Key pressed: Q (Char: 'q') EditingIndex: 4
[2025-08-02 17:53:48] [DEBUG] HandleInput: In editing mode, delegating to HandleEditingInput
[2025-08-02 17:53:48] [DEBUG] Console not available, using Read-Host fallback
[2025-08-02 17:53:48] [DEBUG] Main loop: Key received, calling HandleInput
[2025-08-02 17:53:48] [DEBUG] HandleInput: Key pressed: Q (Char: 'q') EditingIndex: 4
[2025-08-02 17:53:48] [DEBUG] HandleInput: In editing mode, delegating to HandleEditingInput
[2025-08-02 17:53:48] [DEBUG] Console not available, using Read-Host fallback
[2025-08-02 17:53:48] [DEBUG] Main loop: Key received, calling HandleInput
[2025-08-02 17:53:48] [DEBUG] HandleInput: Key pressed: Q (Char: 'q') EditingIndex: 4
[2025-08-02 17:53:48] [DEBUG] HandleInput: In editing mode, delegating to HandleEditingInput
[2025-08-02 17:53:48] [DEBUG] Console not available, using Read-Host fallback
[2025-08-02 17:53:48] [DEBUG] Main loop: Key received, calling HandleInput
[2025-08-02 17:53:48] [DEBUG] HandleInput: Key pressed: Q (Char: 'q') EditingIndex: 4
[2025-08-02 17:53:48] [DEBUG] HandleInput: In editing mode, delegating to HandleEditingInput
[2025-08-02 17:53:49] [DEBUG] Console not available, using Read-Host fallback
[2025-08-02 17:53:49] [DEBUG] Main loop: Key received, calling HandleInput
[2025-08-02 17:53:49] [DEBUG] HandleInput: Key pressed: Q (Char: 'q') EditingIndex: 4
[2025-08-02 17:53:49] [DEBUG] HandleInput: In editing mode, delegating to HandleEditingInput
[2025-08-02 17:53:49] [DEBUG] Console not available, using Read-Host fallback
[2025-08-02 17:53:49] [DEBUG] Main loop: Key received, calling HandleInput
[2025-08-02 17:53:49] [DEBUG] HandleInput: Key pressed: Q (Char: 'q') EditingIndex: 4
[2025-08-02 17:53:49] [DEBUG] HandleInput: In editing mode, delegating to HandleEditingInput
[2025-08-02 17:53:49] [DEBUG] Console not available, using Read-Host fallback
[2025-08-02 17:53:49] [DEBUG] Main loop: Key received, calling HandleInput
[2025-08-02 17:53:49] [DEBUG] HandleInput: Key pressed: Q (Char: 'q') EditingIndex: 4
[2025-08-02 17:53:49] [DEBUG] HandleInput: In editing mode, delegating to HandleEditingInput
[2025-08-02 17:53:49] [DEBUG] Console not available, using Read-Host fallback
[2025-08-02 17:53:49] [DEBUG] Main loop: Key received, calling HandleInput
[2025-08-02 17:53:49] [DEBUG] HandleInput: Key pressed: Q (Char: 'q') EditingIndex: 4
[2025-08-02 17:53:49] [DEBUG] HandleInput: In editing mode, delegating to HandleEditingInput
[2025-08-02 17:53:49] [DEBUG] Console not available, using Read-Host fallback
[2025-08-02 17:53:49] [DEBUG] Main loop: Key received, calling HandleInput
[2025-08-02 17:53:49] [DEBUG] HandleInput: Key pressed: Q (Char: 'q') EditingIndex: 4
[2025-08-02 17:53:49] [DEBUG] HandleInput: In editing mode, delegating to HandleEditingInput
[2025-08-02 17:53:49] [DEBUG] Console not available, using Read-Host fallback
[2025-08-02 17:53:49] [DEBUG] Main loop: Key received, calling HandleInput
[2025-08-02 17:53:49] [DEBUG] HandleInput: Key pressed: Q (Char: 'q') EditingIndex: 4
[2025-08-02 17:53:49] [DEBUG] HandleInput: In editing mode, delegating to HandleEditingInput
[2025-08-02 17:53:49] [DEBUG] Console not available, using Read-Host fallback
[2025-08-02 17:53:49] [DEBUG] Main loop: Key received, calling HandleInput
[2025-08-02 17:53:49] [DEBUG] HandleInput: Key pressed: Q (Char: 'q') EditingIndex: 4
[2025-08-02 17:53:49] [DEBUG] HandleInput: In editing mode, delegating to HandleEditingInput
[2025-08-02 17:53:49] [DEBUG] Console not available, using Read-Host fallback
[2025-08-02 17:53:49] [DEBUG] Main loop: Key received, calling HandleInput
[2025-08-02 17:53:49] [DEBUG] HandleInput: Key pressed: Q (Char: 'q') EditingIndex: 4
[2025-08-02 17:53:49] [DEBUG] HandleInput: In editing mode, delegating to HandleEditingInput
[2025-08-02 17:53:49] [DEBUG] Console not available, using Read-Host fallback
[2025-08-02 17:53:49] [DEBUG] Main loop: Key received, calling HandleInput
[2025-08-02 17:53:49] [DEBUG] HandleInput: Key pressed: Q (Char: 'q') EditingIndex: 4
[2025-08-02 17:53:49] [DEBUG] HandleInput: In editing mode, delegating to HandleEditingInput
[2025-08-02 17:53:49] [DEBUG] Console not available, using Read-Host fallback
[2025-08-02 17:53:49] [DEBUG] Main loop: Key received, calling HandleInput
[2025-08-02 17:53:49] [DEBUG] HandleInput: Key pressed: Q (Char: 'q') EditingIndex: 4
[2025-08-02 17:53:49] [DEBUG] HandleInput: In editing mode, delegating to HandleEditingInput
[2025-08-02 17:53:49] [DEBUG] Console not available, using Read-Host fallback
[2025-08-02 17:53:49] [DEBUG] Main loop: Key received, calling HandleInput
[2025-08-02 17:53:49] [DEBUG] HandleInput: Key pressed: Q (Char: 'q') EditingIndex: 4
[2025-08-02 17:53:49] [DEBUG] HandleInput: In editing mode, delegating to HandleEditingInput
[2025-08-02 17:53:49] [DEBUG] Console not available, using Read-Host fallback
[2025-08-02 17:53:49] [DEBUG] Main loop: Key received, calling HandleInput
[2025-08-02 17:53:49] [DEBUG] HandleInput: Key pressed: Q (Char: 'q') EditingIndex: 4
[2025-08-02 17:53:49] [DEBUG] HandleInput: In editing mode, delegating to HandleEditingInput
[2025-08-02 17:53:49] [DEBUG] Console not available, using Read-Host fallback
[2025-08-02 17:53:49] [DEBUG] Main loop: Key received, calling HandleInput
[2025-08-02 17:53:49] [DEBUG] HandleInput: Key pressed: Q (Char: 'q') EditingIndex: 4
[2025-08-02 17:53:49] [DEBUG] HandleInput: In editing mode, delegating to HandleEditingInput
[2025-08-02 17:53:49] [DEBUG] Console not available, using Read-Host fallback
[2025-08-02 17:53:49] [DEBUG] Main loop: Key received, calling HandleInput
[2025-08-02 17:53:49] [DEBUG] HandleInput: Key pressed: Q (Char: 'q') EditingIndex: 4
[2025-08-02 17:53:49] [DEBUG] HandleInput: In editing mode, delegating to HandleEditingInput
[2025-08-02 17:53:49] [DEBUG] Console not available, using Read-Host fallback
[2025-08-02 17:53:49] [DEBUG] Main loop: Key received, calling HandleInput
[2025-08-02 17:53:49] [DEBUG] HandleInput: Key pressed: Q (Char: 'q') EditingIndex: 4
[2025-08-02 17:53:49] [DEBUG] HandleInput: In editing mode, delegating to HandleEditingInput
[2025-08-02 17:53:49] [DEBUG] Console not available, using Read-Host fallback
[2025-08-02 17:53:49] [DEBUG] Main loop: Key received, calling HandleInput
[2025-08-02 17:53:49] [DEBUG] HandleInput: Key pressed: Q (Char: 'q') EditingIndex: 4
[2025-08-02 17:53:49] [DEBUG] HandleInput: In editing mode, delegating to HandleEditingInput
[2025-08-02 17:53:49] [DEBUG] Console not available, using Read-Host fallback
[2025-08-02 17:53:49] [DEBUG] Main loop: Key received, calling HandleInput
[2025-08-02 17:53:49] [DEBUG] HandleInput: Key pressed: Q (Char: 'q') EditingIndex: 4
[2025-08-02 17:53:49] [DEBUG] HandleInput: In editing mode, delegating to HandleEditingInput
[2025-08-02 17:53:49] [DEBUG] Console not available, using Read-Host fallback
[2025-08-02 17:53:49] [DEBUG] Main loop: Key received, calling HandleInput
[2025-08-02 17:53:49] [DEBUG] HandleInput: Key pressed: Q (Char: 'q') EditingIndex: 4
[2025-08-02 17:53:49] [DEBUG] HandleInput: In editing mode, delegating to HandleEditingInput
[2025-08-02 17:53:49] [DEBUG] Console not available, using Read-Host fallback
[2025-08-02 17:53:49] [DEBUG] Main loop: Key received, calling HandleInput
[2025-08-02 17:53:49] [DEBUG] HandleInput: Key pressed: Q (Char: 'q') EditingIndex: 4
[2025-08-02 17:53:49] [DEBUG] HandleInput: In editing mode, delegating to HandleEditingInput
[2025-08-02 17:53:49] [DEBUG] Console not available, using Read-Host fallback
[2025-08-02 17:53:49] [DEBUG] Main loop: Key received, calling HandleInput
[2025-08-02 17:53:49] [DEBUG] HandleInput: Key pressed: Q (Char: 'q') EditingIndex: 4
[2025-08-02 17:53:49] [DEBUG] HandleInput: In editing mode, delegating to HandleEditingInput
[2025-08-02 17:53:49] [DEBUG] Console not available, using Read-Host fallback
[2025-08-02 17:53:49] [DEBUG] Main loop: Key received, calling HandleInput
[2025-08-02 17:53:49] [DEBUG] HandleInput: Key pressed: Q (Char: 'q') EditingIndex: 4
[2025-08-02 17:53:49] [DEBUG] HandleInput: In editing mode, delegating to HandleEditingInput
[2025-08-02 17:53:49] [DEBUG] Console not available, using Read-Host fallback
[2025-08-02 17:53:49] [DEBUG] Main loop: Key received, calling HandleInput
[2025-08-02 17:53:49] [DEBUG] HandleInput: Key pressed: Q (Char: 'q') EditingIndex: 4
[2025-08-02 17:53:49] [DEBUG] HandleInput: In editing mode, delegating to HandleEditingInput
[2025-08-02 17:53:49] [DEBUG] Console not available, using Read-Host fallback
[2025-08-02 17:53:49] [DEBUG] Main loop: Key received, calling HandleInput
[2025-08-02 17:53:49] [DEBUG] HandleInput: Key pressed: Q (Char: 'q') EditingIndex: 4
[2025-08-02 17:53:49] [DEBUG] HandleInput: In editing mode, delegating to HandleEditingInput
[2025-08-02 17:53:49] [DEBUG] Console not available, using Read-Host fallback
[2025-08-02 17:53:49] [DEBUG] Main loop: Key received, calling HandleInput
[2025-08-02 17:53:49] [DEBUG] HandleInput: Key pressed: Q (Char: 'q') EditingIndex: 4
[2025-08-02 17:53:49] [DEBUG] HandleInput: In editing mode, delegating to HandleEditingInput
[2025-08-02 17:53:49] [DEBUG] Console not available, using Read-Host fallback
[2025-08-02 17:53:49] [DEBUG] Main loop: Key received, calling HandleInput
[2025-08-02 17:53:49] [DEBUG] HandleInput: Key pressed: Q (Char: 'q') EditingIndex: 4
[2025-08-02 17:53:49] [DEBUG] HandleInput: In editing mode, delegating to HandleEditingInput
[2025-08-02 17:53:50] [DEBUG] Console not available, using Read-Host fallback
[2025-08-02 17:53:50] [DEBUG] Main loop: Key received, calling HandleInput
[2025-08-02 17:53:50] [DEBUG] HandleInput: Key pressed: Q (Char: 'q') EditingIndex: 4
[2025-08-02 17:53:50] [DEBUG] HandleInput: In editing mode, delegating to HandleEditingInput
[2025-08-02 17:53:50] [DEBUG] Console not available, using Read-Host fallback
[2025-08-02 17:53:50] [DEBUG] Main loop: Key received, calling HandleInput
[2025-08-02 17:53:50] [DEBUG] HandleInput: Key pressed: Q (Char: 'q') EditingIndex: 4
[2025-08-02 17:53:50] [DEBUG] HandleInput: In editing mode, delegating to HandleEditingInput
[2025-08-02 17:53:50] [DEBUG] Console not available, using Read-Host fallback
[2025-08-02 17:53:50] [DEBUG] Main loop: Key received, calling HandleInput
[2025-08-02 17:53:50] [DEBUG] HandleInput: Key pressed: Q (Char: 'q') EditingIndex: 4
[2025-08-02 17:53:50] [DEBUG] HandleInput: In editing mode, delegating to HandleEditingInput
[2025-08-02 17:53:50] [DEBUG] Console not available, using Read-Host fallback
[2025-08-02 17:53:50] [DEBUG] Main loop: Key received, calling HandleInput
[2025-08-02 17:53:50] [DEBUG] HandleInput: Key pressed: Q (Char: 'q') EditingIndex: 4
[2025-08-02 17:53:50] [DEBUG] HandleInput: In editing mode, delegating to HandleEditingInput
[2025-08-02 17:53:50] [DEBUG] Console not available, using Read-Host fallback
[2025-08-02 17:53:50] [DEBUG] Main loop: Key received, calling HandleInput
[2025-08-02 17:53:50] [DEBUG] HandleInput: Key pressed: Q (Char: 'q') EditingIndex: 4
[2025-08-02 17:53:50] [DEBUG] HandleInput: In editing mode, delegating to HandleEditingInput
[2025-08-02 17:53:50] [DEBUG] Console not available, using Read-Host fallback
[2025-08-02 17:53:50] [DEBUG] Main loop: Key received, calling HandleInput
[2025-08-02 17:53:50] [DEBUG] HandleInput: Key pressed: Q (Char: 'q') EditingIndex: 4
[2025-08-02 17:53:50] [DEBUG] HandleInput: In editing mode, delegating to HandleEditingInput
[2025-08-02 17:53:50] [DEBUG] Console not available, using Read-Host fallback
[2025-08-02 17:53:50] [DEBUG] Main loop: Key received, calling HandleInput
[2025-08-02 17:53:50] [DEBUG] HandleInput: Key pressed: Q (Char: 'q') EditingIndex: 4
[2025-08-02 17:53:50] [DEBUG] HandleInput: In editing mode, delegating to HandleEditingInput
[2025-08-02 17:53:50] [DEBUG] Console not available, using Read-Host fallback
[2025-08-02 17:53:50] [DEBUG] Main loop: Key received, calling HandleInput
[2025-08-02 17:53:50] [DEBUG] HandleInput: Key pressed: Q (Char: 'q') EditingIndex: 4
[2025-08-02 17:53:50] [DEBUG] HandleInput: In editing mode, delegating to HandleEditingInput
[2025-08-02 17:53:50] [DEBUG] Console not available, using Read-Host fallback
[2025-08-02 17:53:50] [DEBUG] Main loop: Key received, calling HandleInput
[2025-08-02 17:53:50] [DEBUG] HandleInput: Key pressed: Q (Char: 'q') EditingIndex: 4
[2025-08-02 17:53:50] [DEBUG] HandleInput: In editing mode, delegating to HandleEditingInput
[2025-08-02 17:53:50] [DEBUG] Console not available, using Read-Host fallback
[2025-08-02 17:53:50] [DEBUG] Main loop: Key received, calling HandleInput
[2025-08-02 17:53:50] [DEBUG] HandleInput: Key pressed: Q (Char: 'q') EditingIndex: 4
[2025-08-02 17:53:50] [DEBUG] HandleInput: In editing mode, delegating to HandleEditingInput
[2025-08-02 17:53:50] [DEBUG] Console not available, using Read-Host fallback
[2025-08-02 17:53:50] [DEBUG] Main loop: Key received, calling HandleInput
[2025-08-02 17:53:50] [DEBUG] HandleInput: Key pressed: Q (Char: 'q') EditingIndex: 4
[2025-08-02 17:53:50] [DEBUG] HandleInput: In editing mode, delegating to HandleEditingInput
[2025-08-02 17:53:50] [DEBUG] Console not available, using Read-Host fallback
[2025-08-02 17:53:50] [DEBUG] Main loop: Key received, calling HandleInput
[2025-08-02 17:53:50] [DEBUG] HandleInput: Key pressed: Q (Char: 'q') EditingIndex: 4
[2025-08-02 17:53:50] [DEBUG] HandleInput: In editing mode, delegating to HandleEditingInput
[2025-08-02 17:53:50] [DEBUG] Console not available, using Read-Host fallback
[2025-08-02 17:53:50] [DEBUG] Main loop: Key received, calling HandleInput
[2025-08-02 17:53:50] [DEBUG] HandleInput: Key pressed: Q (Char: 'q') EditingIndex: 4
[2025-08-02 17:53:50] [DEBUG] HandleInput: In editing mode, delegating to HandleEditingInput
[2025-08-02 17:53:50] [DEBUG] Console not available, using Read-Host fallback
[2025-08-02 17:53:50] [DEBUG] Main loop: Key received, calling HandleInput
[2025-08-02 17:53:50] [DEBUG] HandleInput: Key pressed: Q (Char: 'q') EditingIndex: 4
[2025-08-02 17:53:50] [DEBUG] HandleInput: In editing mode, delegating to HandleEditingInput
[2025-08-02 17:53:50] [DEBUG] Console not available, using Read-Host fallback
[2025-08-02 17:53:50] [DEBUG] Main loop: Key received, calling HandleInput
[2025-08-02 17:53:50] [DEBUG] HandleInput: Key pressed: Q (Char: 'q') EditingIndex: 4
[2025-08-02 17:53:50] [DEBUG] HandleInput: In editing mode, delegating to HandleEditingInput
[2025-08-02 17:53:50] [DEBUG] Console not available, using Read-Host fallback
[2025-08-02 17:53:50] [DEBUG] Main loop: Key received, calling HandleInput
[2025-08-02 17:53:50] [DEBUG] HandleInput: Key pressed: Q (Char: 'q') EditingIndex: 4
[2025-08-02 17:53:50] [DEBUG] HandleInput: In editing mode, delegating to HandleEditingInput
[2025-08-02 17:53:50] [DEBUG] Console not available, using Read-Host fallback
[2025-08-02 17:53:50] [DEBUG] Main loop: Key received, calling HandleInput
[2025-08-02 17:53:50] [DEBUG] HandleInput: Key pressed: Q (Char: 'q') EditingIndex: 4
[2025-08-02 17:53:50] [DEBUG] HandleInput: In editing mode, delegating to HandleEditingInput
[2025-08-02 17:53:50] [DEBUG] Console not available, using Read-Host fallback
[2025-08-02 17:53:50] [DEBUG] Main loop: Key received, calling HandleInput
[2025-08-02 17:53:50] [DEBUG] HandleInput: Key pressed: Q (Char: 'q') EditingIndex: 4
[2025-08-02 17:53:50] [DEBUG] HandleInput: In editing mode, delegating to HandleEditingInput
[2025-08-02 17:53:50] [DEBUG] Console not available, using Read-Host fallback
[2025-08-02 17:53:50] [DEBUG] Main loop: Key received, calling HandleInput
[2025-08-02 17:53:50] [DEBUG] HandleInput: Key pressed: Q (Char: 'q') EditingIndex: 4
[2025-08-02 17:53:50] [DEBUG] HandleInput: In editing mode, delegating to HandleEditingInput
[2025-08-02 17:53:50] [DEBUG] Console not available, using Read-Host fallback
[2025-08-02 17:53:50] [DEBUG] Main loop: Key received, calling HandleInput
[2025-08-02 17:53:50] [DEBUG] HandleInput: Key pressed: Q (Char: 'q') EditingIndex: 4
[2025-08-02 17:53:50] [DEBUG] HandleInput: In editing mode, delegating to HandleEditingInput
[2025-08-02 17:53:50] [DEBUG] Console not available, using Read-Host fallback
[2025-08-02 17:53:50] [DEBUG] Main loop: Key received, calling HandleInput
[2025-08-02 17:53:50] [DEBUG] HandleInput: Key pressed: Q (Char: 'q') EditingIndex: 4
[2025-08-02 17:53:50] [DEBUG] HandleInput: In editing mode, delegating to HandleEditingInput
[2025-08-02 17:53:50] [DEBUG] Console not available, using Read-Host fallback
[2025-08-02 17:53:50] [DEBUG] Main loop: Key received, calling HandleInput
[2025-08-02 17:53:50] [DEBUG] HandleInput: Key pressed: Q (Char: 'q') EditingIndex: 4
[2025-08-02 17:53:50] [DEBUG] HandleInput: In editing mode, delegating to HandleEditingInput
[2025-08-02 17:53:50] [DEBUG] Console not available, using Read-Host fallback
[2025-08-02 17:53:50] [DEBUG] Main loop: Key received, calling HandleInput
[2025-08-02 17:53:50] [DEBUG] HandleInput: Key pressed: Q (Char: 'q') EditingIndex: 4
[2025-08-02 17:53:50] [DEBUG] HandleInput: In editing mode, delegating to HandleEditingInput
[2025-08-02 17:53:50] [DEBUG] Console not available, using Read-Host fallback
[2025-08-02 17:53:50] [DEBUG] Main loop: Key received, calling HandleInput
[2025-08-02 17:53:50] [DEBUG] HandleInput: Key pressed: Q (Char: 'q') EditingIndex: 4
[2025-08-02 17:53:50] [DEBUG] HandleInput: In editing mode, delegating to HandleEditingInput
[2025-08-02 17:53:50] [DEBUG] Console not available, using Read-Host fallback
[2025-08-02 17:53:50] [DEBUG] Main loop: Key received, calling HandleInput
[2025-08-02 17:53:50] [DEBUG] HandleInput: Key pressed: Q (Char: 'q') EditingIndex: 4
[2025-08-02 17:53:50] [DEBUG] HandleInput: In editing mode, delegating to HandleEditingInput
[2025-08-02 17:53:50] [DEBUG] Console not available, using Read-Host fallback
[2025-08-02 17:53:50] [DEBUG] Main loop: Key received, calling HandleInput
[2025-08-02 17:53:51] [DEBUG] HandleInput: Key pressed: Q (Char: 'q') EditingIndex: 4
[2025-08-02 17:53:51] [DEBUG] HandleInput: In editing mode, delegating to HandleEditingInput
[2025-08-02 17:53:51] [DEBUG] Console not available, using Read-Host fallback
[2025-08-02 17:53:51] [DEBUG] Main loop: Key received, calling HandleInput
[2025-08-02 17:53:51] [DEBUG] HandleInput: Key pressed: Q (Char: 'q') EditingIndex: 4
[2025-08-02 17:53:51] [DEBUG] HandleInput: In editing mode, delegating to HandleEditingInput
[2025-08-02 17:53:51] [DEBUG] Console not available, using Read-Host fallback
[2025-08-02 17:53:51] [DEBUG] Main loop: Key received, calling HandleInput
[2025-08-02 17:53:51] [DEBUG] HandleInput: Key pressed: Q (Char: 'q') EditingIndex: 4
[2025-08-02 17:53:51] [DEBUG] HandleInput: In editing mode, delegating to HandleEditingInput
[2025-08-02 17:53:51] [DEBUG] Console not available, using Read-Host fallback
[2025-08-02 17:53:51] [DEBUG] Main loop: Key received, calling HandleInput
[2025-08-02 17:53:51] [DEBUG] HandleInput: Key pressed: Q (Char: 'q') EditingIndex: 4
[2025-08-02 17:53:51] [DEBUG] HandleInput: In editing mode, delegating to HandleEditingInput
[2025-08-02 17:53:51] [DEBUG] Console not available, using Read-Host fallback
[2025-08-02 17:53:51] [DEBUG] Main loop: Key received, calling HandleInput
[2025-08-02 17:53:51] [DEBUG] HandleInput: Key pressed: Q (Char: 'q') EditingIndex: 4
[2025-08-02 17:53:51] [DEBUG] HandleInput: In editing mode, delegating to HandleEditingInput
[2025-08-02 17:53:51] [DEBUG] Console not available, using Read-Host fallback
[2025-08-02 17:53:51] [DEBUG] Main loop: Key received, calling HandleInput
[2025-08-02 17:53:51] [DEBUG] HandleInput: Key pressed: Q (Char: 'q') EditingIndex: 4
[2025-08-02 17:53:51] [DEBUG] HandleInput: In editing mode, delegating to HandleEditingInput
[2025-08-02 17:53:51] [DEBUG] Console not available, using Read-Host fallback
[2025-08-02 17:53:51] [DEBUG] Main loop: Key received, calling HandleInput
[2025-08-02 17:53:51] [DEBUG] HandleInput: Key pressed: Q (Char: 'q') EditingIndex: 4
[2025-08-02 17:53:51] [DEBUG] HandleInput: In editing mode, delegating to HandleEditingInput
[2025-08-02 17:53:51] [DEBUG] Console not available, using Read-Host fallback
[2025-08-02 17:53:51] [DEBUG] Main loop: Key received, calling HandleInput
[2025-08-02 17:53:51] [DEBUG] HandleInput: Key pressed: Q (Char: 'q') EditingIndex: 4
[2025-08-02 17:53:51] [DEBUG] HandleInput: In editing mode, delegating to HandleEditingInput
[2025-08-02 17:53:51] [DEBUG] Console not available, using Read-Host fallback
[2025-08-02 17:53:51] [DEBUG] Main loop: Key received, calling HandleInput
[2025-08-02 17:53:51] [DEBUG] HandleInput: Key pressed: Q (Char: 'q') EditingIndex: 4
[2025-08-02 17:53:51] [DEBUG] HandleInput: In editing mode, delegating to HandleEditingInput
[2025-08-02 17:53:51] [DEBUG] Console not available, using Read-Host fallback
[2025-08-02 17:53:51] [DEBUG] Main loop: Key received, calling HandleInput
[2025-08-02 17:53:51] [DEBUG] HandleInput: Key pressed: Q (Char: 'q') EditingIndex: 4
[2025-08-02 17:53:51] [DEBUG] HandleInput: In editing mode, delegating to HandleEditingInput
[2025-08-02 17:53:51] [DEBUG] Console not available, using Read-Host fallback
[2025-08-02 17:53:51] [DEBUG] Main loop: Key received, calling HandleInput
[2025-08-02 17:53:51] [DEBUG] HandleInput: Key pressed: Q (Char: 'q') EditingIndex: 4
[2025-08-02 17:53:51] [DEBUG] HandleInput: In editing mode, delegating to HandleEditingInput
[2025-08-02 17:53:51] [DEBUG] Console not available, using Read-Host fallback
[2025-08-02 17:53:51] [DEBUG] Main loop: Key received, calling HandleInput
[2025-08-02 17:53:51] [DEBUG] HandleInput: Key pressed: Q (Char: 'q') EditingIndex: 4
[2025-08-02 17:53:51] [DEBUG] HandleInput: In editing mode, delegating to HandleEditingInput
[2025-08-02 17:53:51] [DEBUG] Console not available, using Read-Host fallback
[2025-08-02 17:53:51] [DEBUG] Main loop: Key received, calling HandleInput
[2025-08-02 17:53:51] [DEBUG] HandleInput: Key pressed: Q (Char: 'q') EditingIndex: 4
[2025-08-02 17:53:51] [DEBUG] HandleInput: In editing mode, delegating to HandleEditingInput
[2025-08-02 17:53:51] [DEBUG] Console not available, using Read-Host fallback
[2025-08-02 17:53:51] [DEBUG] Main loop: Key received, calling HandleInput
[2025-08-02 17:53:51] [DEBUG] HandleInput: Key pressed: Q (Char: 'q') EditingIndex: 4
[2025-08-02 17:53:51] [DEBUG] HandleInput: In editing mode, delegating to HandleEditingInput
[2025-08-02 17:53:51] [DEBUG] Console not available, using Read-Host fallback
[2025-08-02 17:53:51] [DEBUG] Main loop: Key received, calling HandleInput
[2025-08-02 17:53:51] [DEBUG] HandleInput: Key pressed: Q (Char: 'q') EditingIndex: 4
[2025-08-02 17:53:51] [DEBUG] HandleInput: In editing mode, delegating to HandleEditingInput
[2025-08-02 17:53:51] [DEBUG] Console not available, using Read-Host fallback
[2025-08-02 17:53:51] [DEBUG] Main loop: Key received, calling HandleInput
[2025-08-02 17:53:51] [DEBUG] HandleInput: Key pressed: Q (Char: 'q') EditingIndex: 4
[2025-08-02 17:53:51] [DEBUG] HandleInput: In editing mode, delegating to HandleEditingInput
[2025-08-02 17:53:51] [DEBUG] Console not available, using Read-Host fallback
[2025-08-02 17:53:51] [DEBUG] Main loop: Key received, calling HandleInput
[2025-08-02 17:53:51] [DEBUG] HandleInput: Key pressed: Q (Char: 'q') EditingIndex: 4
[2025-08-02 17:53:51] [DEBUG] HandleInput: In editing mode, delegating to HandleEditingInput
[2025-08-02 17:53:51] [DEBUG] Console not available, using Read-Host fallback
[2025-08-02 17:53:51] [DEBUG] Main loop: Key received, calling HandleInput
[2025-08-02 17:53:51] [DEBUG] HandleInput: Key pressed: Q (Char: 'q') EditingIndex: 4
[2025-08-02 17:53:51] [DEBUG] HandleInput: In editing mode, delegating to HandleEditingInput
[2025-08-02 17:53:51] [DEBUG] Console not available, using Read-Host fallback
[2025-08-02 17:53:51] [DEBUG] Main loop: Key received, calling HandleInput
[2025-08-02 17:53:51] [DEBUG] HandleInput: Key pressed: Q (Char: 'q') EditingIndex: 4
[2025-08-02 17:53:51] [DEBUG] HandleInput: In editing mode, delegating to HandleEditingInput
[2025-08-02 17:53:51] [DEBUG] Console not available, using Read-Host fallback
[2025-08-02 17:53:51] [DEBUG] Main loop: Key received, calling HandleInput
[2025-08-02 17:53:51] [DEBUG] HandleInput: Key pressed: Q (Char: 'q') EditingIndex: 4
[2025-08-02 17:53:51] [DEBUG] HandleInput: In editing mode, delegating to HandleEditingInput
[2025-08-02 17:53:51] [DEBUG] Console not available, using Read-Host fallback
[2025-08-02 17:53:51] [DEBUG] Main loop: Key received, calling HandleInput
[2025-08-02 17:53:51] [DEBUG] HandleInput: Key pressed: Q (Char: 'q') EditingIndex: 4
[2025-08-02 17:53:51] [DEBUG] HandleInput: In editing mode, delegating to HandleEditingInput
[2025-08-02 17:53:51] [DEBUG] Console not available, using Read-Host fallback
[2025-08-02 17:53:51] [DEBUG] Main loop: Key received, calling HandleInput
[2025-08-02 17:53:51] [DEBUG] HandleInput: Key pressed: Q (Char: 'q') EditingIndex: 4
[2025-08-02 17:53:51] [DEBUG] HandleInput: In editing mode, delegating to HandleEditingInput
[2025-08-02 17:53:51] [DEBUG] Console not available, using Read-Host fallback
[2025-08-02 17:53:51] [DEBUG] Main loop: Key received, calling HandleInput
[2025-08-02 17:53:51] [DEBUG] HandleInput: Key pressed: Q (Char: 'q') EditingIndex: 4
[2025-08-02 17:53:51] [DEBUG] HandleInput: In editing mode, delegating to HandleEditingInput
[2025-08-02 17:53:51] [DEBUG] Console not available, using Read-Host fallback
[2025-08-02 17:53:51] [DEBUG] Main loop: Key received, calling HandleInput
[2025-08-02 17:53:51] [DEBUG] HandleInput: Key pressed: Q (Char: 'q') EditingIndex: 4
[2025-08-02 17:53:51] [DEBUG] HandleInput: In editing mode, delegating to HandleEditingInput
[2025-08-02 17:53:51] [DEBUG] Console not available, using Read-Host fallback
[2025-08-02 17:53:51] [DEBUG] Main loop: Key received, calling HandleInput
[2025-08-02 17:53:51] [DEBUG] HandleInput: Key pressed: Q (Char: 'q') EditingIndex: 4
[2025-08-02 17:53:51] [DEBUG] HandleInput: In editing mode, delegating to HandleEditingInput
[2025-08-02 17:53:51] [DEBUG] Console not available, using Read-Host fallback
[2025-08-02 17:53:51] [DEBUG] Main loop: Key received, calling HandleInput
[2025-08-02 17:53:51] [DEBUG] HandleInput: Key pressed: Q (Char: 'q') EditingIndex: 4
[2025-08-02 17:53:51] [DEBUG] HandleInput: In editing mode, delegating to HandleEditingInput
[2025-08-02 17:53:52] [DEBUG] Console not available, using Read-Host fallback
[2025-08-02 17:53:52] [DEBUG] Main loop: Key received, calling HandleInput
[2025-08-02 17:53:52] [DEBUG] HandleInput: Key pressed: Q (Char: 'q') EditingIndex: 4
[2025-08-02 17:53:52] [DEBUG] HandleInput: In editing mode, delegating to HandleEditingInput
[2025-08-02 17:53:52] [DEBUG] Console not available, using Read-Host fallback
[2025-08-02 17:53:52] [DEBUG] Main loop: Key received, calling HandleInput
[2025-08-02 17:53:52] [DEBUG] HandleInput: Key pressed: Q (Char: 'q') EditingIndex: 4
[2025-08-02 17:53:52] [DEBUG] HandleInput: In editing mode, delegating to HandleEditingInput
[2025-08-02 17:53:52] [DEBUG] Console not available, using Read-Host fallback
[2025-08-02 17:53:52] [DEBUG] Main loop: Key received, calling HandleInput
[2025-08-02 17:53:52] [DEBUG] HandleInput: Key pressed: Q (Char: 'q') EditingIndex: 4
[2025-08-02 17:53:52] [DEBUG] HandleInput: In editing mode, delegating to HandleEditingInput
[2025-08-02 17:53:52] [DEBUG] Console not available, using Read-Host fallback
[2025-08-02 17:53:52] [DEBUG] Main loop: Key received, calling HandleInput
[2025-08-02 17:53:52] [DEBUG] HandleInput: Key pressed: Q (Char: 'q') EditingIndex: 4
[2025-08-02 17:53:52] [DEBUG] HandleInput: In editing mode, delegating to HandleEditingInput
[2025-08-02 17:53:52] [DEBUG] Console not available, using Read-Host fallback
[2025-08-02 17:53:52] [DEBUG] Main loop: Key received, calling HandleInput
[2025-08-02 17:53:52] [DEBUG] HandleInput: Key pressed: Q (Char: 'q') EditingIndex: 4
[2025-08-02 17:53:52] [DEBUG] HandleInput: In editing mode, delegating to HandleEditingInput
[2025-08-02 17:53:52] [DEBUG] Console not available, using Read-Host fallback
[2025-08-02 17:53:52] [DEBUG] Main loop: Key received, calling HandleInput
[2025-08-02 17:53:52] [DEBUG] HandleInput: Key pressed: Q (Char: 'q') EditingIndex: 4
[2025-08-02 17:53:52] [DEBUG] HandleInput: In editing mode, delegating to HandleEditingInput
[2025-08-02 17:53:52] [DEBUG] Console not available, using Read-Host fallback
[2025-08-02 17:53:52] [DEBUG] Main loop: Key received, calling HandleInput
[2025-08-02 17:53:52] [DEBUG] HandleInput: Key pressed: Q (Char: 'q') EditingIndex: 4
[2025-08-02 17:53:52] [DEBUG] HandleInput: In editing mode, delegating to HandleEditingInput
[2025-08-02 17:53:52] [DEBUG] Console not available, using Read-Host fallback
[2025-08-02 17:53:52] [DEBUG] Main loop: Key received, calling HandleInput
[2025-08-02 17:53:52] [DEBUG] HandleInput: Key pressed: Q (Char: 'q') EditingIndex: 4
[2025-08-02 17:53:52] [DEBUG] HandleInput: In editing mode, delegating to HandleEditingInput
[2025-08-02 17:53:52] [DEBUG] Console not available, using Read-Host fallback
[2025-08-02 17:53:52] [DEBUG] Main loop: Key received, calling HandleInput
[2025-08-02 17:53:52] [DEBUG] HandleInput: Key pressed: Q (Char: 'q') EditingIndex: 4
[2025-08-02 17:53:52] [DEBUG] HandleInput: In editing mode, delegating to HandleEditingInput
[2025-08-02 17:53:52] [DEBUG] Console not available, using Read-Host fallback
[2025-08-02 17:53:52] [DEBUG] Main loop: Key received, calling HandleInput
[2025-08-02 17:53:52] [DEBUG] HandleInput: Key pressed: Q (Char: 'q') EditingIndex: 4
[2025-08-02 17:53:52] [DEBUG] HandleInput: In editing mode, delegating to HandleEditingInput
[2025-08-02 17:53:52] [DEBUG] Console not available, using Read-Host fallback
[2025-08-02 17:53:52] [DEBUG] Main loop: Key received, calling HandleInput
[2025-08-02 17:53:52] [DEBUG] HandleInput: Key pressed: Q (Char: 'q') EditingIndex: 4
[2025-08-02 17:53:52] [DEBUG] HandleInput: In editing mode, delegating to HandleEditingInput
[2025-08-02 17:53:52] [DEBUG] Console not available, using Read-Host fallback
[2025-08-02 17:53:52] [DEBUG] Main loop: Key received, calling HandleInput
[2025-08-02 17:53:52] [DEBUG] HandleInput: Key pressed: Q (Char: 'q') EditingIndex: 4
[2025-08-02 17:53:52] [DEBUG] HandleInput: In editing mode, delegating to HandleEditingInput
[2025-08-02 17:53:52] [DEBUG] Console not available, using Read-Host fallback
[2025-08-02 17:53:52] [DEBUG] Main loop: Key received, calling HandleInput
[2025-08-02 17:53:52] [DEBUG] HandleInput: Key pressed: Q (Char: 'q') EditingIndex: 4
[2025-08-02 17:53:52] [DEBUG] HandleInput: In editing mode, delegating to HandleEditingInput
[2025-08-02 17:53:52] [DEBUG] Console not available, using Read-Host fallback
[2025-08-02 17:53:52] [DEBUG] Main loop: Key received, calling HandleInput
[2025-08-02 17:53:52] [DEBUG] HandleInput: Key pressed: Q (Char: 'q') EditingIndex: 4
[2025-08-02 17:53:52] [DEBUG] HandleInput: In editing mode, delegating to HandleEditingInput
[2025-08-02 17:53:52] [DEBUG] Console not available, using Read-Host fallback
[2025-08-02 17:53:52] [DEBUG] Main loop: Key received, calling HandleInput
[2025-08-02 17:53:52] [DEBUG] HandleInput: Key pressed: Q (Char: 'q') EditingIndex: 4
[2025-08-02 17:53:52] [DEBUG] HandleInput: In editing mode, delegating to HandleEditingInput
[2025-08-02 17:53:52] [DEBUG] Console not available, using Read-Host fallback
[2025-08-02 17:53:52] [DEBUG] Main loop: Key received, calling HandleInput
[2025-08-02 17:53:52] [DEBUG] HandleInput: Key pressed: Q (Char: 'q') EditingIndex: 4
[2025-08-02 17:53:52] [DEBUG] HandleInput: In editing mode, delegating to HandleEditingInput
[2025-08-02 17:53:52] [DEBUG] Console not available, using Read-Host fallback
[2025-08-02 17:53:52] [DEBUG] Main loop: Key received, calling HandleInput
[2025-08-02 17:53:52] [DEBUG] HandleInput: Key pressed: Q (Char: 'q') EditingIndex: 4
[2025-08-02 17:53:52] [DEBUG] HandleInput: In editing mode, delegating to HandleEditingInput
[2025-08-02 17:53:52] [DEBUG] Console not available, using Read-Host fallback
[2025-08-02 17:53:52] [DEBUG] Main loop: Key received, calling HandleInput
[2025-08-02 17:53:52] [DEBUG] HandleInput: Key pressed: Q (Char: 'q') EditingIndex: 4
[2025-08-02 17:53:52] [DEBUG] HandleInput: In editing mode, delegating to HandleEditingInput
[2025-08-02 17:53:52] [DEBUG] Console not available, using Read-Host fallback
[2025-08-02 17:53:52] [DEBUG] Main loop: Key received, calling HandleInput
[2025-08-02 17:53:52] [DEBUG] HandleInput: Key pressed: Q (Char: 'q') EditingIndex: 4
[2025-08-02 17:53:52] [DEBUG] HandleInput: In editing mode, delegating to HandleEditingInput
[2025-08-02 17:53:52] [DEBUG] Console not available, using Read-Host fallback
[2025-08-02 17:53:52] [DEBUG] Main loop: Key received, calling HandleInput
[2025-08-02 17:53:52] [DEBUG] HandleInput: Key pressed: Q (Char: 'q') EditingIndex: 4
[2025-08-02 17:53:52] [DEBUG] HandleInput: In editing mode, delegating to HandleEditingInput
[2025-08-02 17:53:52] [DEBUG] Console not available, using Read-Host fallback
[2025-08-02 17:53:52] [DEBUG] Main loop: Key received, calling HandleInput
[2025-08-02 17:53:52] [DEBUG] HandleInput: Key pressed: Q (Char: 'q') EditingIndex: 4
[2025-08-02 17:53:52] [DEBUG] HandleInput: In editing mode, delegating to HandleEditingInput
[2025-08-02 17:53:52] [DEBUG] Console not available, using Read-Host fallback
[2025-08-02 17:53:52] [DEBUG] Main loop: Key received, calling HandleInput
[2025-08-02 17:53:52] [DEBUG] HandleInput: Key pressed: Q (Char: 'q') EditingIndex: 4
[2025-08-02 17:53:52] [DEBUG] HandleInput: In editing mode, delegating to HandleEditingInput
[2025-08-02 17:53:52] [DEBUG] Console not available, using Read-Host fallback
[2025-08-02 17:53:52] [DEBUG] Main loop: Key received, calling HandleInput
[2025-08-02 17:53:52] [DEBUG] HandleInput: Key pressed: Q (Char: 'q') EditingIndex: 4
[2025-08-02 17:53:52] [DEBUG] HandleInput: In editing mode, delegating to HandleEditingInput
[2025-08-02 17:53:52] [DEBUG] Console not available, using Read-Host fallback
[2025-08-02 17:53:52] [DEBUG] Main loop: Key received, calling HandleInput
[2025-08-02 17:53:52] [DEBUG] HandleInput: Key pressed: Q (Char: 'q') EditingIndex: 4
[2025-08-02 17:53:52] [DEBUG] HandleInput: In editing mode, delegating to HandleEditingInput
[2025-08-02 17:53:52] [DEBUG] Console not available, using Read-Host fallback
[2025-08-02 17:53:52] [DEBUG] Main loop: Key received, calling HandleInput
[2025-08-02 17:53:52] [DEBUG] HandleInput: Key pressed: Q (Char: 'q') EditingIndex: 4
[2025-08-02 17:53:52] [DEBUG] HandleInput: In editing mode, delegating to HandleEditingInput
[2025-08-02 17:53:52] [DEBUG] Console not available, using Read-Host fallback
[2025-08-02 17:53:52] [DEBUG] Main loop: Key received, calling HandleInput
[2025-08-02 17:53:52] [DEBUG] HandleInput: Key pressed: Q (Char: 'q') EditingIndex: 4
[2025-08-02 17:53:52] [DEBUG] HandleInput: In editing mode, delegating to HandleEditingInput
[2025-08-02 17:53:53] [DEBUG] Console not available, using Read-Host fallback
[2025-08-02 17:53:53] [DEBUG] Main loop: Key received, calling HandleInput
[2025-08-02 17:53:53] [DEBUG] HandleInput: Key pressed: Q (Char: 'q') EditingIndex: 4
[2025-08-02 17:53:53] [DEBUG] HandleInput: In editing mode, delegating to HandleEditingInput
[2025-08-02 17:53:53] [DEBUG] Console not available, using Read-Host fallback
[2025-08-02 17:53:53] [DEBUG] Main loop: Key received, calling HandleInput
[2025-08-02 17:53:53] [DEBUG] HandleInput: Key pressed: Q (Char: 'q') EditingIndex: 4
[2025-08-02 17:53:53] [DEBUG] HandleInput: In editing mode, delegating to HandleEditingInput
[2025-08-02 17:53:53] [DEBUG] Console not available, using Read-Host fallback
[2025-08-02 17:53:53] [DEBUG] Main loop: Key received, calling HandleInput
[2025-08-02 17:53:53] [DEBUG] HandleInput: Key pressed: Q (Char: 'q') EditingIndex: 4
[2025-08-02 17:53:53] [DEBUG] HandleInput: In editing mode, delegating to HandleEditingInput
[2025-08-02 17:53:53] [DEBUG] Console not available, using Read-Host fallback
[2025-08-02 17:53:53] [DEBUG] Main loop: Key received, calling HandleInput
[2025-08-02 17:53:53] [DEBUG] HandleInput: Key pressed: Q (Char: 'q') EditingIndex: 4
[2025-08-02 17:53:53] [DEBUG] HandleInput: In editing mode, delegating to HandleEditingInput
[2025-08-02 17:53:53] [DEBUG] Console not available, using Read-Host fallback
[2025-08-02 17:53:53] [DEBUG] Main loop: Key received, calling HandleInput
[2025-08-02 17:53:53] [DEBUG] HandleInput: Key pressed: Q (Char: 'q') EditingIndex: 4
[2025-08-02 17:53:53] [DEBUG] HandleInput: In editing mode, delegating to HandleEditingInput
[2025-08-02 17:53:53] [DEBUG] Console not available, using Read-Host fallback
[2025-08-02 17:53:53] [DEBUG] Main loop: Key received, calling HandleInput
[2025-08-02 17:53:53] [DEBUG] HandleInput: Key pressed: Q (Char: 'q') EditingIndex: 4
[2025-08-02 17:53:53] [DEBUG] HandleInput: In editing mode, delegating to HandleEditingInput
[2025-08-02 17:53:53] [DEBUG] Console not available, using Read-Host fallback
[2025-08-02 17:53:53] [DEBUG] Main loop: Key received, calling HandleInput
[2025-08-02 17:53:53] [DEBUG] HandleInput: Key pressed: Q (Char: 'q') EditingIndex: 4
[2025-08-02 17:53:53] [DEBUG] HandleInput: In editing mode, delegating to HandleEditingInput
[2025-08-02 17:53:53] [DEBUG] Console not available, using Read-Host fallback
[2025-08-02 17:53:53] [DEBUG] Main loop: Key received, calling HandleInput
[2025-08-02 17:53:53] [DEBUG] HandleInput: Key pressed: Q (Char: 'q') EditingIndex: 4
[2025-08-02 17:53:53] [DEBUG] HandleInput: In editing mode, delegating to HandleEditingInput
[2025-08-02 17:53:53] [DEBUG] Console not available, using Read-Host fallback
[2025-08-02 17:53:53] [DEBUG] Main loop: Key received, calling HandleInput
[2025-08-02 17:53:53] [DEBUG] HandleInput: Key pressed: Q (Char: 'q') EditingIndex: 4
[2025-08-02 17:53:53] [DEBUG] HandleInput: In editing mode, delegating to HandleEditingInput
[2025-08-02 17:53:53] [DEBUG] Console not available, using Read-Host fallback
[2025-08-02 17:53:53] [DEBUG] Main loop: Key received, calling HandleInput
[2025-08-02 17:53:53] [DEBUG] HandleInput: Key pressed: Q (Char: 'q') EditingIndex: 4
[2025-08-02 17:53:53] [DEBUG] HandleInput: In editing mode, delegating to HandleEditingInput
[2025-08-02 17:53:53] [DEBUG] Console not available, using Read-Host fallback
[2025-08-02 17:53:53] [DEBUG] Main loop: Key received, calling HandleInput
[2025-08-02 17:53:53] [DEBUG] HandleInput: Key pressed: Q (Char: 'q') EditingIndex: 4
[2025-08-02 17:53:53] [DEBUG] HandleInput: In editing mode, delegating to HandleEditingInput
[2025-08-02 17:53:53] [DEBUG] Console not available, using Read-Host fallback
[2025-08-02 17:53:53] [DEBUG] Main loop: Key received, calling HandleInput
[2025-08-02 17:53:53] [DEBUG] HandleInput: Key pressed: Q (Char: 'q') EditingIndex: 4
[2025-08-02 17:53:53] [DEBUG] HandleInput: In editing mode, delegating to HandleEditingInput
[2025-08-02 17:53:53] [DEBUG] Console not available, using Read-Host fallback
[2025-08-02 17:53:53] [DEBUG] Main loop: Key received, calling HandleInput
[2025-08-02 17:53:53] [DEBUG] HandleInput: Key pressed: Q (Char: 'q') EditingIndex: 4
[2025-08-02 17:53:53] [DEBUG] HandleInput: In editing mode, delegating to HandleEditingInput
[2025-08-02 17:53:53] [DEBUG] Console not available, using Read-Host fallback
[2025-08-02 17:53:53] [DEBUG] Main loop: Key received, calling HandleInput
[2025-08-02 17:53:53] [DEBUG] HandleInput: Key pressed: Q (Char: 'q') EditingIndex: 4
[2025-08-02 17:53:53] [DEBUG] HandleInput: In editing mode, delegating to HandleEditingInput
[2025-08-02 17:53:53] [DEBUG] Console not available, using Read-Host fallback
[2025-08-02 17:53:53] [DEBUG] Main loop: Key received, calling HandleInput
[2025-08-02 17:53:53] [DEBUG] HandleInput: Key pressed: Q (Char: 'q') EditingIndex: 4
[2025-08-02 17:53:53] [DEBUG] HandleInput: In editing mode, delegating to HandleEditingInput
[2025-08-02 17:53:53] [DEBUG] Console not available, using Read-Host fallback
[2025-08-02 17:53:53] [DEBUG] Main loop: Key received, calling HandleInput
[2025-08-02 17:53:53] [DEBUG] HandleInput: Key pressed: Q (Char: 'q') EditingIndex: 4
[2025-08-02 17:53:53] [DEBUG] HandleInput: In editing mode, delegating to HandleEditingInput
[2025-08-02 17:53:53] [DEBUG] Console not available, using Read-Host fallback
[2025-08-02 17:53:53] [DEBUG] Main loop: Key received, calling HandleInput
[2025-08-02 17:53:53] [DEBUG] HandleInput: Key pressed: Q (Char: 'q') EditingIndex: 4
[2025-08-02 17:53:53] [DEBUG] HandleInput: In editing mode, delegating to HandleEditingInput
[2025-08-02 17:53:53] [DEBUG] Console not available, using Read-Host fallback
[2025-08-02 17:53:53] [DEBUG] Main loop: Key received, calling HandleInput
[2025-08-02 17:53:53] [DEBUG] HandleInput: Key pressed: Q (Char: 'q') EditingIndex: 4
[2025-08-02 17:53:53] [DEBUG] HandleInput: In editing mode, delegating to HandleEditingInput
[2025-08-02 17:53:53] [DEBUG] Console not available, using Read-Host fallback
[2025-08-02 17:53:53] [DEBUG] Main loop: Key received, calling HandleInput
[2025-08-02 17:53:53] [DEBUG] HandleInput: Key pressed: Q (Char: 'q') EditingIndex: 4
[2025-08-02 17:53:53] [DEBUG] HandleInput: In editing mode, delegating to HandleEditingInput
[2025-08-02 17:53:53] [DEBUG] Console not available, using Read-Host fallback
[2025-08-02 17:53:53] [DEBUG] Main loop: Key received, calling HandleInput
[2025-08-02 17:53:53] [DEBUG] HandleInput: Key pressed: Q (Char: 'q') EditingIndex: 4
[2025-08-02 17:53:53] [DEBUG] HandleInput: In editing mode, delegating to HandleEditingInput
[2025-08-02 17:53:53] [DEBUG] Console not available, using Read-Host fallback
[2025-08-02 17:53:53] [DEBUG] Main loop: Key received, calling HandleInput
[2025-08-02 17:53:53] [DEBUG] HandleInput: Key pressed: Q (Char: 'q') EditingIndex: 4
[2025-08-02 17:53:53] [DEBUG] HandleInput: In editing mode, delegating to HandleEditingInput
[2025-08-02 17:53:53] [DEBUG] Console not available, using Read-Host fallback
[2025-08-02 17:53:53] [DEBUG] Main loop: Key received, calling HandleInput
[2025-08-02 17:53:53] [DEBUG] HandleInput: Key pressed: Q (Char: 'q') EditingIndex: 4
[2025-08-02 17:53:53] [DEBUG] HandleInput: In editing mode, delegating to HandleEditingInput
[2025-08-02 17:53:53] [DEBUG] Console not available, using Read-Host fallback
[2025-08-02 17:53:53] [DEBUG] Main loop: Key received, calling HandleInput
[2025-08-02 17:53:53] [DEBUG] HandleInput: Key pressed: Q (Char: 'q') EditingIndex: 4
[2025-08-02 17:53:53] [DEBUG] HandleInput: In editing mode, delegating to HandleEditingInput
[2025-08-02 17:53:53] [DEBUG] Console not available, using Read-Host fallback
[2025-08-02 17:53:53] [DEBUG] Main loop: Key received, calling HandleInput
[2025-08-02 17:53:53] [DEBUG] HandleInput: Key pressed: Q (Char: 'q') EditingIndex: 4
[2025-08-02 17:53:53] [DEBUG] HandleInput: In editing mode, delegating to HandleEditingInput
[2025-08-02 17:53:54] [DEBUG] Console not available, using Read-Host fallback
[2025-08-02 17:53:54] [DEBUG] Main loop: Key received, calling HandleInput
[2025-08-02 17:53:54] [DEBUG] HandleInput: Key pressed: Q (Char: 'q') EditingIndex: 4
[2025-08-02 17:53:54] [DEBUG] HandleInput: In editing mode, delegating to HandleEditingInput
[2025-08-02 17:53:54] [DEBUG] Console not available, using Read-Host fallback
[2025-08-02 17:53:54] [DEBUG] Main loop: Key received, calling HandleInput
[2025-08-02 17:53:54] [DEBUG] HandleInput: Key pressed: Q (Char: 'q') EditingIndex: 4
[2025-08-02 17:53:54] [DEBUG] HandleInput: In editing mode, delegating to HandleEditingInput
[2025-08-02 17:53:54] [DEBUG] Console not available, using Read-Host fallback
[2025-08-02 17:53:54] [DEBUG] Main loop: Key received, calling HandleInput
[2025-08-02 17:53:54] [DEBUG] HandleInput: Key pressed: Q (Char: 'q') EditingIndex: 4
[2025-08-02 17:53:54] [DEBUG] HandleInput: In editing mode, delegating to HandleEditingInput
[2025-08-02 17:53:54] [DEBUG] Console not available, using Read-Host fallback
[2025-08-02 17:53:54] [DEBUG] Main loop: Key received, calling HandleInput
[2025-08-02 17:53:54] [DEBUG] HandleInput: Key pressed: Q (Char: 'q') EditingIndex: 4
[2025-08-02 17:53:54] [DEBUG] HandleInput: In editing mode, delegating to HandleEditingInput
[2025-08-02 17:53:54] [DEBUG] Console not available, using Read-Host fallback
[2025-08-02 17:53:54] [DEBUG] Main loop: Key received, calling HandleInput
[2025-08-02 17:53:54] [DEBUG] HandleInput: Key pressed: Q (Char: 'q') EditingIndex: 4
[2025-08-02 17:53:54] [DEBUG] HandleInput: In editing mode, delegating to HandleEditingInput
[2025-08-02 17:53:54] [DEBUG] Console not available, using Read-Host fallback
[2025-08-02 17:53:54] [DEBUG] Main loop: Key received, calling HandleInput
[2025-08-02 17:53:54] [DEBUG] HandleInput: Key pressed: Q (Char: 'q') EditingIndex: 4
[2025-08-02 17:53:54] [DEBUG] HandleInput: In editing mode, delegating to HandleEditingInput
[2025-08-02 17:53:54] [DEBUG] Console not available, using Read-Host fallback
[2025-08-02 17:53:54] [DEBUG] Main loop: Key received, calling HandleInput
[2025-08-02 17:53:54] [DEBUG] HandleInput: Key pressed: Q (Char: 'q') EditingIndex: 4
[2025-08-02 17:53:54] [DEBUG] HandleInput: In editing mode, delegating to HandleEditingInput
[2025-08-02 17:53:54] [DEBUG] Console not available, using Read-Host fallback
[2025-08-02 17:53:54] [DEBUG] Main loop: Key received, calling HandleInput
[2025-08-02 17:53:54] [DEBUG] HandleInput: Key pressed: Q (Char: 'q') EditingIndex: 4
[2025-08-02 17:53:54] [DEBUG] HandleInput: In editing mode, delegating to HandleEditingInput
[2025-08-02 17:53:54] [DEBUG] Console not available, using Read-Host fallback
[2025-08-02 17:53:54] [DEBUG] Main loop: Key received, calling HandleInput
[2025-08-02 17:53:54] [DEBUG] HandleInput: Key pressed: Q (Char: 'q') EditingIndex: 4
[2025-08-02 17:53:54] [DEBUG] HandleInput: In editing mode, delegating to HandleEditingInput
[2025-08-02 17:53:54] [DEBUG] Console not available, using Read-Host fallback
[2025-08-02 17:53:54] [DEBUG] Main loop: Key received, calling HandleInput
[2025-08-02 17:53:54] [DEBUG] HandleInput: Key pressed: Q (Char: 'q') EditingIndex: 4
[2025-08-02 17:53:54] [DEBUG] HandleInput: In editing mode, delegating to HandleEditingInput
[2025-08-02 17:53:54] [DEBUG] Console not available, using Read-Host fallback
[2025-08-02 17:53:54] [DEBUG] Main loop: Key received, calling HandleInput
[2025-08-02 17:53:54] [DEBUG] HandleInput: Key pressed: Q (Char: 'q') EditingIndex: 4
[2025-08-02 17:53:54] [DEBUG] HandleInput: In editing mode, delegating to HandleEditingInput
[2025-08-02 17:53:54] [DEBUG] Console not available, using Read-Host fallback
[2025-08-02 17:53:54] [DEBUG] Main loop: Key received, calling HandleInput
[2025-08-02 17:53:54] [DEBUG] HandleInput: Key pressed: Q (Char: 'q') EditingIndex: 4
[2025-08-02 17:53:54] [DEBUG] HandleInput: In editing mode, delegating to HandleEditingInput
[2025-08-02 17:53:54] [DEBUG] Console not available, using Read-Host fallback
[2025-08-02 17:53:54] [DEBUG] Main loop: Key received, calling HandleInput
[2025-08-02 17:53:54] [DEBUG] HandleInput: Key pressed: Q (Char: 'q') EditingIndex: 4
[2025-08-02 17:53:54] [DEBUG] HandleInput: In editing mode, delegating to HandleEditingInput
[2025-08-02 17:53:54] [DEBUG] Console not available, using Read-Host fallback
[2025-08-02 17:53:54] [DEBUG] Main loop: Key received, calling HandleInput
[2025-08-02 17:53:54] [DEBUG] HandleInput: Key pressed: Q (Char: 'q') EditingIndex: 4
[2025-08-02 17:53:54] [DEBUG] HandleInput: In editing mode, delegating to HandleEditingInput
[2025-08-02 17:53:54] [DEBUG] Console not available, using Read-Host fallback
[2025-08-02 17:53:54] [DEBUG] Main loop: Key received, calling HandleInput
[2025-08-02 17:53:54] [DEBUG] HandleInput: Key pressed: Q (Char: 'q') EditingIndex: 4
[2025-08-02 17:53:54] [DEBUG] HandleInput: In editing mode, delegating to HandleEditingInput
[2025-08-02 17:53:54] [DEBUG] Console not available, using Read-Host fallback
[2025-08-02 17:53:54] [DEBUG] Main loop: Key received, calling HandleInput
[2025-08-02 17:53:54] [DEBUG] HandleInput: Key pressed: Q (Char: 'q') EditingIndex: 4
[2025-08-02 17:53:54] [DEBUG] HandleInput: In editing mode, delegating to HandleEditingInput
[2025-08-02 17:53:54] [DEBUG] Console not available, using Read-Host fallback
[2025-08-02 17:53:54] [DEBUG] Main loop: Key received, calling HandleInput
[2025-08-02 17:53:54] [DEBUG] HandleInput: Key pressed: Q (Char: 'q') EditingIndex: 4
[2025-08-02 17:53:54] [DEBUG] HandleInput: In editing mode, delegating to HandleEditingInput
[2025-08-02 17:53:54] [DEBUG] Console not available, using Read-Host fallback
[2025-08-02 17:53:54] [DEBUG] Main loop: Key received, calling HandleInput
[2025-08-02 17:53:54] [DEBUG] HandleInput: Key pressed: Q (Char: 'q') EditingIndex: 4
[2025-08-02 17:53:54] [DEBUG] HandleInput: In editing mode, delegating to HandleEditingInput
[2025-08-02 17:53:54] [DEBUG] Console not available, using Read-Host fallback
[2025-08-02 17:53:54] [DEBUG] Main loop: Key received, calling HandleInput
[2025-08-02 17:53:54] [DEBUG] HandleInput: Key pressed: Q (Char: 'q') EditingIndex: 4
[2025-08-02 17:53:54] [DEBUG] HandleInput: In editing mode, delegating to HandleEditingInput
[2025-08-02 17:53:54] [DEBUG] Console not available, using Read-Host fallback
[2025-08-02 17:53:54] [DEBUG] Main loop: Key received, calling HandleInput
[2025-08-02 17:53:54] [DEBUG] HandleInput: Key pressed: Q (Char: 'q') EditingIndex: 4
[2025-08-02 17:53:54] [DEBUG] HandleInput: In editing mode, delegating to HandleEditingInput
[2025-08-02 17:53:54] [DEBUG] Console not available, using Read-Host fallback
[2025-08-02 17:53:54] [DEBUG] Main loop: Key received, calling HandleInput
[2025-08-02 17:53:54] [DEBUG] HandleInput: Key pressed: Q (Char: 'q') EditingIndex: 4
[2025-08-02 17:53:54] [DEBUG] HandleInput: In editing mode, delegating to HandleEditingInput
[2025-08-02 17:53:54] [DEBUG] Console not available, using Read-Host fallback
[2025-08-02 17:53:54] [DEBUG] Main loop: Key received, calling HandleInput
[2025-08-02 17:53:54] [DEBUG] HandleInput: Key pressed: Q (Char: 'q') EditingIndex: 4
[2025-08-02 17:53:54] [DEBUG] HandleInput: In editing mode, delegating to HandleEditingInput
[2025-08-02 17:53:54] [DEBUG] Console not available, using Read-Host fallback
[2025-08-02 17:53:54] [DEBUG] Main loop: Key received, calling HandleInput
[2025-08-02 17:53:54] [DEBUG] HandleInput: Key pressed: Q (Char: 'q') EditingIndex: 4
[2025-08-02 17:53:54] [DEBUG] HandleInput: In editing mode, delegating to HandleEditingInput
[2025-08-02 17:53:54] [DEBUG] Console not available, using Read-Host fallback
[2025-08-02 17:53:54] [DEBUG] Main loop: Key received, calling HandleInput
[2025-08-02 17:53:54] [DEBUG] HandleInput: Key pressed: Q (Char: 'q') EditingIndex: 4
[2025-08-02 17:53:54] [DEBUG] HandleInput: In editing mode, delegating to HandleEditingInput
[2025-08-02 17:53:54] [DEBUG] Console not available, using Read-Host fallback
[2025-08-02 17:53:54] [DEBUG] Main loop: Key received, calling HandleInput
[2025-08-02 17:53:54] [DEBUG] HandleInput: Key pressed: Q (Char: 'q') EditingIndex: 4
[2025-08-02 17:53:54] [DEBUG] HandleInput: In editing mode, delegating to HandleEditingInput
[2025-08-02 17:53:55] [DEBUG] Console not available, using Read-Host fallback
[2025-08-02 17:53:55] [DEBUG] Main loop: Key received, calling HandleInput
[2025-08-02 17:53:55] [DEBUG] HandleInput: Key pressed: Q (Char: 'q') EditingIndex: 4
[2025-08-02 17:53:55] [DEBUG] HandleInput: In editing mode, delegating to HandleEditingInput
[2025-08-02 17:53:55] [DEBUG] Console not available, using Read-Host fallback
[2025-08-02 17:53:55] [DEBUG] Main loop: Key received, calling HandleInput
[2025-08-02 17:53:55] [DEBUG] HandleInput: Key pressed: Q (Char: 'q') EditingIndex: 4
[2025-08-02 17:53:55] [DEBUG] HandleInput: In editing mode, delegating to HandleEditingInput
[2025-08-02 17:53:55] [DEBUG] Console not available, using Read-Host fallback
[2025-08-02 17:53:55] [DEBUG] Main loop: Key received, calling HandleInput
[2025-08-02 17:53:55] [DEBUG] HandleInput: Key pressed: Q (Char: 'q') EditingIndex: 4
[2025-08-02 17:53:55] [DEBUG] HandleInput: In editing mode, delegating to HandleEditingInput
[2025-08-02 17:53:55] [DEBUG] Console not available, using Read-Host fallback
[2025-08-02 17:53:55] [DEBUG] Main loop: Key received, calling HandleInput
[2025-08-02 17:53:55] [DEBUG] HandleInput: Key pressed: Q (Char: 'q') EditingIndex: 4
[2025-08-02 17:53:55] [DEBUG] HandleInput: In editing mode, delegating to HandleEditingInput
[2025-08-02 17:53:55] [DEBUG] Console not available, using Read-Host fallback
[2025-08-02 17:53:55] [DEBUG] Main loop: Key received, calling HandleInput
[2025-08-02 17:53:55] [DEBUG] HandleInput: Key pressed: Q (Char: 'q') EditingIndex: 4
[2025-08-02 17:53:55] [DEBUG] HandleInput: In editing mode, delegating to HandleEditingInput
[2025-08-02 17:53:55] [DEBUG] Console not available, using Read-Host fallback
[2025-08-02 17:53:55] [DEBUG] Main loop: Key received, calling HandleInput
[2025-08-02 17:53:55] [DEBUG] HandleInput: Key pressed: Q (Char: 'q') EditingIndex: 4
[2025-08-02 17:53:55] [DEBUG] HandleInput: In editing mode, delegating to HandleEditingInput
[2025-08-02 17:53:55] [DEBUG] Console not available, using Read-Host fallback
[2025-08-02 17:53:55] [DEBUG] Main loop: Key received, calling HandleInput
[2025-08-02 17:53:55] [DEBUG] HandleInput: Key pressed: Q (Char: 'q') EditingIndex: 4
[2025-08-02 17:53:55] [DEBUG] HandleInput: In editing mode, delegating to HandleEditingInput
[2025-08-02 17:53:55] [DEBUG] Console not available, using Read-Host fallback
[2025-08-02 17:53:55] [DEBUG] Main loop: Key received, calling HandleInput
[2025-08-02 17:53:55] [DEBUG] HandleInput: Key pressed: Q (Char: 'q') EditingIndex: 4
[2025-08-02 17:53:55] [DEBUG] HandleInput: In editing mode, delegating to HandleEditingInput
[2025-08-02 17:53:55] [DEBUG] Console not available, using Read-Host fallback
[2025-08-02 17:53:55] [DEBUG] Main loop: Key received, calling HandleInput
[2025-08-02 17:53:55] [DEBUG] HandleInput: Key pressed: Q (Char: 'q') EditingIndex: 4
[2025-08-02 17:53:55] [DEBUG] HandleInput: In editing mode, delegating to HandleEditingInput
[2025-08-02 17:53:55] [DEBUG] Console not available, using Read-Host fallback
[2025-08-02 17:53:55] [DEBUG] Main loop: Key received, calling HandleInput
[2025-08-02 17:53:55] [DEBUG] HandleInput: Key pressed: Q (Char: 'q') EditingIndex: 4
[2025-08-02 17:53:55] [DEBUG] HandleInput: In editing mode, delegating to HandleEditingInput
[2025-08-02 17:53:55] [DEBUG] Console not available, using Read-Host fallback
[2025-08-02 17:53:55] [DEBUG] Main loop: Key received, calling HandleInput
[2025-08-02 17:53:55] [DEBUG] HandleInput: Key pressed: Q (Char: 'q') EditingIndex: 4
[2025-08-02 17:53:55] [DEBUG] HandleInput: In editing mode, delegating to HandleEditingInput
[2025-08-02 17:53:55] [DEBUG] Console not available, using Read-Host fallback
[2025-08-02 17:53:55] [DEBUG] Main loop: Key received, calling HandleInput
[2025-08-02 17:53:55] [DEBUG] HandleInput: Key pressed: Q (Char: 'q') EditingIndex: 4
[2025-08-02 17:53:55] [DEBUG] HandleInput: In editing mode, delegating to HandleEditingInput
[2025-08-02 17:53:55] [DEBUG] Console not available, using Read-Host fallback
[2025-08-02 17:53:55] [DEBUG] Main loop: Key received, calling HandleInput
[2025-08-02 17:53:55] [DEBUG] HandleInput: Key pressed: Q (Char: 'q') EditingIndex: 4
[2025-08-02 17:53:55] [DEBUG] HandleInput: In editing mode, delegating to HandleEditingInput
[2025-08-02 17:53:55] [DEBUG] Console not available, using Read-Host fallback
[2025-08-02 17:53:55] [DEBUG] Main loop: Key received, calling HandleInput
[2025-08-02 17:53:55] [DEBUG] HandleInput: Key pressed: Q (Char: 'q') EditingIndex: 4
[2025-08-02 17:53:55] [DEBUG] HandleInput: In editing mode, delegating to HandleEditingInput
[2025-08-02 17:53:55] [DEBUG] Console not available, using Read-Host fallback
[2025-08-02 17:53:55] [DEBUG] Main loop: Key received, calling HandleInput
[2025-08-02 17:53:55] [DEBUG] HandleInput: Key pressed: Q (Char: 'q') EditingIndex: 4
[2025-08-02 17:53:55] [DEBUG] HandleInput: In editing mode, delegating to HandleEditingInput
[2025-08-02 17:53:55] [DEBUG] Console not available, using Read-Host fallback
[2025-08-02 17:53:55] [DEBUG] Main loop: Key received, calling HandleInput
[2025-08-02 17:53:55] [DEBUG] HandleInput: Key pressed: Q (Char: 'q') EditingIndex: 4
[2025-08-02 17:53:55] [DEBUG] HandleInput: In editing mode, delegating to HandleEditingInput
[2025-08-02 17:53:55] [DEBUG] Console not available, using Read-Host fallback
[2025-08-02 17:53:55] [DEBUG] Main loop: Key received, calling HandleInput
[2025-08-02 17:53:55] [DEBUG] HandleInput: Key pressed: Q (Char: 'q') EditingIndex: 4
[2025-08-02 17:53:55] [DEBUG] HandleInput: In editing mode, delegating to HandleEditingInput
[2025-08-02 17:53:55] [DEBUG] Console not available, using Read-Host fallback
[2025-08-02 17:53:55] [DEBUG] Main loop: Key received, calling HandleInput
[2025-08-02 17:53:55] [DEBUG] HandleInput: Key pressed: Q (Char: 'q') EditingIndex: 4
[2025-08-02 17:53:55] [DEBUG] HandleInput: In editing mode, delegating to HandleEditingInput
[2025-08-02 17:53:55] [DEBUG] Console not available, using Read-Host fallback
[2025-08-02 17:53:55] [DEBUG] Main loop: Key received, calling HandleInput
[2025-08-02 17:53:55] [DEBUG] HandleInput: Key pressed: Q (Char: 'q') EditingIndex: 4
[2025-08-02 17:53:55] [DEBUG] HandleInput: In editing mode, delegating to HandleEditingInput
[2025-08-02 17:53:55] [DEBUG] Console not available, using Read-Host fallback
[2025-08-02 17:53:55] [DEBUG] Main loop: Key received, calling HandleInput
[2025-08-02 17:53:55] [DEBUG] HandleInput: Key pressed: Q (Char: 'q') EditingIndex: 4
[2025-08-02 17:53:55] [DEBUG] HandleInput: In editing mode, delegating to HandleEditingInput
[2025-08-02 17:53:55] [DEBUG] Console not available, using Read-Host fallback
[2025-08-02 17:53:55] [DEBUG] Main loop: Key received, calling HandleInput
[2025-08-02 17:53:55] [DEBUG] HandleInput: Key pressed: Q (Char: 'q') EditingIndex: 4
[2025-08-02 17:53:55] [DEBUG] HandleInput: In editing mode, delegating to HandleEditingInput
[2025-08-02 17:53:55] [DEBUG] Console not available, using Read-Host fallback
[2025-08-02 17:53:55] [DEBUG] Main loop: Key received, calling HandleInput
[2025-08-02 17:53:55] [DEBUG] HandleInput: Key pressed: Q (Char: 'q') EditingIndex: 4
[2025-08-02 17:53:55] [DEBUG] HandleInput: In editing mode, delegating to HandleEditingInput
[2025-08-02 17:53:55] [DEBUG] Console not available, using Read-Host fallback
[2025-08-02 17:53:55] [DEBUG] Main loop: Key received, calling HandleInput
[2025-08-02 17:53:55] [DEBUG] HandleInput: Key pressed: Q (Char: 'q') EditingIndex: 4
[2025-08-02 17:53:55] [DEBUG] HandleInput: In editing mode, delegating to HandleEditingInput
[2025-08-02 17:53:55] [DEBUG] Console not available, using Read-Host fallback
[2025-08-02 17:53:55] [DEBUG] Main loop: Key received, calling HandleInput
[2025-08-02 17:53:55] [DEBUG] HandleInput: Key pressed: Q (Char: 'q') EditingIndex: 4
[2025-08-02 17:53:55] [DEBUG] HandleInput: In editing mode, delegating to HandleEditingInput
[2025-08-02 17:53:55] [DEBUG] Console not available, using Read-Host fallback
[2025-08-02 17:53:55] [DEBUG] Main loop: Key received, calling HandleInput
[2025-08-02 17:53:55] [DEBUG] HandleInput: Key pressed: Q (Char: 'q') EditingIndex: 4
[2025-08-02 17:53:55] [DEBUG] HandleInput: In editing mode, delegating to HandleEditingInput
[2025-08-02 17:53:56] [DEBUG] Console not available, using Read-Host fallback
[2025-08-02 17:53:56] [DEBUG] Main loop: Key received, calling HandleInput
[2025-08-02 17:53:56] [DEBUG] HandleInput: Key pressed: Q (Char: 'q') EditingIndex: 4
[2025-08-02 17:53:56] [DEBUG] HandleInput: In editing mode, delegating to HandleEditingInput
[2025-08-02 17:53:56] [DEBUG] Console not available, using Read-Host fallback
[2025-08-02 17:53:56] [DEBUG] Main loop: Key received, calling HandleInput
[2025-08-02 17:53:56] [DEBUG] HandleInput: Key pressed: Q (Char: 'q') EditingIndex: 4
[2025-08-02 17:53:56] [DEBUG] HandleInput: In editing mode, delegating to HandleEditingInput
[2025-08-02 17:53:56] [DEBUG] Console not available, using Read-Host fallback
[2025-08-02 17:53:56] [DEBUG] Main loop: Key received, calling HandleInput
[2025-08-02 17:53:56] [DEBUG] HandleInput: Key pressed: Q (Char: 'q') EditingIndex: 4
[2025-08-02 17:53:56] [DEBUG] HandleInput: In editing mode, delegating to HandleEditingInput
[2025-08-02 17:53:56] [DEBUG] Console not available, using Read-Host fallback
[2025-08-02 17:53:56] [DEBUG] Main loop: Key received, calling HandleInput
[2025-08-02 17:53:56] [DEBUG] HandleInput: Key pressed: Q (Char: 'q') EditingIndex: 4
[2025-08-02 17:53:56] [DEBUG] HandleInput: In editing mode, delegating to HandleEditingInput
[2025-08-02 17:53:56] [DEBUG] Console not available, using Read-Host fallback
[2025-08-02 17:53:56] [DEBUG] Main loop: Key received, calling HandleInput
[2025-08-02 17:53:56] [DEBUG] HandleInput: Key pressed: Q (Char: 'q') EditingIndex: 4
[2025-08-02 17:53:56] [DEBUG] HandleInput: In editing mode, delegating to HandleEditingInput
[2025-08-02 17:53:56] [DEBUG] Console not available, using Read-Host fallback
[2025-08-02 17:53:56] [DEBUG] Main loop: Key received, calling HandleInput
[2025-08-02 17:53:56] [DEBUG] HandleInput: Key pressed: Q (Char: 'q') EditingIndex: 4
[2025-08-02 17:53:56] [DEBUG] HandleInput: In editing mode, delegating to HandleEditingInput
[2025-08-02 17:53:56] [DEBUG] Console not available, using Read-Host fallback
[2025-08-02 17:53:56] [DEBUG] Main loop: Key received, calling HandleInput
[2025-08-02 17:53:56] [DEBUG] HandleInput: Key pressed: Q (Char: 'q') EditingIndex: 4
[2025-08-02 17:53:56] [DEBUG] HandleInput: In editing mode, delegating to HandleEditingInput
[2025-08-02 17:53:56] [DEBUG] Console not available, using Read-Host fallback
[2025-08-02 17:53:56] [DEBUG] Main loop: Key received, calling HandleInput
[2025-08-02 17:53:56] [DEBUG] HandleInput: Key pressed: Q (Char: 'q') EditingIndex: 4
[2025-08-02 17:53:56] [DEBUG] HandleInput: In editing mode, delegating to HandleEditingInput
[2025-08-02 17:53:56] [DEBUG] Console not available, using Read-Host fallback
[2025-08-02 17:53:56] [DEBUG] Main loop: Key received, calling HandleInput
[2025-08-02 17:53:56] [DEBUG] HandleInput: Key pressed: Q (Char: 'q') EditingIndex: 4
[2025-08-02 17:53:56] [DEBUG] HandleInput: In editing mode, delegating to HandleEditingInput
[2025-08-02 17:53:56] [DEBUG] Console not available, using Read-Host fallback
[2025-08-02 17:53:56] [DEBUG] Main loop: Key received, calling HandleInput
[2025-08-02 17:53:56] [DEBUG] HandleInput: Key pressed: Q (Char: 'q') EditingIndex: 4
[2025-08-02 17:53:56] [DEBUG] HandleInput: In editing mode, delegating to HandleEditingInput
[2025-08-02 17:53:56] [DEBUG] Console not available, using Read-Host fallback
[2025-08-02 17:53:56] [DEBUG] Main loop: Key received, calling HandleInput
[2025-08-02 17:53:56] [DEBUG] HandleInput: Key pressed: Q (Char: 'q') EditingIndex: 4
[2025-08-02 17:53:56] [DEBUG] HandleInput: In editing mode, delegating to HandleEditingInput
[2025-08-02 17:53:56] [DEBUG] Console not available, using Read-Host fallback
[2025-08-02 17:53:56] [DEBUG] Main loop: Key received, calling HandleInput
[2025-08-02 17:53:56] [DEBUG] HandleInput: Key pressed: Q (Char: 'q') EditingIndex: 4
[2025-08-02 17:53:56] [DEBUG] HandleInput: In editing mode, delegating to HandleEditingInput
[2025-08-02 17:53:56] [DEBUG] Console not available, using Read-Host fallback
[2025-08-02 17:53:56] [DEBUG] Main loop: Key received, calling HandleInput
[2025-08-02 17:53:56] [DEBUG] HandleInput: Key pressed: Q (Char: 'q') EditingIndex: 4
[2025-08-02 17:53:56] [DEBUG] HandleInput: In editing mode, delegating to HandleEditingInput
[2025-08-02 17:53:56] [DEBUG] Console not available, using Read-Host fallback
[2025-08-02 17:53:56] [DEBUG] Main loop: Key received, calling HandleInput
[2025-08-02 17:53:56] [DEBUG] HandleInput: Key pressed: Q (Char: 'q') EditingIndex: 4
[2025-08-02 17:53:56] [DEBUG] HandleInput: In editing mode, delegating to HandleEditingInput
[2025-08-02 17:53:56] [DEBUG] Console not available, using Read-Host fallback
[2025-08-02 17:53:56] [DEBUG] Main loop: Key received, calling HandleInput
[2025-08-02 17:53:56] [DEBUG] HandleInput: Key pressed: Q (Char: 'q') EditingIndex: 4
[2025-08-02 17:53:56] [DEBUG] HandleInput: In editing mode, delegating to HandleEditingInput
[2025-08-02 17:53:56] [DEBUG] Console not available, using Read-Host fallback
[2025-08-02 17:53:56] [DEBUG] Main loop: Key received, calling HandleInput
[2025-08-02 17:53:56] [DEBUG] HandleInput: Key pressed: Q (Char: 'q') EditingIndex: 4
[2025-08-02 17:53:56] [DEBUG] HandleInput: In editing mode, delegating to HandleEditingInput
[2025-08-02 17:53:56] [DEBUG] Console not available, using Read-Host fallback
[2025-08-02 17:53:56] [DEBUG] Main loop: Key received, calling HandleInput
[2025-08-02 17:53:56] [DEBUG] HandleInput: Key pressed: Q (Char: 'q') EditingIndex: 4
[2025-08-02 17:53:56] [DEBUG] HandleInput: In editing mode, delegating to HandleEditingInput
[2025-08-02 17:53:56] [DEBUG] Console not available, using Read-Host fallback
[2025-08-02 17:53:56] [DEBUG] Main loop: Key received, calling HandleInput
[2025-08-02 17:53:56] [DEBUG] HandleInput: Key pressed: Q (Char: 'q') EditingIndex: 4
[2025-08-02 17:53:56] [DEBUG] HandleInput: In editing mode, delegating to HandleEditingInput
[2025-08-02 17:53:56] [DEBUG] Console not available, using Read-Host fallback
[2025-08-02 17:53:56] [DEBUG] Main loop: Key received, calling HandleInput
[2025-08-02 17:53:56] [DEBUG] HandleInput: Key pressed: Q (Char: 'q') EditingIndex: 4
[2025-08-02 17:53:56] [DEBUG] HandleInput: In editing mode, delegating to HandleEditingInput
[2025-08-02 17:53:56] [DEBUG] Console not available, using Read-Host fallback
[2025-08-02 17:53:56] [DEBUG] Main loop: Key received, calling HandleInput
[2025-08-02 17:53:56] [DEBUG] HandleInput: Key pressed: Q (Char: 'q') EditingIndex: 4
[2025-08-02 17:53:56] [DEBUG] HandleInput: In editing mode, delegating to HandleEditingInput
[2025-08-02 17:53:56] [DEBUG] Console not available, using Read-Host fallback
[2025-08-02 17:53:56] [DEBUG] Main loop: Key received, calling HandleInput
[2025-08-02 17:53:56] [DEBUG] HandleInput: Key pressed: Q (Char: 'q') EditingIndex: 4
[2025-08-02 17:53:56] [DEBUG] HandleInput: In editing mode, delegating to HandleEditingInput
[2025-08-02 17:53:56] [DEBUG] Console not available, using Read-Host fallback
[2025-08-02 17:53:56] [DEBUG] Main loop: Key received, calling HandleInput
[2025-08-02 17:53:56] [DEBUG] HandleInput: Key pressed: Q (Char: 'q') EditingIndex: 4
[2025-08-02 17:53:56] [DEBUG] HandleInput: In editing mode, delegating to HandleEditingInput
[2025-08-02 17:53:56] [DEBUG] Console not available, using Read-Host fallback
[2025-08-02 17:53:56] [DEBUG] Main loop: Key received, calling HandleInput
[2025-08-02 17:53:56] [DEBUG] HandleInput: Key pressed: Q (Char: 'q') EditingIndex: 4
[2025-08-02 17:53:56] [DEBUG] HandleInput: In editing mode, delegating to HandleEditingInput
[2025-08-02 17:53:56] [DEBUG] Console not available, using Read-Host fallback
[2025-08-02 17:53:56] [DEBUG] Main loop: Key received, calling HandleInput
[2025-08-02 17:53:56] [DEBUG] HandleInput: Key pressed: Q (Char: 'q') EditingIndex: 4
[2025-08-02 17:53:56] [DEBUG] HandleInput: In editing mode, delegating to HandleEditingInput
[2025-08-02 17:53:56] [DEBUG] Console not available, using Read-Host fallback
[2025-08-02 17:53:56] [DEBUG] Main loop: Key received, calling HandleInput
[2025-08-02 17:53:56] [DEBUG] HandleInput: Key pressed: Q (Char: 'q') EditingIndex: 4
[2025-08-02 17:53:57] [DEBUG] HandleInput: In editing mode, delegating to HandleEditingInput
[2025-08-02 17:53:57] [DEBUG] Console not available, using Read-Host fallback
[2025-08-02 17:53:57] [DEBUG] Main loop: Key received, calling HandleInput
[2025-08-02 17:53:57] [DEBUG] HandleInput: Key pressed: Q (Char: 'q') EditingIndex: 4
[2025-08-02 17:53:57] [DEBUG] HandleInput: In editing mode, delegating to HandleEditingInput
[2025-08-02 17:53:57] [DEBUG] Console not available, using Read-Host fallback
[2025-08-02 17:53:57] [DEBUG] Main loop: Key received, calling HandleInput
[2025-08-02 17:53:57] [DEBUG] HandleInput: Key pressed: Q (Char: 'q') EditingIndex: 4
[2025-08-02 17:53:57] [DEBUG] HandleInput: In editing mode, delegating to HandleEditingInput
[2025-08-02 17:53:57] [DEBUG] Console not available, using Read-Host fallback
[2025-08-02 17:53:57] [DEBUG] Main loop: Key received, calling HandleInput
[2025-08-02 17:53:57] [DEBUG] HandleInput: Key pressed: Q (Char: 'q') EditingIndex: 4
[2025-08-02 17:53:57] [DEBUG] HandleInput: In editing mode, delegating to HandleEditingInput
[2025-08-02 17:53:57] [DEBUG] Console not available, using Read-Host fallback
[2025-08-02 17:53:57] [DEBUG] Main loop: Key received, calling HandleInput
[2025-08-02 17:53:57] [DEBUG] HandleInput: Key pressed: Q (Char: 'q') EditingIndex: 4
[2025-08-02 17:53:57] [DEBUG] HandleInput: In editing mode, delegating to HandleEditingInput
[2025-08-02 17:53:57] [DEBUG] Console not available, using Read-Host fallback
[2025-08-02 17:53:57] [DEBUG] Main loop: Key received, calling HandleInput
[2025-08-02 17:53:57] [DEBUG] HandleInput: Key pressed: Q (Char: 'q') EditingIndex: 4
[2025-08-02 17:53:57] [DEBUG] HandleInput: In editing mode, delegating to HandleEditingInput
[2025-08-02 17:53:57] [DEBUG] Console not available, using Read-Host fallback
[2025-08-02 17:53:57] [DEBUG] Main loop: Key received, calling HandleInput
[2025-08-02 17:53:57] [DEBUG] HandleInput: Key pressed: Q (Char: 'q') EditingIndex: 4
[2025-08-02 17:53:57] [DEBUG] HandleInput: In editing mode, delegating to HandleEditingInput
[2025-08-02 17:53:57] [DEBUG] Console not available, using Read-Host fallback
[2025-08-02 17:53:57] [DEBUG] Main loop: Key received, calling HandleInput
[2025-08-02 17:53:57] [DEBUG] HandleInput: Key pressed: Q (Char: 'q') EditingIndex: 4
[2025-08-02 17:53:57] [DEBUG] HandleInput: In editing mode, delegating to HandleEditingInput
[2025-08-02 17:53:57] [DEBUG] Console not available, using Read-Host fallback
[2025-08-02 17:53:57] [DEBUG] Main loop: Key received, calling HandleInput
[2025-08-02 17:53:57] [DEBUG] HandleInput: Key pressed: Q (Char: 'q') EditingIndex: 4
[2025-08-02 17:53:57] [DEBUG] HandleInput: In editing mode, delegating to HandleEditingInput
[2025-08-02 17:53:57] [DEBUG] Console not available, using Read-Host fallback
[2025-08-02 17:53:57] [DEBUG] Main loop: Key received, calling HandleInput
[2025-08-02 17:53:57] [DEBUG] HandleInput: Key pressed: Q (Char: 'q') EditingIndex: 4
[2025-08-02 17:53:57] [DEBUG] HandleInput: In editing mode, delegating to HandleEditingInput
[2025-08-02 17:53:57] [DEBUG] Console not available, using Read-Host fallback
[2025-08-02 17:53:57] [DEBUG] Main loop: Key received, calling HandleInput
[2025-08-02 17:53:57] [DEBUG] HandleInput: Key pressed: Q (Char: 'q') EditingIndex: 4
[2025-08-02 17:53:57] [DEBUG] HandleInput: In editing mode, delegating to HandleEditingInput
[2025-08-02 17:53:57] [DEBUG] Console not available, using Read-Host fallback
[2025-08-02 17:53:57] [DEBUG] Main loop: Key received, calling HandleInput
[2025-08-02 17:53:57] [DEBUG] HandleInput: Key pressed: Q (Char: 'q') EditingIndex: 4
[2025-08-02 17:53:57] [DEBUG] HandleInput: In editing mode, delegating to HandleEditingInput
[2025-08-02 17:53:57] [DEBUG] Console not available, using Read-Host fallback
[2025-08-02 17:53:57] [DEBUG] Main loop: Key received, calling HandleInput
[2025-08-02 17:53:57] [DEBUG] HandleInput: Key pressed: Q (Char: 'q') EditingIndex: 4
[2025-08-02 17:53:57] [DEBUG] HandleInput: In editing mode, delegating to HandleEditingInput
[2025-08-02 17:53:57] [DEBUG] Console not available, using Read-Host fallback
[2025-08-02 17:53:57] [DEBUG] Main loop: Key received, calling HandleInput
[2025-08-02 17:53:57] [DEBUG] HandleInput: Key pressed: Q (Char: 'q') EditingIndex: 4
[2025-08-02 17:53:57] [DEBUG] HandleInput: In editing mode, delegating to HandleEditingInput
[2025-08-02 17:53:57] [DEBUG] Console not available, using Read-Host fallback
[2025-08-02 17:53:57] [DEBUG] Main loop: Key received, calling HandleInput
[2025-08-02 17:53:57] [DEBUG] HandleInput: Key pressed: Q (Char: 'q') EditingIndex: 4
[2025-08-02 17:53:57] [DEBUG] HandleInput: In editing mode, delegating to HandleEditingInput
[2025-08-02 17:53:57] [DEBUG] Console not available, using Read-Host fallback
[2025-08-02 17:53:57] [DEBUG] Main loop: Key received, calling HandleInput
[2025-08-02 17:53:57] [DEBUG] HandleInput: Key pressed: Q (Char: 'q') EditingIndex: 4
[2025-08-02 17:53:57] [DEBUG] HandleInput: In editing mode, delegating to HandleEditingInput
[2025-08-02 17:53:57] [DEBUG] Console not available, using Read-Host fallback
[2025-08-02 17:53:57] [DEBUG] Main loop: Key received, calling HandleInput
[2025-08-02 17:53:57] [DEBUG] HandleInput: Key pressed: Q (Char: 'q') EditingIndex: 4
[2025-08-02 17:53:57] [DEBUG] HandleInput: In editing mode, delegating to HandleEditingInput
[2025-08-02 17:53:57] [DEBUG] Console not available, using Read-Host fallback
[2025-08-02 17:53:57] [DEBUG] Main loop: Key received, calling HandleInput
[2025-08-02 17:53:57] [DEBUG] HandleInput: Key pressed: Q (Char: 'q') EditingIndex: 4
[2025-08-02 17:53:57] [DEBUG] HandleInput: In editing mode, delegating to HandleEditingInput
[2025-08-02 17:53:57] [DEBUG] Console not available, using Read-Host fallback
[2025-08-02 17:53:57] [DEBUG] Main loop: Key received, calling HandleInput
[2025-08-02 17:53:57] [DEBUG] HandleInput: Key pressed: Q (Char: 'q') EditingIndex: 4
[2025-08-02 17:53:57] [DEBUG] HandleInput: In editing mode, delegating to HandleEditingInput
[2025-08-02 17:53:57] [DEBUG] Console not available, using Read-Host fallback
[2025-08-02 17:53:57] [DEBUG] Main loop: Key received, calling HandleInput
[2025-08-02 17:53:57] [DEBUG] HandleInput: Key pressed: Q (Char: 'q') EditingIndex: 4
[2025-08-02 17:53:57] [DEBUG] HandleInput: In editing mode, delegating to HandleEditingInput
[2025-08-02 17:53:57] [DEBUG] Console not available, using Read-Host fallback
[2025-08-02 17:53:57] [DEBUG] Main loop: Key received, calling HandleInput
[2025-08-02 17:53:57] [DEBUG] HandleInput: Key pressed: Q (Char: 'q') EditingIndex: 4
[2025-08-02 17:53:57] [DEBUG] HandleInput: In editing mode, delegating to HandleEditingInput
[2025-08-02 17:53:57] [DEBUG] Console not available, using Read-Host fallback
[2025-08-02 17:53:57] [DEBUG] Main loop: Key received, calling HandleInput
[2025-08-02 17:53:57] [DEBUG] HandleInput: Key pressed: Q (Char: 'q') EditingIndex: 4
[2025-08-02 17:53:57] [DEBUG] HandleInput: In editing mode, delegating to HandleEditingInput
[2025-08-02 17:53:57] [DEBUG] Console not available, using Read-Host fallback
[2025-08-02 17:53:57] [DEBUG] Main loop: Key received, calling HandleInput
[2025-08-02 17:53:57] [DEBUG] HandleInput: Key pressed: Q (Char: 'q') EditingIndex: 4
[2025-08-02 17:53:57] [DEBUG] HandleInput: In editing mode, delegating to HandleEditingInput
[2025-08-02 17:53:57] [DEBUG] Console not available, using Read-Host fallback
[2025-08-02 17:53:57] [DEBUG] Main loop: Key received, calling HandleInput
[2025-08-02 17:53:57] [DEBUG] HandleInput: Key pressed: Q (Char: 'q') EditingIndex: 4
[2025-08-02 17:53:57] [DEBUG] HandleInput: In editing mode, delegating to HandleEditingInput
[2025-08-02 17:53:57] [DEBUG] Console not available, using Read-Host fallback
[2025-08-02 17:53:57] [DEBUG] Main loop: Key received, calling HandleInput
[2025-08-02 17:53:57] [DEBUG] HandleInput: Key pressed: Q (Char: 'q') EditingIndex: 4
[2025-08-02 17:53:57] [DEBUG] HandleInput: In editing mode, delegating to HandleEditingInput
[2025-08-02 17:53:57] [DEBUG] Console not available, using Read-Host fallback
[2025-08-02 17:53:57] [DEBUG] Main loop: Key received, calling HandleInput
[2025-08-02 17:53:57] [DEBUG] HandleInput: Key pressed: Q (Char: 'q') EditingIndex: 4
[2025-08-02 17:53:57] [DEBUG] HandleInput: In editing mode, delegating to HandleEditingInput
[2025-08-02 17:53:58] [DEBUG] Console not available, using Read-Host fallback
[2025-08-02 17:53:58] [DEBUG] Main loop: Key received, calling HandleInput
[2025-08-02 17:53:58] [DEBUG] HandleInput: Key pressed: Q (Char: 'q') EditingIndex: 4
[2025-08-02 17:53:58] [DEBUG] HandleInput: In editing mode, delegating to HandleEditingInput
[2025-08-02 17:53:58] [DEBUG] Console not available, using Read-Host fallback
[2025-08-02 17:53:58] [DEBUG] Main loop: Key received, calling HandleInput
[2025-08-02 17:53:58] [DEBUG] HandleInput: Key pressed: Q (Char: 'q') EditingIndex: 4
[2025-08-02 17:53:58] [DEBUG] HandleInput: In editing mode, delegating to HandleEditingInput
[2025-08-02 17:53:58] [DEBUG] Console not available, using Read-Host fallback
[2025-08-02 17:53:58] [DEBUG] Main loop: Key received, calling HandleInput
[2025-08-02 17:53:58] [DEBUG] HandleInput: Key pressed: Q (Char: 'q') EditingIndex: 4
[2025-08-02 17:53:58] [DEBUG] HandleInput: In editing mode, delegating to HandleEditingInput
[2025-08-02 17:53:58] [DEBUG] Console not available, using Read-Host fallback
[2025-08-02 17:53:58] [DEBUG] Main loop: Key received, calling HandleInput
[2025-08-02 17:53:58] [DEBUG] HandleInput: Key pressed: Q (Char: 'q') EditingIndex: 4
[2025-08-02 17:53:58] [DEBUG] HandleInput: In editing mode, delegating to HandleEditingInput
[2025-08-02 17:53:58] [DEBUG] Console not available, using Read-Host fallback
[2025-08-02 17:53:58] [DEBUG] Main loop: Key received, calling HandleInput
[2025-08-02 17:53:58] [DEBUG] HandleInput: Key pressed: Q (Char: 'q') EditingIndex: 4
[2025-08-02 17:53:58] [DEBUG] HandleInput: In editing mode, delegating to HandleEditingInput
[2025-08-02 17:53:58] [DEBUG] Console not available, using Read-Host fallback
[2025-08-02 17:53:58] [DEBUG] Main loop: Key received, calling HandleInput
[2025-08-02 17:53:58] [DEBUG] HandleInput: Key pressed: Q (Char: 'q') EditingIndex: 4
[2025-08-02 17:53:58] [DEBUG] HandleInput: In editing mode, delegating to HandleEditingInput
[2025-08-02 17:53:58] [DEBUG] Console not available, using Read-Host fallback
[2025-08-02 17:53:58] [DEBUG] Main loop: Key received, calling HandleInput
[2025-08-02 17:53:58] [DEBUG] HandleInput: Key pressed: Q (Char: 'q') EditingIndex: 4
[2025-08-02 17:53:58] [DEBUG] HandleInput: In editing mode, delegating to HandleEditingInput
[2025-08-02 17:53:58] [DEBUG] Console not available, using Read-Host fallback
[2025-08-02 17:53:58] [DEBUG] Main loop: Key received, calling HandleInput
[2025-08-02 17:53:58] [DEBUG] HandleInput: Key pressed: Q (Char: 'q') EditingIndex: 4
[2025-08-02 17:53:58] [DEBUG] HandleInput: In editing mode, delegating to HandleEditingInput
[2025-08-02 17:53:58] [DEBUG] Console not available, using Read-Host fallback
[2025-08-02 17:53:58] [DEBUG] Main loop: Key received, calling HandleInput
[2025-08-02 17:53:58] [DEBUG] HandleInput: Key pressed: Q (Char: 'q') EditingIndex: 4
[2025-08-02 17:53:58] [DEBUG] HandleInput: In editing mode, delegating to HandleEditingInput
[2025-08-02 17:53:58] [DEBUG] Console not available, using Read-Host fallback
[2025-08-02 17:53:58] [DEBUG] Main loop: Key received, calling HandleInput
[2025-08-02 17:53:58] [DEBUG] HandleInput: Key pressed: Q (Char: 'q') EditingIndex: 4
[2025-08-02 17:53:58] [DEBUG] HandleInput: In editing mode, delegating to HandleEditingInput
[2025-08-02 17:53:58] [DEBUG] Console not available, using Read-Host fallback
[2025-08-02 17:53:58] [DEBUG] Main loop: Key received, calling HandleInput
[2025-08-02 17:53:58] [DEBUG] HandleInput: Key pressed: Q (Char: 'q') EditingIndex: 4
[2025-08-02 17:53:58] [DEBUG] HandleInput: In editing mode, delegating to HandleEditingInput
[2025-08-02 17:53:58] [DEBUG] Console not available, using Read-Host fallback
[2025-08-02 17:53:58] [DEBUG] Main loop: Key received, calling HandleInput
[2025-08-02 17:53:58] [DEBUG] HandleInput: Key pressed: Q (Char: 'q') EditingIndex: 4
[2025-08-02 17:53:58] [DEBUG] HandleInput: In editing mode, delegating to HandleEditingInput
[2025-08-02 17:53:58] [DEBUG] Console not available, using Read-Host fallback
[2025-08-02 17:53:58] [DEBUG] Main loop: Key received, calling HandleInput
[2025-08-02 17:53:58] [DEBUG] HandleInput: Key pressed: Q (Char: 'q') EditingIndex: 4
[2025-08-02 17:53:58] [DEBUG] HandleInput: In editing mode, delegating to HandleEditingInput
[2025-08-02 17:53:58] [DEBUG] Console not available, using Read-Host fallback
[2025-08-02 17:53:58] [DEBUG] Main loop: Key received, calling HandleInput
[2025-08-02 17:53:58] [DEBUG] HandleInput: Key pressed: Q (Char: 'q') EditingIndex: 4
[2025-08-02 17:53:58] [DEBUG] HandleInput: In editing mode, delegating to HandleEditingInput
[2025-08-02 17:53:58] [DEBUG] Console not available, using Read-Host fallback
[2025-08-02 17:53:58] [DEBUG] Main loop: Key received, calling HandleInput
[2025-08-02 17:53:58] [DEBUG] HandleInput: Key pressed: Q (Char: 'q') EditingIndex: 4
[2025-08-02 17:53:58] [DEBUG] HandleInput: In editing mode, delegating to HandleEditingInput
[2025-08-02 17:53:58] [DEBUG] Console not available, using Read-Host fallback
[2025-08-02 17:53:58] [DEBUG] Main loop: Key received, calling HandleInput
[2025-08-02 17:53:58] [DEBUG] HandleInput: Key pressed: Q (Char: 'q') EditingIndex: 4
[2025-08-02 17:53:58] [DEBUG] HandleInput: In editing mode, delegating to HandleEditingInput
[2025-08-02 17:53:58] [DEBUG] Console not available, using Read-Host fallback
[2025-08-02 17:53:58] [DEBUG] Main loop: Key received, calling HandleInput
[2025-08-02 17:53:58] [DEBUG] HandleInput: Key pressed: Q (Char: 'q') EditingIndex: 4
[2025-08-02 17:53:58] [DEBUG] HandleInput: In editing mode, delegating to HandleEditingInput
[2025-08-02 17:53:58] [DEBUG] Console not available, using Read-Host fallback
[2025-08-02 17:53:58] [DEBUG] Main loop: Key received, calling HandleInput
[2025-08-02 17:53:58] [DEBUG] HandleInput: Key pressed: Q (Char: 'q') EditingIndex: 4
[2025-08-02 17:53:58] [DEBUG] HandleInput: In editing mode, delegating to HandleEditingInput
[2025-08-02 17:53:58] [DEBUG] Console not available, using Read-Host fallback
[2025-08-02 17:53:58] [DEBUG] Main loop: Key received, calling HandleInput
[2025-08-02 17:53:58] [DEBUG] HandleInput: Key pressed: Q (Char: 'q') EditingIndex: 4
[2025-08-02 17:53:58] [DEBUG] HandleInput: In editing mode, delegating to HandleEditingInput
[2025-08-02 17:53:58] [DEBUG] Console not available, using Read-Host fallback
[2025-08-02 17:53:58] [DEBUG] Main loop: Key received, calling HandleInput
[2025-08-02 17:53:58] [DEBUG] HandleInput: Key pressed: Q (Char: 'q') EditingIndex: 4
[2025-08-02 17:53:58] [DEBUG] HandleInput: In editing mode, delegating to HandleEditingInput
[2025-08-02 17:53:58] [DEBUG] Console not available, using Read-Host fallback
[2025-08-02 17:53:58] [DEBUG] Main loop: Key received, calling HandleInput
[2025-08-02 17:53:58] [DEBUG] HandleInput: Key pressed: Q (Char: 'q') EditingIndex: 4
[2025-08-02 17:53:58] [DEBUG] HandleInput: In editing mode, delegating to HandleEditingInput
[2025-08-02 17:53:58] [DEBUG] Console not available, using Read-Host fallback
[2025-08-02 17:53:58] [DEBUG] Main loop: Key received, calling HandleInput
[2025-08-02 17:53:58] [DEBUG] HandleInput: Key pressed: Q (Char: 'q') EditingIndex: 4
[2025-08-02 17:53:58] [DEBUG] HandleInput: In editing mode, delegating to HandleEditingInput
[2025-08-02 17:53:58] [DEBUG] Console not available, using Read-Host fallback
[2025-08-02 17:53:58] [DEBUG] Main loop: Key received, calling HandleInput
[2025-08-02 17:53:58] [DEBUG] HandleInput: Key pressed: Q (Char: 'q') EditingIndex: 4
[2025-08-02 17:53:58] [DEBUG] HandleInput: In editing mode, delegating to HandleEditingInput
[2025-08-02 17:53:58] [DEBUG] Console not available, using Read-Host fallback
[2025-08-02 17:53:58] [DEBUG] Main loop: Key received, calling HandleInput
[2025-08-02 17:53:58] [DEBUG] HandleInput: Key pressed: Q (Char: 'q') EditingIndex: 4
[2025-08-02 17:53:58] [DEBUG] HandleInput: In editing mode, delegating to HandleEditingInput
[2025-08-02 17:53:59] [DEBUG] Console not available, using Read-Host fallback
[2025-08-02 17:53:59] [DEBUG] Main loop: Key received, calling HandleInput
[2025-08-02 17:53:59] [DEBUG] HandleInput: Key pressed: Q (Char: 'q') EditingIndex: 4
[2025-08-02 17:53:59] [DEBUG] HandleInput: In editing mode, delegating to HandleEditingInput
[2025-08-02 17:53:59] [DEBUG] Console not available, using Read-Host fallback
[2025-08-02 17:53:59] [DEBUG] Main loop: Key received, calling HandleInput
[2025-08-02 17:53:59] [DEBUG] HandleInput: Key pressed: Q (Char: 'q') EditingIndex: 4
[2025-08-02 17:53:59] [DEBUG] HandleInput: In editing mode, delegating to HandleEditingInput
[2025-08-02 17:53:59] [DEBUG] Console not available, using Read-Host fallback
[2025-08-02 17:53:59] [DEBUG] Main loop: Key received, calling HandleInput
[2025-08-02 17:53:59] [DEBUG] HandleInput: Key pressed: Q (Char: 'q') EditingIndex: 4
[2025-08-02 17:53:59] [DEBUG] HandleInput: In editing mode, delegating to HandleEditingInput
[2025-08-02 17:53:59] [DEBUG] Console not available, using Read-Host fallback
[2025-08-02 17:53:59] [DEBUG] Main loop: Key received, calling HandleInput
[2025-08-02 17:53:59] [DEBUG] HandleInput: Key pressed: Q (Char: 'q') EditingIndex: 4
[2025-08-02 17:53:59] [DEBUG] HandleInput: In editing mode, delegating to HandleEditingInput
[2025-08-02 17:53:59] [DEBUG] Console not available, using Read-Host fallback
[2025-08-02 17:53:59] [DEBUG] Main loop: Key received, calling HandleInput
[2025-08-02 17:53:59] [DEBUG] HandleInput: Key pressed: Q (Char: 'q') EditingIndex: 4
[2025-08-02 17:53:59] [DEBUG] HandleInput: In editing mode, delegating to HandleEditingInput
[2025-08-02 17:53:59] [DEBUG] Console not available, using Read-Host fallback
[2025-08-02 17:53:59] [DEBUG] Main loop: Key received, calling HandleInput
[2025-08-02 17:53:59] [DEBUG] HandleInput: Key pressed: Q (Char: 'q') EditingIndex: 4
[2025-08-02 17:53:59] [DEBUG] HandleInput: In editing mode, delegating to HandleEditingInput
[2025-08-02 17:53:59] [DEBUG] Console not available, using Read-Host fallback
[2025-08-02 17:53:59] [DEBUG] Main loop: Key received, calling HandleInput
[2025-08-02 17:53:59] [DEBUG] HandleInput: Key pressed: Q (Char: 'q') EditingIndex: 4
[2025-08-02 17:53:59] [DEBUG] HandleInput: In editing mode, delegating to HandleEditingInput
[2025-08-02 17:53:59] [DEBUG] Console not available, using Read-Host fallback
[2025-08-02 17:53:59] [DEBUG] Main loop: Key received, calling HandleInput
[2025-08-02 17:53:59] [DEBUG] HandleInput: Key pressed: Q (Char: 'q') EditingIndex: 4
[2025-08-02 17:53:59] [DEBUG] HandleInput: In editing mode, delegating to HandleEditingInput
[2025-08-02 17:53:59] [DEBUG] Console not available, using Read-Host fallback
[2025-08-02 17:53:59] [DEBUG] Main loop: Key received, calling HandleInput
[2025-08-02 17:53:59] [DEBUG] HandleInput: Key pressed: Q (Char: 'q') EditingIndex: 4
[2025-08-02 17:53:59] [DEBUG] HandleInput: In editing mode, delegating to HandleEditingInput
[2025-08-02 17:53:59] [DEBUG] Console not available, using Read-Host fallback
[2025-08-02 17:53:59] [DEBUG] Main loop: Key received, calling HandleInput
[2025-08-02 17:53:59] [DEBUG] HandleInput: Key pressed: Q (Char: 'q') EditingIndex: 4
[2025-08-02 17:53:59] [DEBUG] HandleInput: In editing mode, delegating to HandleEditingInput
[2025-08-02 17:53:59] [DEBUG] Console not available, using Read-Host fallback
[2025-08-02 17:53:59] [DEBUG] Main loop: Key received, calling HandleInput
[2025-08-02 17:53:59] [DEBUG] HandleInput: Key pressed: Q (Char: 'q') EditingIndex: 4
[2025-08-02 17:53:59] [DEBUG] HandleInput: In editing mode, delegating to HandleEditingInput
[2025-08-02 17:53:59] [DEBUG] Console not available, using Read-Host fallback
[2025-08-02 17:53:59] [DEBUG] Main loop: Key received, calling HandleInput
[2025-08-02 17:53:59] [DEBUG] HandleInput: Key pressed: Q (Char: 'q') EditingIndex: 4
[2025-08-02 17:53:59] [DEBUG] HandleInput: In editing mode, delegating to HandleEditingInput
[2025-08-02 17:53:59] [DEBUG] Console not available, using Read-Host fallback
[2025-08-02 17:53:59] [DEBUG] Main loop: Key received, calling HandleInput
[2025-08-02 17:53:59] [DEBUG] HandleInput: Key pressed: Q (Char: 'q') EditingIndex: 4
[2025-08-02 17:53:59] [DEBUG] HandleInput: In editing mode, delegating to HandleEditingInput
[2025-08-02 17:53:59] [DEBUG] Console not available, using Read-Host fallback
[2025-08-02 17:53:59] [DEBUG] Main loop: Key received, calling HandleInput
[2025-08-02 17:53:59] [DEBUG] HandleInput: Key pressed: Q (Char: 'q') EditingIndex: 4
[2025-08-02 17:53:59] [DEBUG] HandleInput: In editing mode, delegating to HandleEditingInput
[2025-08-02 17:53:59] [DEBUG] Console not available, using Read-Host fallback
[2025-08-02 17:53:59] [DEBUG] Main loop: Key received, calling HandleInput
[2025-08-02 17:53:59] [DEBUG] HandleInput: Key pressed: Q (Char: 'q') EditingIndex: 4
[2025-08-02 17:53:59] [DEBUG] HandleInput: In editing mode, delegating to HandleEditingInput
[2025-08-02 17:53:59] [DEBUG] Console not available, using Read-Host fallback
[2025-08-02 17:53:59] [DEBUG] Main loop: Key received, calling HandleInput
[2025-08-02 17:53:59] [DEBUG] HandleInput: Key pressed: Q (Char: 'q') EditingIndex: 4
[2025-08-02 17:53:59] [DEBUG] HandleInput: In editing mode, delegating to HandleEditingInput
[2025-08-02 17:53:59] [DEBUG] Console not available, using Read-Host fallback
[2025-08-02 17:53:59] [DEBUG] Main loop: Key received, calling HandleInput
[2025-08-02 17:53:59] [DEBUG] HandleInput: Key pressed: Q (Char: 'q') EditingIndex: 4
[2025-08-02 17:53:59] [DEBUG] HandleInput: In editing mode, delegating to HandleEditingInput
[2025-08-02 17:53:59] [DEBUG] Console not available, using Read-Host fallback
[2025-08-02 17:53:59] [DEBUG] Main loop: Key received, calling HandleInput
[2025-08-02 17:53:59] [DEBUG] HandleInput: Key pressed: Q (Char: 'q') EditingIndex: 4
[2025-08-02 17:53:59] [DEBUG] HandleInput: In editing mode, delegating to HandleEditingInput
[2025-08-02 17:53:59] [DEBUG] Console not available, using Read-Host fallback
[2025-08-02 17:53:59] [DEBUG] Main loop: Key received, calling HandleInput
[2025-08-02 17:53:59] [DEBUG] HandleInput: Key pressed: Q (Char: 'q') EditingIndex: 4
[2025-08-02 17:53:59] [DEBUG] HandleInput: In editing mode, delegating to HandleEditingInput
[2025-08-02 17:53:59] [DEBUG] Console not available, using Read-Host fallback
[2025-08-02 17:53:59] [DEBUG] Main loop: Key received, calling HandleInput
[2025-08-02 17:53:59] [DEBUG] HandleInput: Key pressed: Q (Char: 'q') EditingIndex: 4
[2025-08-02 17:53:59] [DEBUG] HandleInput: In editing mode, delegating to HandleEditingInput
[2025-08-02 17:53:59] [DEBUG] Console not available, using Read-Host fallback
[2025-08-02 17:53:59] [DEBUG] Main loop: Key received, calling HandleInput
[2025-08-02 17:53:59] [DEBUG] HandleInput: Key pressed: Q (Char: 'q') EditingIndex: 4
[2025-08-02 17:53:59] [DEBUG] HandleInput: In editing mode, delegating to HandleEditingInput
[2025-08-02 17:53:59] [DEBUG] Console not available, using Read-Host fallback
[2025-08-02 17:53:59] [DEBUG] Main loop: Key received, calling HandleInput
[2025-08-02 17:53:59] [DEBUG] HandleInput: Key pressed: Q (Char: 'q') EditingIndex: 4
[2025-08-02 17:53:59] [DEBUG] HandleInput: In editing mode, delegating to HandleEditingInput
[2025-08-02 17:53:59] [DEBUG] Console not available, using Read-Host fallback
[2025-08-02 17:53:59] [DEBUG] Main loop: Key received, calling HandleInput
[2025-08-02 17:53:59] [DEBUG] HandleInput: Key pressed: Q (Char: 'q') EditingIndex: 4
[2025-08-02 17:53:59] [DEBUG] HandleInput: In editing mode, delegating to HandleEditingInput
[2025-08-02 17:53:59] [DEBUG] Console not available, using Read-Host fallback
[2025-08-02 17:53:59] [DEBUG] Main loop: Key received, calling HandleInput
[2025-08-02 17:53:59] [DEBUG] HandleInput: Key pressed: Q (Char: 'q') EditingIndex: 4
[2025-08-02 17:53:59] [DEBUG] HandleInput: In editing mode, delegating to HandleEditingInput
[2025-08-02 17:53:59] [DEBUG] Console not available, using Read-Host fallback
[2025-08-02 17:53:59] [DEBUG] Main loop: Key received, calling HandleInput
[2025-08-02 17:53:59] [DEBUG] HandleInput: Key pressed: Q (Char: 'q') EditingIndex: 4
[2025-08-02 17:53:59] [DEBUG] HandleInput: In editing mode, delegating to HandleEditingInput
[2025-08-02 17:53:59] [DEBUG] Console not available, using Read-Host fallback
[2025-08-02 17:53:59] [DEBUG] Main loop: Key received, calling HandleInput
[2025-08-02 17:53:59] [DEBUG] HandleInput: Key pressed: Q (Char: 'q') EditingIndex: 4
[2025-08-02 17:53:59] [DEBUG] HandleInput: In editing mode, delegating to HandleEditingInput
[2025-08-02 17:54:00] [DEBUG] Console not available, using Read-Host fallback
[2025-08-02 17:54:00] [DEBUG] Main loop: Key received, calling HandleInput
[2025-08-02 17:54:00] [DEBUG] HandleInput: Key pressed: Q (Char: 'q') EditingIndex: 4
[2025-08-02 17:54:00] [DEBUG] HandleInput: In editing mode, delegating to HandleEditingInput
[2025-08-02 17:54:00] [DEBUG] Console not available, using Read-Host fallback
[2025-08-02 17:54:00] [DEBUG] Main loop: Key received, calling HandleInput
[2025-08-02 17:54:00] [DEBUG] HandleInput: Key pressed: Q (Char: 'q') EditingIndex: 4
[2025-08-02 17:54:00] [DEBUG] HandleInput: In editing mode, delegating to HandleEditingInput
[2025-08-02 17:54:00] [DEBUG] Console not available, using Read-Host fallback
[2025-08-02 17:54:00] [DEBUG] Main loop: Key received, calling HandleInput
[2025-08-02 17:54:00] [DEBUG] HandleInput: Key pressed: Q (Char: 'q') EditingIndex: 4
[2025-08-02 17:54:00] [DEBUG] HandleInput: In editing mode, delegating to HandleEditingInput
[2025-08-02 17:54:00] [DEBUG] Console not available, using Read-Host fallback
[2025-08-02 17:54:00] [DEBUG] Main loop: Key received, calling HandleInput
[2025-08-02 17:54:00] [DEBUG] HandleInput: Key pressed: Q (Char: 'q') EditingIndex: 4
[2025-08-02 17:54:00] [DEBUG] HandleInput: In editing mode, delegating to HandleEditingInput
[2025-08-02 17:54:00] [DEBUG] Console not available, using Read-Host fallback
[2025-08-02 17:54:00] [DEBUG] Main loop: Key received, calling HandleInput
[2025-08-02 17:54:00] [DEBUG] HandleInput: Key pressed: Q (Char: 'q') EditingIndex: 4
[2025-08-02 17:54:00] [DEBUG] HandleInput: In editing mode, delegating to HandleEditingInput
[2025-08-02 17:54:00] [DEBUG] Console not available, using Read-Host fallback
[2025-08-02 17:54:00] [DEBUG] Main loop: Key received, calling HandleInput
[2025-08-02 17:54:00] [DEBUG] HandleInput: Key pressed: Q (Char: 'q') EditingIndex: 4
[2025-08-02 17:54:00] [DEBUG] HandleInput: In editing mode, delegating to HandleEditingInput
[2025-08-02 17:54:00] [DEBUG] Console not available, using Read-Host fallback
[2025-08-02 17:54:00] [DEBUG] Main loop: Key received, calling HandleInput
[2025-08-02 17:54:00] [DEBUG] HandleInput: Key pressed: Q (Char: 'q') EditingIndex: 4
[2025-08-02 17:54:00] [DEBUG] HandleInput: In editing mode, delegating to HandleEditingInput
[2025-08-02 17:54:00] [DEBUG] Console not available, using Read-Host fallback
[2025-08-02 17:54:00] [DEBUG] Main loop: Key received, calling HandleInput
[2025-08-02 17:54:00] [DEBUG] HandleInput: Key pressed: Q (Char: 'q') EditingIndex: 4
[2025-08-02 17:54:00] [DEBUG] HandleInput: In editing mode, delegating to HandleEditingInput
[2025-08-02 17:54:00] [DEBUG] Console not available, using Read-Host fallback
[2025-08-02 17:54:00] [DEBUG] Main loop: Key received, calling HandleInput
[2025-08-02 17:54:00] [DEBUG] HandleInput: Key pressed: Q (Char: 'q') EditingIndex: 4
[2025-08-02 17:54:00] [DEBUG] HandleInput: In editing mode, delegating to HandleEditingInput
[2025-08-02 17:54:00] [DEBUG] Console not available, using Read-Host fallback
[2025-08-02 17:54:00] [DEBUG] Main loop: Key received, calling HandleInput
[2025-08-02 17:54:00] [DEBUG] HandleInput: Key pressed: Q (Char: 'q') EditingIndex: 4
[2025-08-02 17:54:00] [DEBUG] HandleInput: In editing mode, delegating to HandleEditingInput
[2025-08-02 17:54:00] [DEBUG] Console not available, using Read-Host fallback
[2025-08-02 17:54:00] [DEBUG] Main loop: Key received, calling HandleInput
[2025-08-02 17:54:00] [DEBUG] HandleInput: Key pressed: Q (Char: 'q') EditingIndex: 4
[2025-08-02 17:54:00] [DEBUG] HandleInput: In editing mode, delegating to HandleEditingInput
[2025-08-02 17:54:00] [DEBUG] Console not available, using Read-Host fallback
[2025-08-02 17:54:00] [DEBUG] Main loop: Key received, calling HandleInput
[2025-08-02 17:54:00] [DEBUG] HandleInput: Key pressed: Q (Char: 'q') EditingIndex: 4
[2025-08-02 17:54:00] [DEBUG] HandleInput: In editing mode, delegating to HandleEditingInput
[2025-08-02 17:54:00] [DEBUG] Console not available, using Read-Host fallback
[2025-08-02 17:54:00] [DEBUG] Main loop: Key received, calling HandleInput
[2025-08-02 17:54:00] [DEBUG] HandleInput: Key pressed: Q (Char: 'q') EditingIndex: 4
[2025-08-02 17:54:00] [DEBUG] HandleInput: In editing mode, delegating to HandleEditingInput
[2025-08-02 17:54:00] [DEBUG] Console not available, using Read-Host fallback
[2025-08-02 17:54:00] [DEBUG] Main loop: Key received, calling HandleInput
[2025-08-02 17:54:00] [DEBUG] HandleInput: Key pressed: Q (Char: 'q') EditingIndex: 4
[2025-08-02 17:54:00] [DEBUG] HandleInput: In editing mode, delegating to HandleEditingInput
[2025-08-02 17:54:00] [DEBUG] Console not available, using Read-Host fallback
[2025-08-02 17:54:00] [DEBUG] Main loop: Key received, calling HandleInput
[2025-08-02 17:54:00] [DEBUG] HandleInput: Key pressed: Q (Char: 'q') EditingIndex: 4
[2025-08-02 17:54:00] [DEBUG] HandleInput: In editing mode, delegating to HandleEditingInput
[2025-08-02 17:54:00] [DEBUG] Console not available, using Read-Host fallback
[2025-08-02 17:54:00] [DEBUG] Main loop: Key received, calling HandleInput
[2025-08-02 17:54:00] [DEBUG] HandleInput: Key pressed: Q (Char: 'q') EditingIndex: 4
[2025-08-02 17:54:00] [DEBUG] HandleInput: In editing mode, delegating to HandleEditingInput
[2025-08-02 17:54:00] [DEBUG] Console not available, using Read-Host fallback
[2025-08-02 17:54:00] [DEBUG] Main loop: Key received, calling HandleInput
[2025-08-02 17:54:00] [DEBUG] HandleInput: Key pressed: Q (Char: 'q') EditingIndex: 4
[2025-08-02 17:54:00] [DEBUG] HandleInput: In editing mode, delegating to HandleEditingInput
[2025-08-02 17:54:00] [DEBUG] Console not available, using Read-Host fallback
[2025-08-02 17:54:00] [DEBUG] Main loop: Key received, calling HandleInput
[2025-08-02 17:54:00] [DEBUG] HandleInput: Key pressed: Q (Char: 'q') EditingIndex: 4
[2025-08-02 17:54:00] [DEBUG] HandleInput: In editing mode, delegating to HandleEditingInput
[2025-08-02 17:54:00] [DEBUG] Console not available, using Read-Host fallback
[2025-08-02 17:54:00] [DEBUG] Main loop: Key received, calling HandleInput
[2025-08-02 17:54:00] [DEBUG] HandleInput: Key pressed: Q (Char: 'q') EditingIndex: 4
[2025-08-02 17:54:00] [DEBUG] HandleInput: In editing mode, delegating to HandleEditingInput
[2025-08-02 17:54:00] [DEBUG] Console not available, using Read-Host fallback
[2025-08-02 17:54:00] [DEBUG] Main loop: Key received, calling HandleInput
[2025-08-02 17:54:00] [DEBUG] HandleInput: Key pressed: Q (Char: 'q') EditingIndex: 4
[2025-08-02 17:54:00] [DEBUG] HandleInput: In editing mode, delegating to HandleEditingInput
[2025-08-02 17:54:00] [DEBUG] Console not available, using Read-Host fallback
[2025-08-02 17:54:00] [DEBUG] Main loop: Key received, calling HandleInput
[2025-08-02 17:54:00] [DEBUG] HandleInput: Key pressed: Q (Char: 'q') EditingIndex: 4
[2025-08-02 17:54:00] [DEBUG] HandleInput: In editing mode, delegating to HandleEditingInput
[2025-08-02 17:54:00] [DEBUG] Console not available, using Read-Host fallback
[2025-08-02 17:54:00] [DEBUG] Main loop: Key received, calling HandleInput
[2025-08-02 17:54:00] [DEBUG] HandleInput: Key pressed: Q (Char: 'q') EditingIndex: 4
[2025-08-02 17:54:00] [DEBUG] HandleInput: In editing mode, delegating to HandleEditingInput
[2025-08-02 17:54:00] [DEBUG] Console not available, using Read-Host fallback
[2025-08-02 17:54:00] [DEBUG] Main loop: Key received, calling HandleInput
[2025-08-02 17:54:00] [DEBUG] HandleInput: Key pressed: Q (Char: 'q') EditingIndex: 4
[2025-08-02 17:54:00] [DEBUG] HandleInput: In editing mode, delegating to HandleEditingInput
[2025-08-02 17:54:00] [DEBUG] Console not available, using Read-Host fallback
[2025-08-02 17:54:00] [DEBUG] Main loop: Key received, calling HandleInput
[2025-08-02 17:54:00] [DEBUG] HandleInput: Key pressed: Q (Char: 'q') EditingIndex: 4
[2025-08-02 17:54:00] [DEBUG] HandleInput: In editing mode, delegating to HandleEditingInput
[2025-08-02 17:54:00] [DEBUG] Console not available, using Read-Host fallback
[2025-08-02 17:54:00] [DEBUG] Main loop: Key received, calling HandleInput
[2025-08-02 17:54:00] [DEBUG] HandleInput: Key pressed: Q (Char: 'q') EditingIndex: 4
[2025-08-02 17:54:00] [DEBUG] HandleInput: In editing mode, delegating to HandleEditingInput
[2025-08-02 17:54:01] [DEBUG] Console not available, using Read-Host fallback
[2025-08-02 17:54:01] [DEBUG] Main loop: Key received, calling HandleInput
[2025-08-02 17:54:01] [DEBUG] HandleInput: Key pressed: Q (Char: 'q') EditingIndex: 4
[2025-08-02 17:54:01] [DEBUG] HandleInput: In editing mode, delegating to HandleEditingInput
[2025-08-02 17:54:01] [DEBUG] Console not available, using Read-Host fallback
[2025-08-02 17:54:01] [DEBUG] Main loop: Key received, calling HandleInput
[2025-08-02 17:54:01] [DEBUG] HandleInput: Key pressed: Q (Char: 'q') EditingIndex: 4
[2025-08-02 17:54:01] [DEBUG] HandleInput: In editing mode, delegating to HandleEditingInput
[2025-08-02 17:54:01] [DEBUG] Console not available, using Read-Host fallback
[2025-08-02 17:54:01] [DEBUG] Main loop: Key received, calling HandleInput
[2025-08-02 17:54:01] [DEBUG] HandleInput: Key pressed: Q (Char: 'q') EditingIndex: 4
[2025-08-02 17:54:01] [DEBUG] HandleInput: In editing mode, delegating to HandleEditingInput
[2025-08-02 17:54:01] [DEBUG] Console not available, using Read-Host fallback
[2025-08-02 17:54:01] [DEBUG] Main loop: Key received, calling HandleInput
[2025-08-02 17:54:01] [DEBUG] HandleInput: Key pressed: Q (Char: 'q') EditingIndex: 4
[2025-08-02 17:54:01] [DEBUG] HandleInput: In editing mode, delegating to HandleEditingInput
[2025-08-02 17:54:01] [DEBUG] Console not available, using Read-Host fallback
[2025-08-02 17:54:01] [DEBUG] Main loop: Key received, calling HandleInput
[2025-08-02 17:54:01] [DEBUG] HandleInput: Key pressed: Q (Char: 'q') EditingIndex: 4
[2025-08-02 17:54:01] [DEBUG] HandleInput: In editing mode, delegating to HandleEditingInput
[2025-08-02 17:54:01] [DEBUG] Console not available, using Read-Host fallback
[2025-08-02 17:54:01] [DEBUG] Main loop: Key received, calling HandleInput
[2025-08-02 17:54:01] [DEBUG] HandleInput: Key pressed: Q (Char: 'q') EditingIndex: 4
[2025-08-02 17:54:01] [DEBUG] HandleInput: In editing mode, delegating to HandleEditingInput
[2025-08-02 17:54:01] [DEBUG] Console not available, using Read-Host fallback
[2025-08-02 17:54:01] [DEBUG] Main loop: Key received, calling HandleInput
[2025-08-02 17:54:01] [DEBUG] HandleInput: Key pressed: Q (Char: 'q') EditingIndex: 4
[2025-08-02 17:54:01] [DEBUG] HandleInput: In editing mode, delegating to HandleEditingInput
[2025-08-02 17:54:01] [DEBUG] Console not available, using Read-Host fallback
[2025-08-02 17:54:01] [DEBUG] Main loop: Key received, calling HandleInput
[2025-08-02 17:54:01] [DEBUG] HandleInput: Key pressed: Q (Char: 'q') EditingIndex: 4
[2025-08-02 17:54:01] [DEBUG] HandleInput: In editing mode, delegating to HandleEditingInput
[2025-08-02 17:54:01] [DEBUG] Console not available, using Read-Host fallback
[2025-08-02 17:54:01] [DEBUG] Main loop: Key received, calling HandleInput
[2025-08-02 17:54:01] [DEBUG] HandleInput: Key pressed: Q (Char: 'q') EditingIndex: 4
[2025-08-02 17:54:01] [DEBUG] HandleInput: In editing mode, delegating to HandleEditingInput
[2025-08-02 17:54:01] [DEBUG] Console not available, using Read-Host fallback
[2025-08-02 17:54:01] [DEBUG] Main loop: Key received, calling HandleInput
[2025-08-02 17:54:01] [DEBUG] HandleInput: Key pressed: Q (Char: 'q') EditingIndex: 4
[2025-08-02 17:54:01] [DEBUG] HandleInput: In editing mode, delegating to HandleEditingInput
[2025-08-02 17:54:01] [DEBUG] Console not available, using Read-Host fallback
[2025-08-02 17:54:01] [DEBUG] Main loop: Key received, calling HandleInput
[2025-08-02 17:54:01] [DEBUG] HandleInput: Key pressed: Q (Char: 'q') EditingIndex: 4
[2025-08-02 17:54:01] [DEBUG] HandleInput: In editing mode, delegating to HandleEditingInput
[2025-08-02 17:54:01] [DEBUG] Console not available, using Read-Host fallback
[2025-08-02 17:54:01] [DEBUG] Main loop: Key received, calling HandleInput
[2025-08-02 17:54:01] [DEBUG] HandleInput: Key pressed: Q (Char: 'q') EditingIndex: 4
[2025-08-02 17:54:01] [DEBUG] HandleInput: In editing mode, delegating to HandleEditingInput
[2025-08-02 17:54:01] [DEBUG] Console not available, using Read-Host fallback
[2025-08-02 17:54:01] [DEBUG] Main loop: Key received, calling HandleInput
[2025-08-02 17:54:01] [DEBUG] HandleInput: Key pressed: Q (Char: 'q') EditingIndex: 4
[2025-08-02 17:54:01] [DEBUG] HandleInput: In editing mode, delegating to HandleEditingInput
[2025-08-02 17:54:01] [DEBUG] Console not available, using Read-Host fallback
[2025-08-02 17:54:01] [DEBUG] Main loop: Key received, calling HandleInput
[2025-08-02 17:54:01] [DEBUG] HandleInput: Key pressed: Q (Char: 'q') EditingIndex: 4
[2025-08-02 17:54:01] [DEBUG] HandleInput: In editing mode, delegating to HandleEditingInput
[2025-08-02 17:54:01] [DEBUG] Console not available, using Read-Host fallback
[2025-08-02 17:54:01] [DEBUG] Main loop: Key received, calling HandleInput
[2025-08-02 17:54:01] [DEBUG] HandleInput: Key pressed: Q (Char: 'q') EditingIndex: 4
[2025-08-02 17:54:01] [DEBUG] HandleInput: In editing mode, delegating to HandleEditingInput
[2025-08-02 17:54:01] [DEBUG] Console not available, using Read-Host fallback
[2025-08-02 17:54:01] [DEBUG] Main loop: Key received, calling HandleInput
[2025-08-02 17:54:01] [DEBUG] HandleInput: Key pressed: Q (Char: 'q') EditingIndex: 4
[2025-08-02 17:54:01] [DEBUG] HandleInput: In editing mode, delegating to HandleEditingInput
[2025-08-02 17:54:01] [DEBUG] Console not available, using Read-Host fallback
[2025-08-02 17:54:01] [DEBUG] Main loop: Key received, calling HandleInput
[2025-08-02 17:54:01] [DEBUG] HandleInput: Key pressed: Q (Char: 'q') EditingIndex: 4
[2025-08-02 17:54:01] [DEBUG] HandleInput: In editing mode, delegating to HandleEditingInput
[2025-08-02 17:54:01] [DEBUG] Console not available, using Read-Host fallback
[2025-08-02 17:54:01] [DEBUG] Main loop: Key received, calling HandleInput
[2025-08-02 17:54:01] [DEBUG] HandleInput: Key pressed: Q (Char: 'q') EditingIndex: 4
[2025-08-02 17:54:01] [DEBUG] HandleInput: In editing mode, delegating to HandleEditingInput
[2025-08-02 17:54:01] [DEBUG] Console not available, using Read-Host fallback
[2025-08-02 17:54:01] [DEBUG] Main loop: Key received, calling HandleInput
[2025-08-02 17:54:01] [DEBUG] HandleInput: Key pressed: Q (Char: 'q') EditingIndex: 4
[2025-08-02 17:54:01] [DEBUG] HandleInput: In editing mode, delegating to HandleEditingInput
[2025-08-02 17:54:01] [DEBUG] Console not available, using Read-Host fallback
[2025-08-02 17:54:01] [DEBUG] Main loop: Key received, calling HandleInput
[2025-08-02 17:54:01] [DEBUG] HandleInput: Key pressed: Q (Char: 'q') EditingIndex: 4
[2025-08-02 17:54:01] [DEBUG] HandleInput: In editing mode, delegating to HandleEditingInput
[2025-08-02 17:54:01] [DEBUG] Console not available, using Read-Host fallback
[2025-08-02 17:54:01] [DEBUG] Main loop: Key received, calling HandleInput
[2025-08-02 17:54:01] [DEBUG] HandleInput: Key pressed: Q (Char: 'q') EditingIndex: 4
[2025-08-02 17:54:01] [DEBUG] HandleInput: In editing mode, delegating to HandleEditingInput
[2025-08-02 17:54:01] [DEBUG] Console not available, using Read-Host fallback
[2025-08-02 17:54:01] [DEBUG] Main loop: Key received, calling HandleInput
[2025-08-02 17:54:01] [DEBUG] HandleInput: Key pressed: Q (Char: 'q') EditingIndex: 4
[2025-08-02 17:54:01] [DEBUG] HandleInput: In editing mode, delegating to HandleEditingInput
[2025-08-02 17:54:01] [DEBUG] Console not available, using Read-Host fallback
[2025-08-02 17:54:01] [DEBUG] Main loop: Key received, calling HandleInput
[2025-08-02 17:54:01] [DEBUG] HandleInput: Key pressed: Q (Char: 'q') EditingIndex: 4
[2025-08-02 17:54:01] [DEBUG] HandleInput: In editing mode, delegating to HandleEditingInput
[2025-08-02 17:54:02] [DEBUG] Console not available, using Read-Host fallback
[2025-08-02 17:54:02] [DEBUG] Main loop: Key received, calling HandleInput
[2025-08-02 17:54:02] [DEBUG] HandleInput: Key pressed: Q (Char: 'q') EditingIndex: 4
[2025-08-02 17:54:02] [DEBUG] HandleInput: In editing mode, delegating to HandleEditingInput
[2025-08-02 17:54:02] [DEBUG] Console not available, using Read-Host fallback
[2025-08-02 17:54:02] [DEBUG] Main loop: Key received, calling HandleInput
[2025-08-02 17:54:02] [DEBUG] HandleInput: Key pressed: Q (Char: 'q') EditingIndex: 4
[2025-08-02 17:54:02] [DEBUG] HandleInput: In editing mode, delegating to HandleEditingInput
[2025-08-02 17:54:02] [DEBUG] Console not available, using Read-Host fallback
[2025-08-02 17:54:02] [DEBUG] Main loop: Key received, calling HandleInput
[2025-08-02 17:54:02] [DEBUG] HandleInput: Key pressed: Q (Char: 'q') EditingIndex: 4
[2025-08-02 17:54:02] [DEBUG] HandleInput: In editing mode, delegating to HandleEditingInput
[2025-08-02 17:54:02] [DEBUG] Console not available, using Read-Host fallback
[2025-08-02 17:54:02] [DEBUG] Main loop: Key received, calling HandleInput
[2025-08-02 17:54:02] [DEBUG] HandleInput: Key pressed: Q (Char: 'q') EditingIndex: 4
[2025-08-02 17:54:02] [DEBUG] HandleInput: In editing mode, delegating to HandleEditingInput
[2025-08-02 17:54:02] [DEBUG] Console not available, using Read-Host fallback
[2025-08-02 17:54:02] [DEBUG] Main loop: Key received, calling HandleInput
[2025-08-02 17:54:02] [DEBUG] HandleInput: Key pressed: Q (Char: 'q') EditingIndex: 4
[2025-08-02 17:54:02] [DEBUG] HandleInput: In editing mode, delegating to HandleEditingInput
[2025-08-02 17:54:02] [DEBUG] Console not available, using Read-Host fallback
[2025-08-02 17:54:02] [DEBUG] Main loop: Key received, calling HandleInput
[2025-08-02 17:54:02] [DEBUG] HandleInput: Key pressed: Q (Char: 'q') EditingIndex: 4
[2025-08-02 17:54:02] [DEBUG] HandleInput: In editing mode, delegating to HandleEditingInput
[2025-08-02 17:54:02] [DEBUG] Console not available, using Read-Host fallback
[2025-08-02 17:54:02] [DEBUG] Main loop: Key received, calling HandleInput
[2025-08-02 17:54:02] [DEBUG] HandleInput: Key pressed: Q (Char: 'q') EditingIndex: 4
[2025-08-02 17:54:02] [DEBUG] HandleInput: In editing mode, delegating to HandleEditingInput
[2025-08-02 17:54:02] [DEBUG] Console not available, using Read-Host fallback
[2025-08-02 17:54:02] [DEBUG] Main loop: Key received, calling HandleInput
[2025-08-02 17:54:02] [DEBUG] HandleInput: Key pressed: Q (Char: 'q') EditingIndex: 4
[2025-08-02 17:54:02] [DEBUG] HandleInput: In editing mode, delegating to HandleEditingInput
[2025-08-02 17:54:02] [DEBUG] Console not available, using Read-Host fallback
[2025-08-02 17:54:02] [DEBUG] Main loop: Key received, calling HandleInput
[2025-08-02 17:54:02] [DEBUG] HandleInput: Key pressed: Q (Char: 'q') EditingIndex: 4
[2025-08-02 17:54:02] [DEBUG] HandleInput: In editing mode, delegating to HandleEditingInput
[2025-08-02 17:54:02] [DEBUG] Console not available, using Read-Host fallback
[2025-08-02 17:54:02] [DEBUG] Main loop: Key received, calling HandleInput
[2025-08-02 17:54:02] [DEBUG] HandleInput: Key pressed: Q (Char: 'q') EditingIndex: 4
[2025-08-02 17:54:02] [DEBUG] HandleInput: In editing mode, delegating to HandleEditingInput
[2025-08-02 17:54:02] [DEBUG] Console not available, using Read-Host fallback
[2025-08-02 17:54:02] [DEBUG] Main loop: Key received, calling HandleInput
[2025-08-02 17:54:02] [DEBUG] HandleInput: Key pressed: Q (Char: 'q') EditingIndex: 4
[2025-08-02 17:54:02] [DEBUG] HandleInput: In editing mode, delegating to HandleEditingInput
[2025-08-02 17:54:02] [DEBUG] Console not available, using Read-Host fallback
[2025-08-02 17:54:02] [DEBUG] Main loop: Key received, calling HandleInput
[2025-08-02 17:54:02] [DEBUG] HandleInput: Key pressed: Q (Char: 'q') EditingIndex: 4
[2025-08-02 17:54:02] [DEBUG] HandleInput: In editing mode, delegating to HandleEditingInput
[2025-08-02 17:54:02] [DEBUG] Console not available, using Read-Host fallback
[2025-08-02 17:54:02] [DEBUG] Main loop: Key received, calling HandleInput
[2025-08-02 17:54:02] [DEBUG] HandleInput: Key pressed: Q (Char: 'q') EditingIndex: 4
[2025-08-02 17:54:02] [DEBUG] HandleInput: In editing mode, delegating to HandleEditingInput
[2025-08-02 17:54:02] [DEBUG] Console not available, using Read-Host fallback
[2025-08-02 17:54:02] [DEBUG] Main loop: Key received, calling HandleInput
[2025-08-02 17:54:02] [DEBUG] HandleInput: Key pressed: Q (Char: 'q') EditingIndex: 4
[2025-08-02 17:54:02] [DEBUG] HandleInput: In editing mode, delegating to HandleEditingInput
[2025-08-02 17:54:02] [DEBUG] Console not available, using Read-Host fallback
[2025-08-02 17:54:02] [DEBUG] Main loop: Key received, calling HandleInput
[2025-08-02 17:54:02] [DEBUG] HandleInput: Key pressed: Q (Char: 'q') EditingIndex: 4
[2025-08-02 17:54:02] [DEBUG] HandleInput: In editing mode, delegating to HandleEditingInput
[2025-08-02 17:54:02] [DEBUG] Console not available, using Read-Host fallback
[2025-08-02 17:54:02] [DEBUG] Main loop: Key received, calling HandleInput
[2025-08-02 17:54:02] [DEBUG] HandleInput: Key pressed: Q (Char: 'q') EditingIndex: 4
[2025-08-02 17:54:02] [DEBUG] HandleInput: In editing mode, delegating to HandleEditingInput
[2025-08-02 17:54:02] [DEBUG] Console not available, using Read-Host fallback
[2025-08-02 17:54:02] [DEBUG] Main loop: Key received, calling HandleInput
[2025-08-02 17:54:02] [DEBUG] HandleInput: Key pressed: Q (Char: 'q') EditingIndex: 4
[2025-08-02 17:54:02] [DEBUG] HandleInput: In editing mode, delegating to HandleEditingInput
[2025-08-02 17:54:02] [DEBUG] Console not available, using Read-Host fallback
[2025-08-02 17:54:02] [DEBUG] Main loop: Key received, calling HandleInput
[2025-08-02 17:54:02] [DEBUG] HandleInput: Key pressed: Q (Char: 'q') EditingIndex: 4
[2025-08-02 17:54:02] [DEBUG] HandleInput: In editing mode, delegating to HandleEditingInput
[2025-08-02 17:54:02] [DEBUG] Console not available, using Read-Host fallback
[2025-08-02 17:54:02] [DEBUG] Main loop: Key received, calling HandleInput
[2025-08-02 17:54:02] [DEBUG] HandleInput: Key pressed: Q (Char: 'q') EditingIndex: 4
[2025-08-02 17:54:02] [DEBUG] HandleInput: In editing mode, delegating to HandleEditingInput
[2025-08-02 17:54:02] [DEBUG] Console not available, using Read-Host fallback
[2025-08-02 17:54:02] [DEBUG] Main loop: Key received, calling HandleInput
[2025-08-02 17:54:02] [DEBUG] HandleInput: Key pressed: Q (Char: 'q') EditingIndex: 4
[2025-08-02 17:54:02] [DEBUG] HandleInput: In editing mode, delegating to HandleEditingInput
[2025-08-02 17:54:02] [DEBUG] Console not available, using Read-Host fallback
[2025-08-02 17:54:02] [DEBUG] Main loop: Key received, calling HandleInput
[2025-08-02 17:54:02] [DEBUG] HandleInput: Key pressed: Q (Char: 'q') EditingIndex: 4
[2025-08-02 17:54:02] [DEBUG] HandleInput: In editing mode, delegating to HandleEditingInput
[2025-08-02 17:54:02] [DEBUG] Console not available, using Read-Host fallback
[2025-08-02 17:54:02] [DEBUG] Main loop: Key received, calling HandleInput
[2025-08-02 17:54:02] [DEBUG] HandleInput: Key pressed: Q (Char: 'q') EditingIndex: 4
[2025-08-02 17:54:02] [DEBUG] HandleInput: In editing mode, delegating to HandleEditingInput
[2025-08-02 17:54:02] [DEBUG] Console not available, using Read-Host fallback
[2025-08-02 17:54:02] [DEBUG] Main loop: Key received, calling HandleInput
[2025-08-02 17:54:02] [DEBUG] HandleInput: Key pressed: Q (Char: 'q') EditingIndex: 4
[2025-08-02 17:54:02] [DEBUG] HandleInput: In editing mode, delegating to HandleEditingInput
[2025-08-02 17:54:02] [DEBUG] Console not available, using Read-Host fallback
[2025-08-02 17:54:02] [DEBUG] Main loop: Key received, calling HandleInput
[2025-08-02 17:54:02] [DEBUG] HandleInput: Key pressed: Q (Char: 'q') EditingIndex: 4
[2025-08-02 17:54:02] [DEBUG] HandleInput: In editing mode, delegating to HandleEditingInput
[2025-08-02 17:54:03] [DEBUG] Console not available, using Read-Host fallback
[2025-08-02 17:54:03] [DEBUG] Main loop: Key received, calling HandleInput
[2025-08-02 17:54:03] [DEBUG] HandleInput: Key pressed: Q (Char: 'q') EditingIndex: 4
[2025-08-02 17:54:03] [DEBUG] HandleInput: In editing mode, delegating to HandleEditingInput
[2025-08-02 17:54:03] [DEBUG] Console not available, using Read-Host fallback
[2025-08-02 17:54:03] [DEBUG] Main loop: Key received, calling HandleInput
[2025-08-02 17:54:03] [DEBUG] HandleInput: Key pressed: Q (Char: 'q') EditingIndex: 4
[2025-08-02 17:54:03] [DEBUG] HandleInput: In editing mode, delegating to HandleEditingInput
[2025-08-02 17:54:03] [DEBUG] Console not available, using Read-Host fallback
[2025-08-02 17:54:03] [DEBUG] Main loop: Key received, calling HandleInput
[2025-08-02 17:54:03] [DEBUG] HandleInput: Key pressed: Q (Char: 'q') EditingIndex: 4
[2025-08-02 17:54:03] [DEBUG] HandleInput: In editing mode, delegating to HandleEditingInput
[2025-08-02 17:54:03] [DEBUG] Console not available, using Read-Host fallback
[2025-08-02 17:54:03] [DEBUG] Main loop: Key received, calling HandleInput
[2025-08-02 17:54:03] [DEBUG] HandleInput: Key pressed: Q (Char: 'q') EditingIndex: 4
[2025-08-02 17:54:03] [DEBUG] HandleInput: In editing mode, delegating to HandleEditingInput
[2025-08-02 17:54:03] [DEBUG] Console not available, using Read-Host fallback
[2025-08-02 17:54:03] [DEBUG] Main loop: Key received, calling HandleInput
[2025-08-02 17:54:03] [DEBUG] HandleInput: Key pressed: Q (Char: 'q') EditingIndex: 4
[2025-08-02 17:54:03] [DEBUG] HandleInput: In editing mode, delegating to HandleEditingInput
[2025-08-02 17:54:03] [DEBUG] Console not available, using Read-Host fallback
[2025-08-02 17:54:03] [DEBUG] Main loop: Key received, calling HandleInput
[2025-08-02 17:54:03] [DEBUG] HandleInput: Key pressed: Q (Char: 'q') EditingIndex: 4
[2025-08-02 17:54:03] [DEBUG] HandleInput: In editing mode, delegating to HandleEditingInput
[2025-08-02 17:54:03] [DEBUG] Console not available, using Read-Host fallback
[2025-08-02 17:54:03] [DEBUG] Main loop: Key received, calling HandleInput
[2025-08-02 17:54:03] [DEBUG] HandleInput: Key pressed: Q (Char: 'q') EditingIndex: 4
[2025-08-02 17:54:03] [DEBUG] HandleInput: In editing mode, delegating to HandleEditingInput
[2025-08-02 17:54:03] [DEBUG] Console not available, using Read-Host fallback
[2025-08-02 17:54:03] [DEBUG] Main loop: Key received, calling HandleInput
[2025-08-02 17:54:03] [DEBUG] HandleInput: Key pressed: Q (Char: 'q') EditingIndex: 4
[2025-08-02 17:54:03] [DEBUG] HandleInput: In editing mode, delegating to HandleEditingInput
[2025-08-02 17:54:03] [DEBUG] Console not available, using Read-Host fallback
[2025-08-02 17:54:03] [DEBUG] Main loop: Key received, calling HandleInput
[2025-08-02 17:54:03] [DEBUG] HandleInput: Key pressed: Q (Char: 'q') EditingIndex: 4
[2025-08-02 17:54:03] [DEBUG] HandleInput: In editing mode, delegating to HandleEditingInput
[2025-08-02 17:54:03] [DEBUG] Console not available, using Read-Host fallback
[2025-08-02 17:54:03] [DEBUG] Main loop: Key received, calling HandleInput
[2025-08-02 17:54:03] [DEBUG] HandleInput: Key pressed: Q (Char: 'q') EditingIndex: 4
[2025-08-02 17:54:03] [DEBUG] HandleInput: In editing mode, delegating to HandleEditingInput
[2025-08-02 17:54:03] [DEBUG] Console not available, using Read-Host fallback
[2025-08-02 17:54:03] [DEBUG] Main loop: Key received, calling HandleInput
[2025-08-02 17:54:03] [DEBUG] HandleInput: Key pressed: Q (Char: 'q') EditingIndex: 4
[2025-08-02 17:54:03] [DEBUG] HandleInput: In editing mode, delegating to HandleEditingInput
[2025-08-02 17:54:03] [DEBUG] Console not available, using Read-Host fallback
[2025-08-02 17:54:03] [DEBUG] Main loop: Key received, calling HandleInput
[2025-08-02 17:54:03] [DEBUG] HandleInput: Key pressed: Q (Char: 'q') EditingIndex: 4
[2025-08-02 17:54:03] [DEBUG] HandleInput: In editing mode, delegating to HandleEditingInput
[2025-08-02 17:54:03] [DEBUG] Console not available, using Read-Host fallback
[2025-08-02 17:54:03] [DEBUG] Main loop: Key received, calling HandleInput
[2025-08-02 17:54:03] [DEBUG] HandleInput: Key pressed: Q (Char: 'q') EditingIndex: 4
[2025-08-02 17:54:03] [DEBUG] HandleInput: In editing mode, delegating to HandleEditingInput
[2025-08-02 17:54:03] [DEBUG] Console not available, using Read-Host fallback
[2025-08-02 17:54:03] [DEBUG] Main loop: Key received, calling HandleInput
[2025-08-02 17:54:03] [DEBUG] HandleInput: Key pressed: Q (Char: 'q') EditingIndex: 4
[2025-08-02 17:54:03] [DEBUG] HandleInput: In editing mode, delegating to HandleEditingInput
[2025-08-02 17:54:03] [DEBUG] Console not available, using Read-Host fallback
[2025-08-02 17:54:03] [DEBUG] Main loop: Key received, calling HandleInput
[2025-08-02 17:54:03] [DEBUG] HandleInput: Key pressed: Q (Char: 'q') EditingIndex: 4
[2025-08-02 17:54:03] [DEBUG] HandleInput: In editing mode, delegating to HandleEditingInput
[2025-08-02 17:54:03] [DEBUG] Console not available, using Read-Host fallback
[2025-08-02 17:54:03] [DEBUG] Main loop: Key received, calling HandleInput
[2025-08-02 17:54:03] [DEBUG] HandleInput: Key pressed: Q (Char: 'q') EditingIndex: 4
[2025-08-02 17:54:03] [DEBUG] HandleInput: In editing mode, delegating to HandleEditingInput
[2025-08-02 17:54:04] [DEBUG] Console not available, using Read-Host fallback
[2025-08-02 17:54:04] [DEBUG] Main loop: Key received, calling HandleInput
[2025-08-02 17:54:04] [DEBUG] HandleInput: Key pressed: Q (Char: 'q') EditingIndex: 4
[2025-08-02 17:54:04] [DEBUG] HandleInput: In editing mode, delegating to HandleEditingInput
[2025-08-02 17:54:04] [DEBUG] Console not available, using Read-Host fallback
[2025-08-02 17:54:04] [DEBUG] Main loop: Key received, calling HandleInput
[2025-08-02 17:54:04] [DEBUG] HandleInput: Key pressed: Q (Char: 'q') EditingIndex: 4
[2025-08-02 17:54:04] [DEBUG] HandleInput: In editing mode, delegating to HandleEditingInput
[2025-08-02 17:54:04] [DEBUG] Console not available, using Read-Host fallback
[2025-08-02 17:54:04] [DEBUG] Main loop: Key received, calling HandleInput
[2025-08-02 17:54:04] [DEBUG] HandleInput: Key pressed: Q (Char: 'q') EditingIndex: 4
[2025-08-02 17:54:04] [DEBUG] HandleInput: In editing mode, delegating to HandleEditingInput
[2025-08-02 17:54:04] [DEBUG] Console not available, using Read-Host fallback
[2025-08-02 17:54:04] [DEBUG] Main loop: Key received, calling HandleInput
[2025-08-02 17:54:04] [DEBUG] HandleInput: Key pressed: Q (Char: 'q') EditingIndex: 4
[2025-08-02 17:54:04] [DEBUG] HandleInput: In editing mode, delegating to HandleEditingInput
[2025-08-02 17:54:04] [DEBUG] Console not available, using Read-Host fallback
[2025-08-02 17:54:04] [DEBUG] Main loop: Key received, calling HandleInput
[2025-08-02 17:54:04] [DEBUG] HandleInput: Key pressed: Q (Char: 'q') EditingIndex: 4
[2025-08-02 17:54:04] [DEBUG] HandleInput: In editing mode, delegating to HandleEditingInput
[2025-08-02 17:54:04] [DEBUG] Console not available, using Read-Host fallback
[2025-08-02 17:54:04] [DEBUG] Main loop: Key received, calling HandleInput
[2025-08-02 17:54:04] [DEBUG] HandleInput: Key pressed: Q (Char: 'q') EditingIndex: 4
[2025-08-02 17:54:04] [DEBUG] HandleInput: In editing mode, delegating to HandleEditingInput
[2025-08-02 17:54:04] [DEBUG] Console not available, using Read-Host fallback
[2025-08-02 17:54:04] [DEBUG] Main loop: Key received, calling HandleInput
[2025-08-02 17:54:04] [DEBUG] HandleInput: Key pressed: Q (Char: 'q') EditingIndex: 4
[2025-08-02 17:54:04] [DEBUG] HandleInput: In editing mode, delegating to HandleEditingInput
[2025-08-02 17:54:04] [DEBUG] Console not available, using Read-Host fallback
[2025-08-02 17:54:04] [DEBUG] Main loop: Key received, calling HandleInput
[2025-08-02 17:54:04] [DEBUG] HandleInput: Key pressed: Q (Char: 'q') EditingIndex: 4
[2025-08-02 17:54:04] [DEBUG] HandleInput: In editing mode, delegating to HandleEditingInput
[2025-08-02 17:54:04] [DEBUG] Console not available, using Read-Host fallback
[2025-08-02 17:54:04] [DEBUG] Main loop: Key received, calling HandleInput
[2025-08-02 17:54:04] [DEBUG] HandleInput: Key pressed: Q (Char: 'q') EditingIndex: 4
[2025-08-02 17:54:04] [DEBUG] HandleInput: In editing mode, delegating to HandleEditingInput
[2025-08-02 17:54:04] [DEBUG] Console not available, using Read-Host fallback
[2025-08-02 17:54:04] [DEBUG] Main loop: Key received, calling HandleInput
[2025-08-02 17:54:04] [DEBUG] HandleInput: Key pressed: Q (Char: 'q') EditingIndex: 4
[2025-08-02 17:54:04] [DEBUG] HandleInput: In editing mode, delegating to HandleEditingInput
[2025-08-02 17:54:04] [DEBUG] Console not available, using Read-Host fallback
[2025-08-02 17:54:04] [DEBUG] Main loop: Key received, calling HandleInput
[2025-08-02 17:54:04] [DEBUG] HandleInput: Key pressed: Q (Char: 'q') EditingIndex: 4
[2025-08-02 17:54:04] [DEBUG] HandleInput: In editing mode, delegating to HandleEditingInput
[2025-08-02 17:54:04] [DEBUG] Console not available, using Read-Host fallback
[2025-08-02 17:54:04] [DEBUG] Main loop: Key received, calling HandleInput
[2025-08-02 17:54:04] [DEBUG] HandleInput: Key pressed: Q (Char: 'q') EditingIndex: 4
[2025-08-02 17:54:04] [DEBUG] HandleInput: In editing mode, delegating to HandleEditingInput
[2025-08-02 17:54:04] [DEBUG] Console not available, using Read-Host fallback
[2025-08-02 17:54:04] [DEBUG] Main loop: Key received, calling HandleInput
[2025-08-02 17:54:04] [DEBUG] HandleInput: Key pressed: Q (Char: 'q') EditingIndex: 4
[2025-08-02 17:54:04] [DEBUG] HandleInput: In editing mode, delegating to HandleEditingInput
[2025-08-02 17:54:04] [DEBUG] Console not available, using Read-Host fallback
[2025-08-02 17:54:04] [DEBUG] Main loop: Key received, calling HandleInput
[2025-08-02 17:54:04] [DEBUG] HandleInput: Key pressed: Q (Char: 'q') EditingIndex: 4
[2025-08-02 17:54:04] [DEBUG] HandleInput: In editing mode, delegating to HandleEditingInput
[2025-08-02 17:54:04] [DEBUG] Console not available, using Read-Host fallback
[2025-08-02 17:54:04] [DEBUG] Main loop: Key received, calling HandleInput
[2025-08-02 17:54:04] [DEBUG] HandleInput: Key pressed: Q (Char: 'q') EditingIndex: 4
[2025-08-02 17:54:04] [DEBUG] HandleInput: In editing mode, delegating to HandleEditingInput
[2025-08-02 17:54:04] [DEBUG] Console not available, using Read-Host fallback
[2025-08-02 17:54:04] [DEBUG] Main loop: Key received, calling HandleInput
[2025-08-02 17:54:04] [DEBUG] HandleInput: Key pressed: Q (Char: 'q') EditingIndex: 4
[2025-08-02 17:54:04] [DEBUG] HandleInput: In editing mode, delegating to HandleEditingInput
[2025-08-02 17:54:04] [DEBUG] Console not available, using Read-Host fallback
[2025-08-02 17:54:04] [DEBUG] Main loop: Key received, calling HandleInput
[2025-08-02 17:54:04] [DEBUG] HandleInput: Key pressed: Q (Char: 'q') EditingIndex: 4
[2025-08-02 17:54:04] [DEBUG] HandleInput: In editing mode, delegating to HandleEditingInput
[2025-08-02 17:54:04] [DEBUG] Console not available, using Read-Host fallback
[2025-08-02 17:54:04] [DEBUG] Main loop: Key received, calling HandleInput
[2025-08-02 17:54:04] [DEBUG] HandleInput: Key pressed: Q (Char: 'q') EditingIndex: 4
[2025-08-02 17:54:04] [DEBUG] HandleInput: In editing mode, delegating to HandleEditingInput
[2025-08-02 17:54:04] [DEBUG] Console not available, using Read-Host fallback
[2025-08-02 17:54:04] [DEBUG] Main loop: Key received, calling HandleInput
[2025-08-02 17:54:04] [DEBUG] HandleInput: Key pressed: Q (Char: 'q') EditingIndex: 4
[2025-08-02 17:54:04] [DEBUG] HandleInput: In editing mode, delegating to HandleEditingInput
[2025-08-02 17:54:04] [DEBUG] Console not available, using Read-Host fallback
[2025-08-02 17:54:04] [DEBUG] Main loop: Key received, calling HandleInput
[2025-08-02 17:54:04] [DEBUG] HandleInput: Key pressed: Q (Char: 'q') EditingIndex: 4
[2025-08-02 17:54:04] [DEBUG] HandleInput: In editing mode, delegating to HandleEditingInput
[2025-08-02 17:54:04] [DEBUG] Console not available, using Read-Host fallback
[2025-08-02 17:54:04] [DEBUG] Main loop: Key received, calling HandleInput
[2025-08-02 17:54:04] [DEBUG] HandleInput: Key pressed: Q (Char: 'q') EditingIndex: 4
[2025-08-02 17:54:04] [DEBUG] HandleInput: In editing mode, delegating to HandleEditingInput
[2025-08-02 17:54:04] [DEBUG] Console not available, using Read-Host fallback
[2025-08-02 17:54:04] [DEBUG] Main loop: Key received, calling HandleInput
[2025-08-02 17:54:04] [DEBUG] HandleInput: Key pressed: Q (Char: 'q') EditingIndex: 4
[2025-08-02 17:54:04] [DEBUG] HandleInput: In editing mode, delegating to HandleEditingInput
[2025-08-02 17:54:04] [DEBUG] Console not available, using Read-Host fallback
[2025-08-02 17:54:04] [DEBUG] Main loop: Key received, calling HandleInput
[2025-08-02 17:54:04] [DEBUG] HandleInput: Key pressed: Q (Char: 'q') EditingIndex: 4
[2025-08-02 17:54:04] [DEBUG] HandleInput: In editing mode, delegating to HandleEditingInput
[2025-08-02 17:54:04] [DEBUG] Console not available, using Read-Host fallback
[2025-08-02 17:54:04] [DEBUG] Main loop: Key received, calling HandleInput
[2025-08-02 17:54:04] [DEBUG] HandleInput: Key pressed: Q (Char: 'q') EditingIndex: 4
[2025-08-02 17:54:04] [DEBUG] HandleInput: In editing mode, delegating to HandleEditingInput
[2025-08-02 17:54:05] [DEBUG] Console not available, using Read-Host fallback
[2025-08-02 17:54:05] [DEBUG] Main loop: Key received, calling HandleInput
[2025-08-02 17:54:05] [DEBUG] HandleInput: Key pressed: Q (Char: 'q') EditingIndex: 4
[2025-08-02 17:54:05] [DEBUG] HandleInput: In editing mode, delegating to HandleEditingInput
[2025-08-02 17:54:05] [DEBUG] Console not available, using Read-Host fallback
[2025-08-02 17:54:05] [DEBUG] Main loop: Key received, calling HandleInput
[2025-08-02 17:54:05] [DEBUG] HandleInput: Key pressed: Q (Char: 'q') EditingIndex: 4
[2025-08-02 17:54:05] [DEBUG] HandleInput: In editing mode, delegating to HandleEditingInput
[2025-08-02 17:54:05] [DEBUG] Console not available, using Read-Host fallback
[2025-08-02 17:54:05] [DEBUG] Main loop: Key received, calling HandleInput
[2025-08-02 17:54:05] [DEBUG] HandleInput: Key pressed: Q (Char: 'q') EditingIndex: 4
[2025-08-02 17:54:05] [DEBUG] HandleInput: In editing mode, delegating to HandleEditingInput
[2025-08-02 17:54:05] [DEBUG] Console not available, using Read-Host fallback
[2025-08-02 17:54:05] [DEBUG] Main loop: Key received, calling HandleInput
[2025-08-02 17:54:05] [DEBUG] HandleInput: Key pressed: Q (Char: 'q') EditingIndex: 4
[2025-08-02 17:54:05] [DEBUG] HandleInput: In editing mode, delegating to HandleEditingInput
[2025-08-02 17:54:05] [DEBUG] Console not available, using Read-Host fallback
[2025-08-02 17:54:05] [DEBUG] Main loop: Key received, calling HandleInput
[2025-08-02 17:54:05] [DEBUG] HandleInput: Key pressed: Q (Char: 'q') EditingIndex: 4
[2025-08-02 17:54:05] [DEBUG] HandleInput: In editing mode, delegating to HandleEditingInput
[2025-08-02 17:54:05] [DEBUG] Console not available, using Read-Host fallback
[2025-08-02 17:54:05] [DEBUG] Main loop: Key received, calling HandleInput
[2025-08-02 17:54:05] [DEBUG] HandleInput: Key pressed: Q (Char: 'q') EditingIndex: 4
[2025-08-02 17:54:05] [DEBUG] HandleInput: In editing mode, delegating to HandleEditingInput
[2025-08-02 17:54:05] [DEBUG] Console not available, using Read-Host fallback
[2025-08-02 17:54:05] [DEBUG] Main loop: Key received, calling HandleInput
[2025-08-02 17:54:05] [DEBUG] HandleInput: Key pressed: Q (Char: 'q') EditingIndex: 4
[2025-08-02 17:54:05] [DEBUG] HandleInput: In editing mode, delegating to HandleEditingInput
[2025-08-02 17:54:05] [DEBUG] Console not available, using Read-Host fallback
[2025-08-02 17:54:05] [DEBUG] Main loop: Key received, calling HandleInput
[2025-08-02 17:54:05] [DEBUG] HandleInput: Key pressed: Q (Char: 'q') EditingIndex: 4
[2025-08-02 17:54:05] [DEBUG] HandleInput: In editing mode, delegating to HandleEditingInput
[2025-08-02 17:54:05] [DEBUG] Console not available, using Read-Host fallback
[2025-08-02 17:54:05] [DEBUG] Main loop: Key received, calling HandleInput
[2025-08-02 17:54:05] [DEBUG] HandleInput: Key pressed: Q (Char: 'q') EditingIndex: 4
[2025-08-02 17:54:05] [DEBUG] HandleInput: In editing mode, delegating to HandleEditingInput
[2025-08-02 17:54:05] [DEBUG] Console not available, using Read-Host fallback
[2025-08-02 17:54:05] [DEBUG] Main loop: Key received, calling HandleInput
[2025-08-02 17:54:05] [DEBUG] HandleInput: Key pressed: Q (Char: 'q') EditingIndex: 4
[2025-08-02 17:54:05] [DEBUG] HandleInput: In editing mode, delegating to HandleEditingInput
[2025-08-02 17:54:05] [DEBUG] Console not available, using Read-Host fallback
[2025-08-02 17:54:05] [DEBUG] Main loop: Key received, calling HandleInput
[2025-08-02 17:54:05] [DEBUG] HandleInput: Key pressed: Q (Char: 'q') EditingIndex: 4
[2025-08-02 17:54:05] [DEBUG] HandleInput: In editing mode, delegating to HandleEditingInput
[2025-08-02 17:54:05] [DEBUG] Console not available, using Read-Host fallback
[2025-08-02 17:54:05] [DEBUG] Main loop: Key received, calling HandleInput
[2025-08-02 17:54:05] [DEBUG] HandleInput: Key pressed: Q (Char: 'q') EditingIndex: 4
[2025-08-02 17:54:05] [DEBUG] HandleInput: In editing mode, delegating to HandleEditingInput
[2025-08-02 17:54:05] [DEBUG] Console not available, using Read-Host fallback
[2025-08-02 17:54:05] [DEBUG] Main loop: Key received, calling HandleInput
[2025-08-02 17:54:05] [DEBUG] HandleInput: Key pressed: Q (Char: 'q') EditingIndex: 4
[2025-08-02 17:54:05] [DEBUG] HandleInput: In editing mode, delegating to HandleEditingInput
[2025-08-02 17:54:05] [DEBUG] Console not available, using Read-Host fallback
[2025-08-02 17:54:05] [DEBUG] Main loop: Key received, calling HandleInput
[2025-08-02 17:54:05] [DEBUG] HandleInput: Key pressed: Q (Char: 'q') EditingIndex: 4
[2025-08-02 17:54:05] [DEBUG] HandleInput: In editing mode, delegating to HandleEditingInput
[2025-08-02 17:54:05] [DEBUG] Console not available, using Read-Host fallback
[2025-08-02 17:54:05] [DEBUG] Main loop: Key received, calling HandleInput
[2025-08-02 17:54:05] [DEBUG] HandleInput: Key pressed: Q (Char: 'q') EditingIndex: 4
[2025-08-02 17:54:05] [DEBUG] HandleInput: In editing mode, delegating to HandleEditingInput
[2025-08-02 17:54:05] [DEBUG] Console not available, using Read-Host fallback
[2025-08-02 17:54:05] [DEBUG] Main loop: Key received, calling HandleInput
[2025-08-02 17:54:05] [DEBUG] HandleInput: Key pressed: Q (Char: 'q') EditingIndex: 4
[2025-08-02 17:54:05] [DEBUG] HandleInput: In editing mode, delegating to HandleEditingInput
[2025-08-02 17:54:05] [DEBUG] Console not available, using Read-Host fallback
[2025-08-02 17:54:05] [DEBUG] Main loop: Key received, calling HandleInput
[2025-08-02 17:54:05] [DEBUG] HandleInput: Key pressed: Q (Char: 'q') EditingIndex: 4
[2025-08-02 17:54:05] [DEBUG] HandleInput: In editing mode, delegating to HandleEditingInput
[2025-08-02 17:54:05] [DEBUG] Console not available, using Read-Host fallback
[2025-08-02 17:54:05] [DEBUG] Main loop: Key received, calling HandleInput
[2025-08-02 17:54:05] [DEBUG] HandleInput: Key pressed: Q (Char: 'q') EditingIndex: 4
[2025-08-02 17:54:05] [DEBUG] HandleInput: In editing mode, delegating to HandleEditingInput
[2025-08-02 17:54:05] [DEBUG] Console not available, using Read-Host fallback
[2025-08-02 17:54:05] [DEBUG] Main loop: Key received, calling HandleInput
[2025-08-02 17:54:05] [DEBUG] HandleInput: Key pressed: Q (Char: 'q') EditingIndex: 4
[2025-08-02 17:54:05] [DEBUG] HandleInput: In editing mode, delegating to HandleEditingInput
[2025-08-02 17:54:05] [DEBUG] Console not available, using Read-Host fallback
[2025-08-02 17:54:05] [DEBUG] Main loop: Key received, calling HandleInput
[2025-08-02 17:54:05] [DEBUG] HandleInput: Key pressed: Q (Char: 'q') EditingIndex: 4
[2025-08-02 17:54:05] [DEBUG] HandleInput: In editing mode, delegating to HandleEditingInput
[2025-08-02 17:54:05] [DEBUG] Console not available, using Read-Host fallback
[2025-08-02 17:54:05] [DEBUG] Main loop: Key received, calling HandleInput
[2025-08-02 17:54:05] [DEBUG] HandleInput: Key pressed: Q (Char: 'q') EditingIndex: 4
[2025-08-02 17:54:05] [DEBUG] HandleInput: In editing mode, delegating to HandleEditingInput
[2025-08-02 17:54:05] [DEBUG] Console not available, using Read-Host fallback
[2025-08-02 17:54:05] [DEBUG] Main loop: Key received, calling HandleInput
[2025-08-02 17:54:05] [DEBUG] HandleInput: Key pressed: Q (Char: 'q') EditingIndex: 4
[2025-08-02 17:54:05] [DEBUG] HandleInput: In editing mode, delegating to HandleEditingInput
[2025-08-02 17:54:05] [DEBUG] Console not available, using Read-Host fallback
[2025-08-02 17:54:05] [DEBUG] Main loop: Key received, calling HandleInput
[2025-08-02 17:54:05] [DEBUG] HandleInput: Key pressed: Q (Char: 'q') EditingIndex: 4
[2025-08-02 17:54:05] [DEBUG] HandleInput: In editing mode, delegating to HandleEditingInput
[2025-08-02 17:54:05] [DEBUG] Console not available, using Read-Host fallback
[2025-08-02 17:54:05] [DEBUG] Main loop: Key received, calling HandleInput
[2025-08-02 17:54:05] [DEBUG] HandleInput: Key pressed: Q (Char: 'q') EditingIndex: 4
[2025-08-02 17:54:05] [DEBUG] HandleInput: In editing mode, delegating to HandleEditingInput
[2025-08-02 17:54:06] [DEBUG] Console not available, using Read-Host fallback
[2025-08-02 17:54:06] [DEBUG] Main loop: Key received, calling HandleInput
[2025-08-02 17:54:06] [DEBUG] HandleInput: Key pressed: Q (Char: 'q') EditingIndex: 4
[2025-08-02 17:54:06] [DEBUG] HandleInput: In editing mode, delegating to HandleEditingInput
[2025-08-02 17:54:06] [DEBUG] Console not available, using Read-Host fallback
[2025-08-02 17:54:06] [DEBUG] Main loop: Key received, calling HandleInput
[2025-08-02 17:54:06] [DEBUG] HandleInput: Key pressed: Q (Char: 'q') EditingIndex: 4
[2025-08-02 17:54:06] [DEBUG] HandleInput: In editing mode, delegating to HandleEditingInput
[2025-08-02 17:54:06] [DEBUG] Console not available, using Read-Host fallback
[2025-08-02 17:54:06] [DEBUG] Main loop: Key received, calling HandleInput
[2025-08-02 17:54:06] [DEBUG] HandleInput: Key pressed: Q (Char: 'q') EditingIndex: 4
[2025-08-02 17:54:06] [DEBUG] HandleInput: In editing mode, delegating to HandleEditingInput
[2025-08-02 17:54:06] [DEBUG] Console not available, using Read-Host fallback
[2025-08-02 17:54:06] [DEBUG] Main loop: Key received, calling HandleInput
[2025-08-02 17:54:06] [DEBUG] HandleInput: Key pressed: Q (Char: 'q') EditingIndex: 4
[2025-08-02 17:54:06] [DEBUG] HandleInput: In editing mode, delegating to HandleEditingInput
[2025-08-02 17:54:06] [DEBUG] Console not available, using Read-Host fallback
[2025-08-02 17:54:06] [DEBUG] Main loop: Key received, calling HandleInput
[2025-08-02 17:54:06] [DEBUG] HandleInput: Key pressed: Q (Char: 'q') EditingIndex: 4
[2025-08-02 17:54:06] [DEBUG] HandleInput: In editing mode, delegating to HandleEditingInput
[2025-08-02 17:54:06] [DEBUG] Console not available, using Read-Host fallback
[2025-08-02 17:54:06] [DEBUG] Main loop: Key received, calling HandleInput
[2025-08-02 17:54:06] [DEBUG] HandleInput: Key pressed: Q (Char: 'q') EditingIndex: 4
[2025-08-02 17:54:06] [DEBUG] HandleInput: In editing mode, delegating to HandleEditingInput
[2025-08-02 17:54:06] [DEBUG] Console not available, using Read-Host fallback
[2025-08-02 17:54:06] [DEBUG] Main loop: Key received, calling HandleInput
[2025-08-02 17:54:06] [DEBUG] HandleInput: Key pressed: Q (Char: 'q') EditingIndex: 4
[2025-08-02 17:54:06] [DEBUG] HandleInput: In editing mode, delegating to HandleEditingInput
[2025-08-02 17:54:06] [DEBUG] Console not available, using Read-Host fallback
[2025-08-02 17:54:06] [DEBUG] Main loop: Key received, calling HandleInput
[2025-08-02 17:54:06] [DEBUG] HandleInput: Key pressed: Q (Char: 'q') EditingIndex: 4
[2025-08-02 17:54:06] [DEBUG] HandleInput: In editing mode, delegating to HandleEditingInput
[2025-08-02 17:54:06] [DEBUG] Console not available, using Read-Host fallback
[2025-08-02 17:54:06] [DEBUG] Main loop: Key received, calling HandleInput
[2025-08-02 17:54:06] [DEBUG] HandleInput: Key pressed: Q (Char: 'q') EditingIndex: 4
[2025-08-02 17:54:06] [DEBUG] HandleInput: In editing mode, delegating to HandleEditingInput
[2025-08-02 17:54:06] [DEBUG] Console not available, using Read-Host fallback
[2025-08-02 17:54:06] [DEBUG] Main loop: Key received, calling HandleInput
[2025-08-02 17:54:06] [DEBUG] HandleInput: Key pressed: Q (Char: 'q') EditingIndex: 4
[2025-08-02 17:54:06] [DEBUG] HandleInput: In editing mode, delegating to HandleEditingInput
[2025-08-02 17:54:06] [DEBUG] Console not available, using Read-Host fallback
[2025-08-02 17:54:06] [DEBUG] Main loop: Key received, calling HandleInput
[2025-08-02 17:54:06] [DEBUG] HandleInput: Key pressed: Q (Char: 'q') EditingIndex: 4
[2025-08-02 17:54:06] [DEBUG] HandleInput: In editing mode, delegating to HandleEditingInput
[2025-08-02 17:54:06] [DEBUG] Console not available, using Read-Host fallback
[2025-08-02 17:54:06] [DEBUG] Main loop: Key received, calling HandleInput
[2025-08-02 17:54:06] [DEBUG] HandleInput: Key pressed: Q (Char: 'q') EditingIndex: 4
[2025-08-02 17:54:06] [DEBUG] HandleInput: In editing mode, delegating to HandleEditingInput
[2025-08-02 17:54:06] [DEBUG] Console not available, using Read-Host fallback
[2025-08-02 17:54:06] [DEBUG] Main loop: Key received, calling HandleInput
[2025-08-02 17:54:06] [DEBUG] HandleInput: Key pressed: Q (Char: 'q') EditingIndex: 4
[2025-08-02 17:54:06] [DEBUG] HandleInput: In editing mode, delegating to HandleEditingInput
[2025-08-02 17:54:06] [DEBUG] Console not available, using Read-Host fallback
[2025-08-02 17:54:06] [DEBUG] Main loop: Key received, calling HandleInput
[2025-08-02 17:54:06] [DEBUG] HandleInput: Key pressed: Q (Char: 'q') EditingIndex: 4
[2025-08-02 17:54:06] [DEBUG] HandleInput: In editing mode, delegating to HandleEditingInput
[2025-08-02 17:54:06] [DEBUG] Console not available, using Read-Host fallback
[2025-08-02 17:54:06] [DEBUG] Main loop: Key received, calling HandleInput
[2025-08-02 17:54:06] [DEBUG] HandleInput: Key pressed: Q (Char: 'q') EditingIndex: 4
[2025-08-02 17:54:06] [DEBUG] HandleInput: In editing mode, delegating to HandleEditingInput
[2025-08-02 17:54:06] [DEBUG] Console not available, using Read-Host fallback
[2025-08-02 17:54:06] [DEBUG] Main loop: Key received, calling HandleInput
[2025-08-02 17:54:06] [DEBUG] HandleInput: Key pressed: Q (Char: 'q') EditingIndex: 4
[2025-08-02 17:54:06] [DEBUG] HandleInput: In editing mode, delegating to HandleEditingInput
[2025-08-02 17:54:06] [DEBUG] Console not available, using Read-Host fallback
[2025-08-02 17:54:06] [DEBUG] Main loop: Key received, calling HandleInput
[2025-08-02 17:54:06] [DEBUG] HandleInput: Key pressed: Q (Char: 'q') EditingIndex: 4
[2025-08-02 17:54:06] [DEBUG] HandleInput: In editing mode, delegating to HandleEditingInput
[2025-08-02 17:54:06] [DEBUG] Console not available, using Read-Host fallback
[2025-08-02 17:54:06] [DEBUG] Main loop: Key received, calling HandleInput
[2025-08-02 17:54:06] [DEBUG] HandleInput: Key pressed: Q (Char: 'q') EditingIndex: 4
[2025-08-02 17:54:06] [DEBUG] HandleInput: In editing mode, delegating to HandleEditingInput
[2025-08-02 17:54:06] [DEBUG] Console not available, using Read-Host fallback
[2025-08-02 17:54:06] [DEBUG] Main loop: Key received, calling HandleInput
[2025-08-02 17:54:06] [DEBUG] HandleInput: Key pressed: Q (Char: 'q') EditingIndex: 4
[2025-08-02 17:54:06] [DEBUG] HandleInput: In editing mode, delegating to HandleEditingInput
[2025-08-02 17:54:06] [DEBUG] Console not available, using Read-Host fallback
[2025-08-02 17:54:06] [DEBUG] Main loop: Key received, calling HandleInput
[2025-08-02 17:54:06] [DEBUG] HandleInput: Key pressed: Q (Char: 'q') EditingIndex: 4
[2025-08-02 17:54:06] [DEBUG] HandleInput: In editing mode, delegating to HandleEditingInput
[2025-08-02 17:54:06] [DEBUG] Console not available, using Read-Host fallback
[2025-08-02 17:54:06] [DEBUG] Main loop: Key received, calling HandleInput
[2025-08-02 17:54:06] [DEBUG] HandleInput: Key pressed: Q (Char: 'q') EditingIndex: 4
[2025-08-02 17:54:06] [DEBUG] HandleInput: In editing mode, delegating to HandleEditingInput
[2025-08-02 17:54:06] [DEBUG] Console not available, using Read-Host fallback
[2025-08-02 17:54:06] [DEBUG] Main loop: Key received, calling HandleInput
[2025-08-02 17:54:06] [DEBUG] HandleInput: Key pressed: Q (Char: 'q') EditingIndex: 4
[2025-08-02 17:54:06] [DEBUG] HandleInput: In editing mode, delegating to HandleEditingInput
[2025-08-02 17:54:06] [DEBUG] Console not available, using Read-Host fallback
[2025-08-02 17:54:06] [DEBUG] Main loop: Key received, calling HandleInput
[2025-08-02 17:54:06] [DEBUG] HandleInput: Key pressed: Q (Char: 'q') EditingIndex: 4
[2025-08-02 17:54:06] [DEBUG] HandleInput: In editing mode, delegating to HandleEditingInput
[2025-08-02 17:54:06] [DEBUG] Console not available, using Read-Host fallback
[2025-08-02 17:54:06] [DEBUG] Main loop: Key received, calling HandleInput
[2025-08-02 17:54:06] [DEBUG] HandleInput: Key pressed: Q (Char: 'q') EditingIndex: 4
[2025-08-02 17:54:06] [DEBUG] HandleInput: In editing mode, delegating to HandleEditingInput
[2025-08-02 17:54:06] [DEBUG] Console not available, using Read-Host fallback
[2025-08-02 17:54:06] [DEBUG] Main loop: Key received, calling HandleInput
[2025-08-02 17:54:06] [DEBUG] HandleInput: Key pressed: Q (Char: 'q') EditingIndex: 4
[2025-08-02 17:54:06] [DEBUG] HandleInput: In editing mode, delegating to HandleEditingInput
[2025-08-02 17:54:07] [DEBUG] Console not available, using Read-Host fallback
[2025-08-02 17:54:07] [DEBUG] Main loop: Key received, calling HandleInput
[2025-08-02 17:54:07] [DEBUG] HandleInput: Key pressed: Q (Char: 'q') EditingIndex: 4
[2025-08-02 17:54:07] [DEBUG] HandleInput: In editing mode, delegating to HandleEditingInput
[2025-08-02 17:54:07] [DEBUG] Console not available, using Read-Host fallback
[2025-08-02 17:54:07] [DEBUG] Main loop: Key received, calling HandleInput
[2025-08-02 17:54:07] [DEBUG] HandleInput: Key pressed: Q (Char: 'q') EditingIndex: 4
[2025-08-02 17:54:07] [DEBUG] HandleInput: In editing mode, delegating to HandleEditingInput
[2025-08-02 17:54:07] [DEBUG] Console not available, using Read-Host fallback
[2025-08-02 17:54:07] [DEBUG] Main loop: Key received, calling HandleInput
[2025-08-02 17:54:07] [DEBUG] HandleInput: Key pressed: Q (Char: 'q') EditingIndex: 4
[2025-08-02 17:54:07] [DEBUG] HandleInput: In editing mode, delegating to HandleEditingInput
[2025-08-02 17:54:07] [DEBUG] Console not available, using Read-Host fallback
[2025-08-02 17:54:07] [DEBUG] Main loop: Key received, calling HandleInput
[2025-08-02 17:54:07] [DEBUG] HandleInput: Key pressed: Q (Char: 'q') EditingIndex: 4
[2025-08-02 17:54:07] [DEBUG] HandleInput: In editing mode, delegating to HandleEditingInput
[2025-08-02 17:54:07] [DEBUG] Console not available, using Read-Host fallback
[2025-08-02 17:54:07] [DEBUG] Main loop: Key received, calling HandleInput
[2025-08-02 17:54:07] [DEBUG] HandleInput: Key pressed: Q (Char: 'q') EditingIndex: 4
[2025-08-02 17:54:07] [DEBUG] HandleInput: In editing mode, delegating to HandleEditingInput
[2025-08-02 17:54:07] [DEBUG] Console not available, using Read-Host fallback
[2025-08-02 17:54:07] [DEBUG] Main loop: Key received, calling HandleInput
[2025-08-02 17:54:07] [DEBUG] HandleInput: Key pressed: Q (Char: 'q') EditingIndex: 4
[2025-08-02 17:54:07] [DEBUG] HandleInput: In editing mode, delegating to HandleEditingInput
[2025-08-02 17:54:07] [DEBUG] Console not available, using Read-Host fallback
[2025-08-02 17:54:07] [DEBUG] Main loop: Key received, calling HandleInput
[2025-08-02 17:54:07] [DEBUG] HandleInput: Key pressed: Q (Char: 'q') EditingIndex: 4
[2025-08-02 17:54:07] [DEBUG] HandleInput: In editing mode, delegating to HandleEditingInput
[2025-08-02 17:54:07] [DEBUG] Console not available, using Read-Host fallback
[2025-08-02 17:54:07] [DEBUG] Main loop: Key received, calling HandleInput
[2025-08-02 17:54:07] [DEBUG] HandleInput: Key pressed: Q (Char: 'q') EditingIndex: 4
[2025-08-02 17:54:07] [DEBUG] HandleInput: In editing mode, delegating to HandleEditingInput
[2025-08-02 17:54:07] [DEBUG] Console not available, using Read-Host fallback
[2025-08-02 17:54:07] [DEBUG] Main loop: Key received, calling HandleInput
[2025-08-02 17:54:07] [DEBUG] HandleInput: Key pressed: Q (Char: 'q') EditingIndex: 4
[2025-08-02 17:54:07] [DEBUG] HandleInput: In editing mode, delegating to HandleEditingInput
[2025-08-02 17:54:07] [DEBUG] Console not available, using Read-Host fallback
[2025-08-02 17:54:07] [DEBUG] Main loop: Key received, calling HandleInput
[2025-08-02 17:54:07] [DEBUG] HandleInput: Key pressed: Q (Char: 'q') EditingIndex: 4
[2025-08-02 17:54:07] [DEBUG] HandleInput: In editing mode, delegating to HandleEditingInput
[2025-08-02 17:54:07] [DEBUG] Console not available, using Read-Host fallback
[2025-08-02 17:54:07] [DEBUG] Main loop: Key received, calling HandleInput
[2025-08-02 17:54:07] [DEBUG] HandleInput: Key pressed: Q (Char: 'q') EditingIndex: 4
[2025-08-02 17:54:07] [DEBUG] HandleInput: In editing mode, delegating to HandleEditingInput
[2025-08-02 17:54:07] [DEBUG] Console not available, using Read-Host fallback
[2025-08-02 17:54:07] [DEBUG] Main loop: Key received, calling HandleInput
[2025-08-02 17:54:07] [DEBUG] HandleInput: Key pressed: Q (Char: 'q') EditingIndex: 4
[2025-08-02 17:54:07] [DEBUG] HandleInput: In editing mode, delegating to HandleEditingInput
[2025-08-02 17:54:07] [DEBUG] Console not available, using Read-Host fallback
[2025-08-02 17:54:07] [DEBUG] Main loop: Key received, calling HandleInput
[2025-08-02 17:54:07] [DEBUG] HandleInput: Key pressed: Q (Char: 'q') EditingIndex: 4
[2025-08-02 17:54:07] [DEBUG] HandleInput: In editing mode, delegating to HandleEditingInput
[2025-08-02 17:54:07] [DEBUG] Console not available, using Read-Host fallback
[2025-08-02 17:54:07] [DEBUG] Main loop: Key received, calling HandleInput
[2025-08-02 17:54:07] [DEBUG] HandleInput: Key pressed: Q (Char: 'q') EditingIndex: 4
[2025-08-02 17:54:07] [DEBUG] HandleInput: In editing mode, delegating to HandleEditingInput
[2025-08-02 17:54:07] [DEBUG] Console not available, using Read-Host fallback
[2025-08-02 17:54:07] [DEBUG] Main loop: Key received, calling HandleInput
[2025-08-02 17:54:07] [DEBUG] HandleInput: Key pressed: Q (Char: 'q') EditingIndex: 4
[2025-08-02 17:54:07] [DEBUG] HandleInput: In editing mode, delegating to HandleEditingInput
[2025-08-02 17:54:07] [DEBUG] Console not available, using Read-Host fallback
[2025-08-02 17:54:07] [DEBUG] Main loop: Key received, calling HandleInput
[2025-08-02 17:54:07] [DEBUG] HandleInput: Key pressed: Q (Char: 'q') EditingIndex: 4
[2025-08-02 17:54:07] [DEBUG] HandleInput: In editing mode, delegating to HandleEditingInput
[2025-08-02 17:54:07] [DEBUG] Console not available, using Read-Host fallback
[2025-08-02 17:54:07] [DEBUG] Main loop: Key received, calling HandleInput
[2025-08-02 17:54:07] [DEBUG] HandleInput: Key pressed: Q (Char: 'q') EditingIndex: 4
[2025-08-02 17:54:07] [DEBUG] HandleInput: In editing mode, delegating to HandleEditingInput
[2025-08-02 17:54:07] [DEBUG] Console not available, using Read-Host fallback
[2025-08-02 17:54:07] [DEBUG] Main loop: Key received, calling HandleInput
[2025-08-02 17:54:07] [DEBUG] HandleInput: Key pressed: Q (Char: 'q') EditingIndex: 4
[2025-08-02 17:54:07] [DEBUG] HandleInput: In editing mode, delegating to HandleEditingInput
[2025-08-02 17:54:07] [DEBUG] Console not available, using Read-Host fallback
[2025-08-02 17:54:07] [DEBUG] Main loop: Key received, calling HandleInput
[2025-08-02 17:54:07] [DEBUG] HandleInput: Key pressed: Q (Char: 'q') EditingIndex: 4
[2025-08-02 17:54:07] [DEBUG] HandleInput: In editing mode, delegating to HandleEditingInput
[2025-08-02 17:54:07] [DEBUG] Console not available, using Read-Host fallback
[2025-08-02 17:54:07] [DEBUG] Main loop: Key received, calling HandleInput
[2025-08-02 17:54:07] [DEBUG] HandleInput: Key pressed: Q (Char: 'q') EditingIndex: 4
[2025-08-02 17:54:07] [DEBUG] HandleInput: In editing mode, delegating to HandleEditingInput
[2025-08-02 17:54:07] [DEBUG] Console not available, using Read-Host fallback
[2025-08-02 17:54:07] [DEBUG] Main loop: Key received, calling HandleInput
[2025-08-02 17:54:07] [DEBUG] HandleInput: Key pressed: Q (Char: 'q') EditingIndex: 4
[2025-08-02 17:54:07] [DEBUG] HandleInput: In editing mode, delegating to HandleEditingInput
[2025-08-02 17:54:07] [DEBUG] Console not available, using Read-Host fallback
[2025-08-02 17:54:07] [DEBUG] Main loop: Key received, calling HandleInput
[2025-08-02 17:54:07] [DEBUG] HandleInput: Key pressed: Q (Char: 'q') EditingIndex: 4
[2025-08-02 17:54:07] [DEBUG] HandleInput: In editing mode, delegating to HandleEditingInput
[2025-08-02 17:54:07] [DEBUG] Console not available, using Read-Host fallback
[2025-08-02 17:54:07] [DEBUG] Main loop: Key received, calling HandleInput
[2025-08-02 17:54:07] [DEBUG] HandleInput: Key pressed: Q (Char: 'q') EditingIndex: 4
[2025-08-02 17:54:07] [DEBUG] HandleInput: In editing mode, delegating to HandleEditingInput
[2025-08-02 17:54:07] [DEBUG] Console not available, using Read-Host fallback
[2025-08-02 17:54:07] [DEBUG] Main loop: Key received, calling HandleInput
[2025-08-02 17:54:07] [DEBUG] HandleInput: Key pressed: Q (Char: 'q') EditingIndex: 4
[2025-08-02 17:54:07] [DEBUG] HandleInput: In editing mode, delegating to HandleEditingInput
[2025-08-02 17:54:07] [DEBUG] Console not available, using Read-Host fallback
[2025-08-02 17:54:07] [DEBUG] Main loop: Key received, calling HandleInput
[2025-08-02 17:54:07] [DEBUG] HandleInput: Key pressed: Q (Char: 'q') EditingIndex: 4
[2025-08-02 17:54:07] [DEBUG] HandleInput: In editing mode, delegating to HandleEditingInput
[2025-08-02 17:54:07] [DEBUG] Console not available, using Read-Host fallback
[2025-08-02 17:54:07] [DEBUG] Main loop: Key received, calling HandleInput
[2025-08-02 17:54:07] [DEBUG] HandleInput: Key pressed: Q (Char: 'q') EditingIndex: 4
[2025-08-02 17:54:08] [DEBUG] HandleInput: In editing mode, delegating to HandleEditingInput
[2025-08-02 17:54:08] [DEBUG] Console not available, using Read-Host fallback
[2025-08-02 17:54:08] [DEBUG] Main loop: Key received, calling HandleInput
[2025-08-02 17:54:08] [DEBUG] HandleInput: Key pressed: Q (Char: 'q') EditingIndex: 4
[2025-08-02 17:54:08] [DEBUG] HandleInput: In editing mode, delegating to HandleEditingInput
[2025-08-02 17:54:08] [DEBUG] Console not available, using Read-Host fallback
[2025-08-02 17:54:08] [DEBUG] Main loop: Key received, calling HandleInput
[2025-08-02 17:54:08] [DEBUG] HandleInput: Key pressed: Q (Char: 'q') EditingIndex: 4
[2025-08-02 17:54:08] [DEBUG] HandleInput: In editing mode, delegating to HandleEditingInput
[2025-08-02 17:54:08] [DEBUG] Console not available, using Read-Host fallback
[2025-08-02 17:54:08] [DEBUG] Main loop: Key received, calling HandleInput
[2025-08-02 17:54:08] [DEBUG] HandleInput: Key pressed: Q (Char: 'q') EditingIndex: 4
[2025-08-02 17:54:08] [DEBUG] HandleInput: In editing mode, delegating to HandleEditingInput
[2025-08-02 17:54:08] [DEBUG] Console not available, using Read-Host fallback
[2025-08-02 17:54:08] [DEBUG] Main loop: Key received, calling HandleInput
[2025-08-02 17:54:08] [DEBUG] HandleInput: Key pressed: Q (Char: 'q') EditingIndex: 4
[2025-08-02 17:54:08] [DEBUG] HandleInput: In editing mode, delegating to HandleEditingInput
[2025-08-02 17:54:08] [DEBUG] Console not available, using Read-Host fallback
[2025-08-02 17:54:08] [DEBUG] Main loop: Key received, calling HandleInput
[2025-08-02 17:54:08] [DEBUG] HandleInput: Key pressed: Q (Char: 'q') EditingIndex: 4
[2025-08-02 17:54:08] [DEBUG] HandleInput: In editing mode, delegating to HandleEditingInput
[2025-08-02 17:54:08] [DEBUG] Console not available, using Read-Host fallback
[2025-08-02 17:54:08] [DEBUG] Main loop: Key received, calling HandleInput
[2025-08-02 17:54:08] [DEBUG] HandleInput: Key pressed: Q (Char: 'q') EditingIndex: 4
[2025-08-02 17:54:08] [DEBUG] HandleInput: In editing mode, delegating to HandleEditingInput
[2025-08-02 17:54:08] [DEBUG] Console not available, using Read-Host fallback
[2025-08-02 17:54:08] [DEBUG] Main loop: Key received, calling HandleInput
[2025-08-02 17:54:08] [DEBUG] HandleInput: Key pressed: Q (Char: 'q') EditingIndex: 4
[2025-08-02 17:54:08] [DEBUG] HandleInput: In editing mode, delegating to HandleEditingInput
[2025-08-02 17:54:08] [DEBUG] Console not available, using Read-Host fallback
[2025-08-02 17:54:08] [DEBUG] Main loop: Key received, calling HandleInput
[2025-08-02 17:54:08] [DEBUG] HandleInput: Key pressed: Q (Char: 'q') EditingIndex: 4
[2025-08-02 17:54:08] [DEBUG] HandleInput: In editing mode, delegating to HandleEditingInput
[2025-08-02 17:54:08] [DEBUG] Console not available, using Read-Host fallback
[2025-08-02 17:54:08] [DEBUG] Main loop: Key received, calling HandleInput
[2025-08-02 17:54:08] [DEBUG] HandleInput: Key pressed: Q (Char: 'q') EditingIndex: 4
[2025-08-02 17:54:08] [DEBUG] HandleInput: In editing mode, delegating to HandleEditingInput
[2025-08-02 17:54:08] [DEBUG] Console not available, using Read-Host fallback
[2025-08-02 17:54:08] [DEBUG] Main loop: Key received, calling HandleInput
[2025-08-02 17:54:08] [DEBUG] HandleInput: Key pressed: Q (Char: 'q') EditingIndex: 4
[2025-08-02 17:54:08] [DEBUG] HandleInput: In editing mode, delegating to HandleEditingInput
[2025-08-02 17:54:08] [DEBUG] Console not available, using Read-Host fallback
[2025-08-02 17:54:08] [DEBUG] Main loop: Key received, calling HandleInput
[2025-08-02 17:54:08] [DEBUG] HandleInput: Key pressed: Q (Char: 'q') EditingIndex: 4
[2025-08-02 17:54:08] [DEBUG] HandleInput: In editing mode, delegating to HandleEditingInput
[2025-08-02 17:54:08] [DEBUG] Console not available, using Read-Host fallback
[2025-08-02 17:54:08] [DEBUG] Main loop: Key received, calling HandleInput
[2025-08-02 17:54:08] [DEBUG] HandleInput: Key pressed: Q (Char: 'q') EditingIndex: 4
[2025-08-02 17:54:08] [DEBUG] HandleInput: In editing mode, delegating to HandleEditingInput
[2025-08-02 17:54:08] [DEBUG] Console not available, using Read-Host fallback
[2025-08-02 17:54:08] [DEBUG] Main loop: Key received, calling HandleInput
[2025-08-02 17:54:08] [DEBUG] HandleInput: Key pressed: Q (Char: 'q') EditingIndex: 4
[2025-08-02 17:54:08] [DEBUG] HandleInput: In editing mode, delegating to HandleEditingInput
[2025-08-02 17:54:08] [DEBUG] Console not available, using Read-Host fallback
[2025-08-02 17:54:08] [DEBUG] Main loop: Key received, calling HandleInput
[2025-08-02 17:54:08] [DEBUG] HandleInput: Key pressed: Q (Char: 'q') EditingIndex: 4
[2025-08-02 17:54:08] [DEBUG] HandleInput: In editing mode, delegating to HandleEditingInput
[2025-08-02 17:54:08] [DEBUG] Console not available, using Read-Host fallback
[2025-08-02 17:54:08] [DEBUG] Main loop: Key received, calling HandleInput
[2025-08-02 17:54:08] [DEBUG] HandleInput: Key pressed: Q (Char: 'q') EditingIndex: 4
[2025-08-02 17:54:08] [DEBUG] HandleInput: In editing mode, delegating to HandleEditingInput
[2025-08-02 17:54:08] [DEBUG] Console not available, using Read-Host fallback
[2025-08-02 17:54:08] [DEBUG] Main loop: Key received, calling HandleInput
[2025-08-02 17:54:08] [DEBUG] HandleInput: Key pressed: Q (Char: 'q') EditingIndex: 4
[2025-08-02 17:54:08] [DEBUG] HandleInput: In editing mode, delegating to HandleEditingInput
[2025-08-02 17:54:08] [DEBUG] Console not available, using Read-Host fallback
[2025-08-02 17:54:08] [DEBUG] Main loop: Key received, calling HandleInput
[2025-08-02 17:54:08] [DEBUG] HandleInput: Key pressed: Q (Char: 'q') EditingIndex: 4
[2025-08-02 17:54:08] [DEBUG] HandleInput: In editing mode, delegating to HandleEditingInput
[2025-08-02 17:54:08] [DEBUG] Console not available, using Read-Host fallback
[2025-08-02 17:54:08] [DEBUG] Main loop: Key received, calling HandleInput
[2025-08-02 17:54:08] [DEBUG] HandleInput: Key pressed: Q (Char: 'q') EditingIndex: 4
[2025-08-02 17:54:08] [DEBUG] HandleInput: In editing mode, delegating to HandleEditingInput
[2025-08-02 17:54:08] [DEBUG] Console not available, using Read-Host fallback
[2025-08-02 17:54:08] [DEBUG] Main loop: Key received, calling HandleInput
[2025-08-02 17:54:08] [DEBUG] HandleInput: Key pressed: Q (Char: 'q') EditingIndex: 4
[2025-08-02 17:54:08] [DEBUG] HandleInput: In editing mode, delegating to HandleEditingInput
[2025-08-02 17:54:08] [DEBUG] Console not available, using Read-Host fallback
[2025-08-02 17:54:08] [DEBUG] Main loop: Key received, calling HandleInput
[2025-08-02 17:54:08] [DEBUG] HandleInput: Key pressed: Q (Char: 'q') EditingIndex: 4
[2025-08-02 17:54:08] [DEBUG] HandleInput: In editing mode, delegating to HandleEditingInput
[2025-08-02 17:54:08] [DEBUG] Console not available, using Read-Host fallback
[2025-08-02 17:54:08] [DEBUG] Main loop: Key received, calling HandleInput
[2025-08-02 17:54:08] [DEBUG] HandleInput: Key pressed: Q (Char: 'q') EditingIndex: 4
[2025-08-02 17:54:08] [DEBUG] HandleInput: In editing mode, delegating to HandleEditingInput
[2025-08-02 17:54:08] [DEBUG] Console not available, using Read-Host fallback
[2025-08-02 17:54:08] [DEBUG] Main loop: Key received, calling HandleInput
[2025-08-02 17:54:08] [DEBUG] HandleInput: Key pressed: Q (Char: 'q') EditingIndex: 4
[2025-08-02 17:54:08] [DEBUG] HandleInput: In editing mode, delegating to HandleEditingInput
[2025-08-02 17:54:08] [DEBUG] Console not available, using Read-Host fallback
[2025-08-02 17:54:08] [DEBUG] Main loop: Key received, calling HandleInput
[2025-08-02 17:54:08] [DEBUG] HandleInput: Key pressed: Q (Char: 'q') EditingIndex: 4
[2025-08-02 17:54:08] [DEBUG] HandleInput: In editing mode, delegating to HandleEditingInput
[2025-08-02 17:54:08] [DEBUG] Console not available, using Read-Host fallback
[2025-08-02 17:54:08] [DEBUG] Main loop: Key received, calling HandleInput
[2025-08-02 17:54:08] [DEBUG] HandleInput: Key pressed: Q (Char: 'q') EditingIndex: 4
[2025-08-02 17:54:08] [DEBUG] HandleInput: In editing mode, delegating to HandleEditingInput
[2025-08-02 17:54:08] [DEBUG] Console not available, using Read-Host fallback
[2025-08-02 17:54:08] [DEBUG] Main loop: Key received, calling HandleInput
[2025-08-02 17:54:08] [DEBUG] HandleInput: Key pressed: Q (Char: 'q') EditingIndex: 4
[2025-08-02 17:54:08] [DEBUG] HandleInput: In editing mode, delegating to HandleEditingInput
[2025-08-02 17:54:08] [DEBUG] Console not available, using Read-Host fallback
[2025-08-02 17:54:08] [DEBUG] Main loop: Key received, calling HandleInput
[2025-08-02 17:54:09] [DEBUG] HandleInput: Key pressed: Q (Char: 'q') EditingIndex: 4
[2025-08-02 17:54:09] [DEBUG] HandleInput: In editing mode, delegating to HandleEditingInput
[2025-08-02 17:54:09] [DEBUG] Console not available, using Read-Host fallback
[2025-08-02 17:54:09] [DEBUG] Main loop: Key received, calling HandleInput
[2025-08-02 17:54:09] [DEBUG] HandleInput: Key pressed: Q (Char: 'q') EditingIndex: 4
[2025-08-02 17:54:09] [DEBUG] HandleInput: In editing mode, delegating to HandleEditingInput
[2025-08-02 17:54:09] [DEBUG] Console not available, using Read-Host fallback
[2025-08-02 17:54:09] [DEBUG] Main loop: Key received, calling HandleInput
[2025-08-02 17:54:09] [DEBUG] HandleInput: Key pressed: Q (Char: 'q') EditingIndex: 4
[2025-08-02 17:54:09] [DEBUG] HandleInput: In editing mode, delegating to HandleEditingInput
[2025-08-02 17:54:09] [DEBUG] Console not available, using Read-Host fallback
[2025-08-02 17:54:09] [DEBUG] Main loop: Key received, calling HandleInput
[2025-08-02 17:54:09] [DEBUG] HandleInput: Key pressed: Q (Char: 'q') EditingIndex: 4
[2025-08-02 17:54:09] [DEBUG] HandleInput: In editing mode, delegating to HandleEditingInput
[2025-08-02 17:54:09] [DEBUG] Console not available, using Read-Host fallback
[2025-08-02 17:54:09] [DEBUG] Main loop: Key received, calling HandleInput
[2025-08-02 17:54:09] [DEBUG] HandleInput: Key pressed: Q (Char: 'q') EditingIndex: 4
[2025-08-02 17:54:09] [DEBUG] HandleInput: In editing mode, delegating to HandleEditingInput
[2025-08-02 17:54:09] [DEBUG] Console not available, using Read-Host fallback
[2025-08-02 17:54:09] [DEBUG] Main loop: Key received, calling HandleInput
[2025-08-02 17:54:09] [DEBUG] HandleInput: Key pressed: Q (Char: 'q') EditingIndex: 4
[2025-08-02 17:54:09] [DEBUG] HandleInput: In editing mode, delegating to HandleEditingInput
[2025-08-02 17:54:09] [DEBUG] Console not available, using Read-Host fallback
[2025-08-02 17:54:09] [DEBUG] Main loop: Key received, calling HandleInput
[2025-08-02 17:54:09] [DEBUG] HandleInput: Key pressed: Q (Char: 'q') EditingIndex: 4
[2025-08-02 17:54:09] [DEBUG] HandleInput: In editing mode, delegating to HandleEditingInput
[2025-08-02 17:54:09] [DEBUG] Console not available, using Read-Host fallback
[2025-08-02 17:54:09] [DEBUG] Main loop: Key received, calling HandleInput
[2025-08-02 17:54:09] [DEBUG] HandleInput: Key pressed: Q (Char: 'q') EditingIndex: 4
[2025-08-02 17:54:09] [DEBUG] HandleInput: In editing mode, delegating to HandleEditingInput
[2025-08-02 17:54:09] [DEBUG] Console not available, using Read-Host fallback
[2025-08-02 17:54:09] [DEBUG] Main loop: Key received, calling HandleInput
[2025-08-02 17:54:09] [DEBUG] HandleInput: Key pressed: Q (Char: 'q') EditingIndex: 4
[2025-08-02 17:54:09] [DEBUG] HandleInput: In editing mode, delegating to HandleEditingInput
[2025-08-02 17:54:09] [DEBUG] Console not available, using Read-Host fallback
[2025-08-02 17:54:09] [DEBUG] Main loop: Key received, calling HandleInput
[2025-08-02 17:54:09] [DEBUG] HandleInput: Key pressed: Q (Char: 'q') EditingIndex: 4
[2025-08-02 17:54:09] [DEBUG] HandleInput: In editing mode, delegating to HandleEditingInput
[2025-08-02 17:54:09] [DEBUG] Console not available, using Read-Host fallback
[2025-08-02 17:54:09] [DEBUG] Main loop: Key received, calling HandleInput
[2025-08-02 17:54:09] [DEBUG] HandleInput: Key pressed: Q (Char: 'q') EditingIndex: 4
[2025-08-02 17:54:09] [DEBUG] HandleInput: In editing mode, delegating to HandleEditingInput
[2025-08-02 17:54:09] [DEBUG] Console not available, using Read-Host fallback
[2025-08-02 17:54:09] [DEBUG] Main loop: Key received, calling HandleInput
[2025-08-02 17:54:09] [DEBUG] HandleInput: Key pressed: Q (Char: 'q') EditingIndex: 4
[2025-08-02 17:54:09] [DEBUG] HandleInput: In editing mode, delegating to HandleEditingInput
[2025-08-02 17:54:09] [DEBUG] Console not available, using Read-Host fallback
[2025-08-02 17:54:09] [DEBUG] Main loop: Key received, calling HandleInput
[2025-08-02 17:54:09] [DEBUG] HandleInput: Key pressed: Q (Char: 'q') EditingIndex: 4
[2025-08-02 17:54:09] [DEBUG] HandleInput: In editing mode, delegating to HandleEditingInput
[2025-08-02 17:54:09] [DEBUG] Console not available, using Read-Host fallback
[2025-08-02 17:54:09] [DEBUG] Main loop: Key received, calling HandleInput
[2025-08-02 17:54:09] [DEBUG] HandleInput: Key pressed: Q (Char: 'q') EditingIndex: 4
[2025-08-02 17:54:09] [DEBUG] HandleInput: In editing mode, delegating to HandleEditingInput
[2025-08-02 17:54:09] [DEBUG] Console not available, using Read-Host fallback
[2025-08-02 17:54:09] [DEBUG] Main loop: Key received, calling HandleInput
[2025-08-02 17:54:09] [DEBUG] HandleInput: Key pressed: Q (Char: 'q') EditingIndex: 4
[2025-08-02 17:54:09] [DEBUG] HandleInput: In editing mode, delegating to HandleEditingInput
[2025-08-02 17:54:09] [DEBUG] Console not available, using Read-Host fallback
[2025-08-02 17:54:09] [DEBUG] Main loop: Key received, calling HandleInput
[2025-08-02 17:54:09] [DEBUG] HandleInput: Key pressed: Q (Char: 'q') EditingIndex: 4
[2025-08-02 17:54:09] [DEBUG] HandleInput: In editing mode, delegating to HandleEditingInput
[2025-08-02 17:54:09] [DEBUG] Console not available, using Read-Host fallback
[2025-08-02 17:54:09] [DEBUG] Main loop: Key received, calling HandleInput
[2025-08-02 17:54:09] [DEBUG] HandleInput: Key pressed: Q (Char: 'q') EditingIndex: 4
[2025-08-02 17:54:09] [DEBUG] HandleInput: In editing mode, delegating to HandleEditingInput
[2025-08-02 17:54:09] [DEBUG] Console not available, using Read-Host fallback
[2025-08-02 17:54:09] [DEBUG] Main loop: Key received, calling HandleInput
[2025-08-02 17:54:09] [DEBUG] HandleInput: Key pressed: Q (Char: 'q') EditingIndex: 4
[2025-08-02 17:54:09] [DEBUG] HandleInput: In editing mode, delegating to HandleEditingInput
[2025-08-02 17:54:09] [DEBUG] Console not available, using Read-Host fallback
[2025-08-02 17:54:09] [DEBUG] Main loop: Key received, calling HandleInput
[2025-08-02 17:54:09] [DEBUG] HandleInput: Key pressed: Q (Char: 'q') EditingIndex: 4
[2025-08-02 17:54:09] [DEBUG] HandleInput: In editing mode, delegating to HandleEditingInput
[2025-08-02 17:54:09] [DEBUG] Console not available, using Read-Host fallback
[2025-08-02 17:54:09] [DEBUG] Main loop: Key received, calling HandleInput
[2025-08-02 17:54:09] [DEBUG] HandleInput: Key pressed: Q (Char: 'q') EditingIndex: 4
[2025-08-02 17:54:09] [DEBUG] HandleInput: In editing mode, delegating to HandleEditingInput
[2025-08-02 17:54:09] [DEBUG] Console not available, using Read-Host fallback
[2025-08-02 17:54:09] [DEBUG] Main loop: Key received, calling HandleInput
[2025-08-02 17:54:09] [DEBUG] HandleInput: Key pressed: Q (Char: 'q') EditingIndex: 4
[2025-08-02 17:54:09] [DEBUG] HandleInput: In editing mode, delegating to HandleEditingInput
[2025-08-02 17:54:09] [DEBUG] Console not available, using Read-Host fallback
[2025-08-02 17:54:09] [DEBUG] Main loop: Key received, calling HandleInput
[2025-08-02 17:54:09] [DEBUG] HandleInput: Key pressed: Q (Char: 'q') EditingIndex: 4
[2025-08-02 17:54:09] [DEBUG] HandleInput: In editing mode, delegating to HandleEditingInput
[2025-08-02 17:54:09] [DEBUG] Console not available, using Read-Host fallback
[2025-08-02 17:54:09] [DEBUG] Main loop: Key received, calling HandleInput
[2025-08-02 17:54:09] [DEBUG] HandleInput: Key pressed: Q (Char: 'q') EditingIndex: 4
[2025-08-02 17:54:09] [DEBUG] HandleInput: In editing mode, delegating to HandleEditingInput
[2025-08-02 17:54:09] [DEBUG] Console not available, using Read-Host fallback
[2025-08-02 17:54:09] [DEBUG] Main loop: Key received, calling HandleInput
[2025-08-02 17:54:09] [DEBUG] HandleInput: Key pressed: Q (Char: 'q') EditingIndex: 4
[2025-08-02 17:54:09] [DEBUG] HandleInput: In editing mode, delegating to HandleEditingInput
[2025-08-02 17:54:09] [DEBUG] Console not available, using Read-Host fallback
[2025-08-02 17:54:09] [DEBUG] Main loop: Key received, calling HandleInput
[2025-08-02 17:54:09] [DEBUG] HandleInput: Key pressed: Q (Char: 'q') EditingIndex: 4
[2025-08-02 17:54:09] [DEBUG] HandleInput: In editing mode, delegating to HandleEditingInput
[2025-08-02 17:54:09] [DEBUG] Console not available, using Read-Host fallback
[2025-08-02 17:54:09] [DEBUG] Main loop: Key received, calling HandleInput
[2025-08-02 17:54:09] [DEBUG] HandleInput: Key pressed: Q (Char: 'q') EditingIndex: 4
[2025-08-02 17:54:10] [DEBUG] HandleInput: In editing mode, delegating to HandleEditingInput
[2025-08-02 17:54:10] [DEBUG] Console not available, using Read-Host fallback
[2025-08-02 17:54:10] [DEBUG] Main loop: Key received, calling HandleInput
[2025-08-02 17:54:10] [DEBUG] HandleInput: Key pressed: Q (Char: 'q') EditingIndex: 4
[2025-08-02 17:54:10] [DEBUG] HandleInput: In editing mode, delegating to HandleEditingInput
[2025-08-02 17:54:10] [DEBUG] Console not available, using Read-Host fallback
[2025-08-02 17:54:10] [DEBUG] Main loop: Key received, calling HandleInput
[2025-08-02 17:54:10] [DEBUG] HandleInput: Key pressed: Q (Char: 'q') EditingIndex: 4
[2025-08-02 17:54:10] [DEBUG] HandleInput: In editing mode, delegating to HandleEditingInput
[2025-08-02 17:54:10] [DEBUG] Console not available, using Read-Host fallback
[2025-08-02 17:54:10] [DEBUG] Main loop: Key received, calling HandleInput
[2025-08-02 17:54:10] [DEBUG] HandleInput: Key pressed: Q (Char: 'q') EditingIndex: 4
[2025-08-02 17:54:10] [DEBUG] HandleInput: In editing mode, delegating to HandleEditingInput
[2025-08-02 17:54:10] [DEBUG] Console not available, using Read-Host fallback
[2025-08-02 17:54:10] [DEBUG] Main loop: Key received, calling HandleInput
[2025-08-02 17:54:10] [DEBUG] HandleInput: Key pressed: Q (Char: 'q') EditingIndex: 4
[2025-08-02 17:54:10] [DEBUG] HandleInput: In editing mode, delegating to HandleEditingInput
[2025-08-02 17:54:10] [DEBUG] Console not available, using Read-Host fallback
[2025-08-02 17:54:10] [DEBUG] Main loop: Key received, calling HandleInput
[2025-08-02 17:54:10] [DEBUG] HandleInput: Key pressed: Q (Char: 'q') EditingIndex: 4
[2025-08-02 17:54:10] [DEBUG] HandleInput: In editing mode, delegating to HandleEditingInput
[2025-08-02 17:54:10] [DEBUG] Console not available, using Read-Host fallback
[2025-08-02 17:54:10] [DEBUG] Main loop: Key received, calling HandleInput
[2025-08-02 17:54:10] [DEBUG] HandleInput: Key pressed: Q (Char: 'q') EditingIndex: 4
[2025-08-02 17:54:10] [DEBUG] HandleInput: In editing mode, delegating to HandleEditingInput
[2025-08-02 17:54:10] [DEBUG] Console not available, using Read-Host fallback
[2025-08-02 17:54:10] [DEBUG] Main loop: Key received, calling HandleInput
[2025-08-02 17:54:10] [DEBUG] HandleInput: Key pressed: Q (Char: 'q') EditingIndex: 4
[2025-08-02 17:54:10] [DEBUG] HandleInput: In editing mode, delegating to HandleEditingInput
[2025-08-02 17:54:10] [DEBUG] Console not available, using Read-Host fallback
[2025-08-02 17:54:10] [DEBUG] Main loop: Key received, calling HandleInput
[2025-08-02 17:54:10] [DEBUG] HandleInput: Key pressed: Q (Char: 'q') EditingIndex: 4
[2025-08-02 17:54:10] [DEBUG] HandleInput: In editing mode, delegating to HandleEditingInput
[2025-08-02 17:54:10] [DEBUG] Console not available, using Read-Host fallback
[2025-08-02 17:54:10] [DEBUG] Main loop: Key received, calling HandleInput
[2025-08-02 17:54:10] [DEBUG] HandleInput: Key pressed: Q (Char: 'q') EditingIndex: 4
[2025-08-02 17:54:10] [DEBUG] HandleInput: In editing mode, delegating to HandleEditingInput
[2025-08-02 17:54:10] [DEBUG] Console not available, using Read-Host fallback
[2025-08-02 17:54:10] [DEBUG] Main loop: Key received, calling HandleInput
[2025-08-02 17:54:10] [DEBUG] HandleInput: Key pressed: Q (Char: 'q') EditingIndex: 4
[2025-08-02 17:54:10] [DEBUG] HandleInput: In editing mode, delegating to HandleEditingInput
[2025-08-02 17:54:10] [DEBUG] Console not available, using Read-Host fallback
[2025-08-02 17:54:10] [DEBUG] Main loop: Key received, calling HandleInput
[2025-08-02 17:54:10] [DEBUG] HandleInput: Key pressed: Q (Char: 'q') EditingIndex: 4
[2025-08-02 17:54:10] [DEBUG] HandleInput: In editing mode, delegating to HandleEditingInput
[2025-08-02 17:54:10] [DEBUG] Console not available, using Read-Host fallback
[2025-08-02 17:54:10] [DEBUG] Main loop: Key received, calling HandleInput
[2025-08-02 17:54:10] [DEBUG] HandleInput: Key pressed: Q (Char: 'q') EditingIndex: 4
[2025-08-02 17:54:10] [DEBUG] HandleInput: In editing mode, delegating to HandleEditingInput
[2025-08-02 17:54:10] [DEBUG] Console not available, using Read-Host fallback
[2025-08-02 17:54:10] [DEBUG] Main loop: Key received, calling HandleInput
[2025-08-02 17:54:10] [DEBUG] HandleInput: Key pressed: Q (Char: 'q') EditingIndex: 4
[2025-08-02 17:54:10] [DEBUG] HandleInput: In editing mode, delegating to HandleEditingInput
[2025-08-02 17:54:10] [DEBUG] Console not available, using Read-Host fallback
[2025-08-02 17:54:10] [DEBUG] Main loop: Key received, calling HandleInput
[2025-08-02 17:54:10] [DEBUG] HandleInput: Key pressed: Q (Char: 'q') EditingIndex: 4
[2025-08-02 17:54:10] [DEBUG] HandleInput: In editing mode, delegating to HandleEditingInput
[2025-08-02 17:54:10] [DEBUG] Console not available, using Read-Host fallback
[2025-08-02 17:54:10] [DEBUG] Main loop: Key received, calling HandleInput
[2025-08-02 17:54:10] [DEBUG] HandleInput: Key pressed: Q (Char: 'q') EditingIndex: 4
[2025-08-02 17:54:10] [DEBUG] HandleInput: In editing mode, delegating to HandleEditingInput
[2025-08-02 17:54:10] [DEBUG] Console not available, using Read-Host fallback
[2025-08-02 17:54:10] [DEBUG] Main loop: Key received, calling HandleInput
[2025-08-02 17:54:10] [DEBUG] HandleInput: Key pressed: Q (Char: 'q') EditingIndex: 4
[2025-08-02 17:54:10] [DEBUG] HandleInput: In editing mode, delegating to HandleEditingInput
[2025-08-02 17:54:10] [DEBUG] Console not available, using Read-Host fallback
[2025-08-02 17:54:10] [DEBUG] Main loop: Key received, calling HandleInput
[2025-08-02 17:54:10] [DEBUG] HandleInput: Key pressed: Q (Char: 'q') EditingIndex: 4
[2025-08-02 17:54:10] [DEBUG] HandleInput: In editing mode, delegating to HandleEditingInput
[2025-08-02 17:54:10] [DEBUG] Console not available, using Read-Host fallback
[2025-08-02 17:54:10] [DEBUG] Main loop: Key received, calling HandleInput
[2025-08-02 17:54:10] [DEBUG] HandleInput: Key pressed: Q (Char: 'q') EditingIndex: 4
[2025-08-02 17:54:10] [DEBUG] HandleInput: In editing mode, delegating to HandleEditingInput
[2025-08-02 17:54:10] [DEBUG] Console not available, using Read-Host fallback
[2025-08-02 17:54:10] [DEBUG] Main loop: Key received, calling HandleInput
[2025-08-02 17:54:10] [DEBUG] HandleInput: Key pressed: Q (Char: 'q') EditingIndex: 4
[2025-08-02 17:54:10] [DEBUG] HandleInput: In editing mode, delegating to HandleEditingInput
[2025-08-02 17:54:10] [DEBUG] Console not available, using Read-Host fallback
[2025-08-02 17:54:10] [DEBUG] Main loop: Key received, calling HandleInput
[2025-08-02 17:54:10] [DEBUG] HandleInput: Key pressed: Q (Char: 'q') EditingIndex: 4
[2025-08-02 17:54:10] [DEBUG] HandleInput: In editing mode, delegating to HandleEditingInput
[2025-08-02 17:54:10] [DEBUG] Console not available, using Read-Host fallback
[2025-08-02 17:54:10] [DEBUG] Main loop: Key received, calling HandleInput
[2025-08-02 17:54:10] [DEBUG] HandleInput: Key pressed: Q (Char: 'q') EditingIndex: 4
[2025-08-02 17:54:10] [DEBUG] HandleInput: In editing mode, delegating to HandleEditingInput
[2025-08-02 17:54:10] [DEBUG] Console not available, using Read-Host fallback
[2025-08-02 17:54:10] [DEBUG] Main loop: Key received, calling HandleInput
[2025-08-02 17:54:10] [DEBUG] HandleInput: Key pressed: Q (Char: 'q') EditingIndex: 4
[2025-08-02 17:54:10] [DEBUG] HandleInput: In editing mode, delegating to HandleEditingInput
[2025-08-02 17:54:10] [DEBUG] Console not available, using Read-Host fallback
[2025-08-02 17:54:10] [DEBUG] Main loop: Key received, calling HandleInput
[2025-08-02 17:54:10] [DEBUG] HandleInput: Key pressed: Q (Char: 'q') EditingIndex: 4
[2025-08-02 17:54:10] [DEBUG] HandleInput: In editing mode, delegating to HandleEditingInput
[2025-08-02 17:54:10] [DEBUG] Console not available, using Read-Host fallback
[2025-08-02 17:54:10] [DEBUG] Main loop: Key received, calling HandleInput
[2025-08-02 17:54:10] [DEBUG] HandleInput: Key pressed: Q (Char: 'q') EditingIndex: 4
[2025-08-02 17:54:10] [DEBUG] HandleInput: In editing mode, delegating to HandleEditingInput
[2025-08-02 17:54:11] [DEBUG] Console not available, using Read-Host fallback
[2025-08-02 17:54:11] [DEBUG] Main loop: Key received, calling HandleInput
[2025-08-02 17:54:11] [DEBUG] HandleInput: Key pressed: Q (Char: 'q') EditingIndex: 4
[2025-08-02 17:54:11] [DEBUG] HandleInput: In editing mode, delegating to HandleEditingInput
[2025-08-02 17:54:11] [DEBUG] Console not available, using Read-Host fallback
[2025-08-02 17:54:11] [DEBUG] Main loop: Key received, calling HandleInput
[2025-08-02 17:54:11] [DEBUG] HandleInput: Key pressed: Q (Char: 'q') EditingIndex: 4
[2025-08-02 17:54:11] [DEBUG] HandleInput: In editing mode, delegating to HandleEditingInput
[2025-08-02 17:54:11] [DEBUG] Console not available, using Read-Host fallback
[2025-08-02 17:54:11] [DEBUG] Main loop: Key received, calling HandleInput
[2025-08-02 17:54:11] [DEBUG] HandleInput: Key pressed: Q (Char: 'q') EditingIndex: 4
[2025-08-02 17:54:11] [DEBUG] HandleInput: In editing mode, delegating to HandleEditingInput
[2025-08-02 17:54:11] [DEBUG] Console not available, using Read-Host fallback
[2025-08-02 17:54:11] [DEBUG] Main loop: Key received, calling HandleInput
[2025-08-02 17:54:11] [DEBUG] HandleInput: Key pressed: Q (Char: 'q') EditingIndex: 4
[2025-08-02 17:54:11] [DEBUG] HandleInput: In editing mode, delegating to HandleEditingInput
[2025-08-02 17:54:11] [DEBUG] Console not available, using Read-Host fallback
[2025-08-02 17:54:11] [DEBUG] Main loop: Key received, calling HandleInput
[2025-08-02 17:54:11] [DEBUG] HandleInput: Key pressed: Q (Char: 'q') EditingIndex: 4
[2025-08-02 17:54:11] [DEBUG] HandleInput: In editing mode, delegating to HandleEditingInput
[2025-08-02 17:54:11] [DEBUG] Console not available, using Read-Host fallback
[2025-08-02 17:54:11] [DEBUG] Main loop: Key received, calling HandleInput
[2025-08-02 17:54:11] [DEBUG] HandleInput: Key pressed: Q (Char: 'q') EditingIndex: 4
[2025-08-02 17:54:11] [DEBUG] HandleInput: In editing mode, delegating to HandleEditingInput
[2025-08-02 17:54:11] [DEBUG] Console not available, using Read-Host fallback
[2025-08-02 17:54:11] [DEBUG] Main loop: Key received, calling HandleInput
[2025-08-02 17:54:11] [DEBUG] HandleInput: Key pressed: Q (Char: 'q') EditingIndex: 4
[2025-08-02 17:54:11] [DEBUG] HandleInput: In editing mode, delegating to HandleEditingInput
[2025-08-02 17:54:11] [DEBUG] Console not available, using Read-Host fallback
[2025-08-02 17:54:11] [DEBUG] Main loop: Key received, calling HandleInput
[2025-08-02 17:54:11] [DEBUG] HandleInput: Key pressed: Q (Char: 'q') EditingIndex: 4
[2025-08-02 17:54:11] [DEBUG] HandleInput: In editing mode, delegating to HandleEditingInput
[2025-08-02 17:54:11] [DEBUG] Console not available, using Read-Host fallback
[2025-08-02 17:54:11] [DEBUG] Main loop: Key received, calling HandleInput
[2025-08-02 17:54:11] [DEBUG] HandleInput: Key pressed: Q (Char: 'q') EditingIndex: 4
[2025-08-02 17:54:11] [DEBUG] HandleInput: In editing mode, delegating to HandleEditingInput
[2025-08-02 17:54:11] [DEBUG] Console not available, using Read-Host fallback
[2025-08-02 17:54:11] [DEBUG] Main loop: Key received, calling HandleInput
[2025-08-02 17:54:11] [DEBUG] HandleInput: Key pressed: Q (Char: 'q') EditingIndex: 4
[2025-08-02 17:54:11] [DEBUG] HandleInput: In editing mode, delegating to HandleEditingInput
[2025-08-02 17:54:11] [DEBUG] Console not available, using Read-Host fallback
[2025-08-02 17:54:11] [DEBUG] Main loop: Key received, calling HandleInput
[2025-08-02 17:54:11] [DEBUG] HandleInput: Key pressed: Q (Char: 'q') EditingIndex: 4
[2025-08-02 17:54:11] [DEBUG] HandleInput: In editing mode, delegating to HandleEditingInput
[2025-08-02 17:54:11] [DEBUG] Console not available, using Read-Host fallback
[2025-08-02 17:54:11] [DEBUG] Main loop: Key received, calling HandleInput
[2025-08-02 17:54:11] [DEBUG] HandleInput: Key pressed: Q (Char: 'q') EditingIndex: 4
[2025-08-02 17:54:11] [DEBUG] HandleInput: In editing mode, delegating to HandleEditingInput
[2025-08-02 17:54:11] [DEBUG] Console not available, using Read-Host fallback
[2025-08-02 17:54:11] [DEBUG] Main loop: Key received, calling HandleInput
[2025-08-02 17:54:11] [DEBUG] HandleInput: Key pressed: Q (Char: 'q') EditingIndex: 4
[2025-08-02 17:54:11] [DEBUG] HandleInput: In editing mode, delegating to HandleEditingInput
[2025-08-02 17:54:11] [DEBUG] Console not available, using Read-Host fallback
[2025-08-02 17:54:11] [DEBUG] Main loop: Key received, calling HandleInput
[2025-08-02 17:54:11] [DEBUG] HandleInput: Key pressed: Q (Char: 'q') EditingIndex: 4
[2025-08-02 17:54:11] [DEBUG] HandleInput: In editing mode, delegating to HandleEditingInput
[2025-08-02 17:54:11] [DEBUG] Console not available, using Read-Host fallback
[2025-08-02 17:54:11] [DEBUG] Main loop: Key received, calling HandleInput
[2025-08-02 17:54:11] [DEBUG] HandleInput: Key pressed: Q (Char: 'q') EditingIndex: 4
[2025-08-02 17:54:11] [DEBUG] HandleInput: In editing mode, delegating to HandleEditingInput
[2025-08-02 17:54:11] [DEBUG] Console not available, using Read-Host fallback
[2025-08-02 17:54:11] [DEBUG] Main loop: Key received, calling HandleInput
[2025-08-02 17:54:11] [DEBUG] HandleInput: Key pressed: Q (Char: 'q') EditingIndex: 4
[2025-08-02 17:54:11] [DEBUG] HandleInput: In editing mode, delegating to HandleEditingInput
[2025-08-02 17:54:11] [DEBUG] Console not available, using Read-Host fallback
[2025-08-02 17:54:11] [DEBUG] Main loop: Key received, calling HandleInput
[2025-08-02 17:54:11] [DEBUG] HandleInput: Key pressed: Q (Char: 'q') EditingIndex: 4
[2025-08-02 17:54:11] [DEBUG] HandleInput: In editing mode, delegating to HandleEditingInput
[2025-08-02 17:54:11] [DEBUG] Console not available, using Read-Host fallback
[2025-08-02 17:54:11] [DEBUG] Main loop: Key received, calling HandleInput
[2025-08-02 17:54:11] [DEBUG] HandleInput: Key pressed: Q (Char: 'q') EditingIndex: 4
[2025-08-02 17:54:11] [DEBUG] HandleInput: In editing mode, delegating to HandleEditingInput
[2025-08-02 17:54:11] [DEBUG] Console not available, using Read-Host fallback
[2025-08-02 17:54:11] [DEBUG] Main loop: Key received, calling HandleInput
[2025-08-02 17:54:11] [DEBUG] HandleInput: Key pressed: Q (Char: 'q') EditingIndex: 4
[2025-08-02 17:54:11] [DEBUG] HandleInput: In editing mode, delegating to HandleEditingInput
[2025-08-02 17:54:11] [DEBUG] Console not available, using Read-Host fallback
[2025-08-02 17:54:11] [DEBUG] Main loop: Key received, calling HandleInput
[2025-08-02 17:54:11] [DEBUG] HandleInput: Key pressed: Q (Char: 'q') EditingIndex: 4
[2025-08-02 17:54:11] [DEBUG] HandleInput: In editing mode, delegating to HandleEditingInput
[2025-08-02 17:54:11] [DEBUG] Console not available, using Read-Host fallback
[2025-08-02 17:54:11] [DEBUG] Main loop: Key received, calling HandleInput
[2025-08-02 17:54:11] [DEBUG] HandleInput: Key pressed: Q (Char: 'q') EditingIndex: 4
[2025-08-02 17:54:11] [DEBUG] HandleInput: In editing mode, delegating to HandleEditingInput
[2025-08-02 17:54:11] [DEBUG] Console not available, using Read-Host fallback
[2025-08-02 17:54:11] [DEBUG] Main loop: Key received, calling HandleInput
[2025-08-02 17:54:11] [DEBUG] HandleInput: Key pressed: Q (Char: 'q') EditingIndex: 4
[2025-08-02 17:54:11] [DEBUG] HandleInput: In editing mode, delegating to HandleEditingInput
[2025-08-02 17:54:11] [DEBUG] Console not available, using Read-Host fallback
[2025-08-02 17:54:11] [DEBUG] Main loop: Key received, calling HandleInput
[2025-08-02 17:54:11] [DEBUG] HandleInput: Key pressed: Q (Char: 'q') EditingIndex: 4
[2025-08-02 17:54:11] [DEBUG] HandleInput: In editing mode, delegating to HandleEditingInput
[2025-08-02 17:54:11] [DEBUG] Console not available, using Read-Host fallback
[2025-08-02 17:54:11] [DEBUG] Main loop: Key received, calling HandleInput
[2025-08-02 17:54:11] [DEBUG] HandleInput: Key pressed: Q (Char: 'q') EditingIndex: 4
[2025-08-02 17:54:11] [DEBUG] HandleInput: In editing mode, delegating to HandleEditingInput
[2025-08-02 17:54:11] [DEBUG] Console not available, using Read-Host fallback
[2025-08-02 17:54:11] [DEBUG] Main loop: Key received, calling HandleInput
[2025-08-02 17:54:11] [DEBUG] HandleInput: Key pressed: Q (Char: 'q') EditingIndex: 4
[2025-08-02 17:54:11] [DEBUG] HandleInput: In editing mode, delegating to HandleEditingInput
[2025-08-02 17:54:12] [DEBUG] Console not available, using Read-Host fallback
[2025-08-02 17:54:12] [DEBUG] Main loop: Key received, calling HandleInput
[2025-08-02 17:54:12] [DEBUG] HandleInput: Key pressed: Q (Char: 'q') EditingIndex: 4
[2025-08-02 17:54:12] [DEBUG] HandleInput: In editing mode, delegating to HandleEditingInput
[2025-08-02 17:54:12] [DEBUG] Console not available, using Read-Host fallback
[2025-08-02 17:54:12] [DEBUG] Main loop: Key received, calling HandleInput
[2025-08-02 17:54:12] [DEBUG] HandleInput: Key pressed: Q (Char: 'q') EditingIndex: 4
[2025-08-02 17:54:12] [DEBUG] HandleInput: In editing mode, delegating to HandleEditingInput
[2025-08-02 17:54:12] [DEBUG] Console not available, using Read-Host fallback
[2025-08-02 17:54:12] [DEBUG] Main loop: Key received, calling HandleInput
[2025-08-02 17:54:12] [DEBUG] HandleInput: Key pressed: Q (Char: 'q') EditingIndex: 4
[2025-08-02 17:54:12] [DEBUG] HandleInput: In editing mode, delegating to HandleEditingInput
[2025-08-02 17:54:12] [DEBUG] Console not available, using Read-Host fallback
[2025-08-02 17:54:12] [DEBUG] Main loop: Key received, calling HandleInput
[2025-08-02 17:54:12] [DEBUG] HandleInput: Key pressed: Q (Char: 'q') EditingIndex: 4
[2025-08-02 17:54:12] [DEBUG] HandleInput: In editing mode, delegating to HandleEditingInput
[2025-08-02 17:54:12] [DEBUG] Console not available, using Read-Host fallback
[2025-08-02 17:54:12] [DEBUG] Main loop: Key received, calling HandleInput
[2025-08-02 17:54:12] [DEBUG] HandleInput: Key pressed: Q (Char: 'q') EditingIndex: 4
[2025-08-02 17:54:12] [DEBUG] HandleInput: In editing mode, delegating to HandleEditingInput
[2025-08-02 17:54:12] [DEBUG] Console not available, using Read-Host fallback
[2025-08-02 17:54:12] [DEBUG] Main loop: Key received, calling HandleInput
[2025-08-02 17:54:12] [DEBUG] HandleInput: Key pressed: Q (Char: 'q') EditingIndex: 4
[2025-08-02 17:54:12] [DEBUG] HandleInput: In editing mode, delegating to HandleEditingInput
[2025-08-02 17:54:12] [DEBUG] Console not available, using Read-Host fallback
[2025-08-02 17:54:12] [DEBUG] Main loop: Key received, calling HandleInput
[2025-08-02 17:54:12] [DEBUG] HandleInput: Key pressed: Q (Char: 'q') EditingIndex: 4
[2025-08-02 17:54:12] [DEBUG] HandleInput: In editing mode, delegating to HandleEditingInput
[2025-08-02 17:54:12] [DEBUG] Console not available, using Read-Host fallback
[2025-08-02 17:54:12] [DEBUG] Main loop: Key received, calling HandleInput
[2025-08-02 17:54:12] [DEBUG] HandleInput: Key pressed: Q (Char: 'q') EditingIndex: 4
[2025-08-02 17:54:12] [DEBUG] HandleInput: In editing mode, delegating to HandleEditingInput
[2025-08-02 17:54:12] [DEBUG] Console not available, using Read-Host fallback
[2025-08-02 17:54:12] [DEBUG] Main loop: Key received, calling HandleInput
[2025-08-02 17:54:12] [DEBUG] HandleInput: Key pressed: Q (Char: 'q') EditingIndex: 4
[2025-08-02 17:54:12] [DEBUG] HandleInput: In editing mode, delegating to HandleEditingInput
[2025-08-02 17:54:12] [DEBUG] Console not available, using Read-Host fallback
[2025-08-02 17:54:12] [DEBUG] Main loop: Key received, calling HandleInput
[2025-08-02 17:54:12] [DEBUG] HandleInput: Key pressed: Q (Char: 'q') EditingIndex: 4
[2025-08-02 17:54:12] [DEBUG] HandleInput: In editing mode, delegating to HandleEditingInput
[2025-08-02 17:54:12] [DEBUG] Console not available, using Read-Host fallback
[2025-08-02 17:54:12] [DEBUG] Main loop: Key received, calling HandleInput
[2025-08-02 17:54:12] [DEBUG] HandleInput: Key pressed: Q (Char: 'q') EditingIndex: 4
[2025-08-02 17:54:12] [DEBUG] HandleInput: In editing mode, delegating to HandleEditingInput
[2025-08-02 17:54:12] [DEBUG] Console not available, using Read-Host fallback
[2025-08-02 17:54:12] [DEBUG] Main loop: Key received, calling HandleInput
[2025-08-02 17:54:12] [DEBUG] HandleInput: Key pressed: Q (Char: 'q') EditingIndex: 4
[2025-08-02 17:54:12] [DEBUG] HandleInput: In editing mode, delegating to HandleEditingInput
[2025-08-02 17:54:12] [DEBUG] Console not available, using Read-Host fallback
[2025-08-02 17:54:12] [DEBUG] Main loop: Key received, calling HandleInput
[2025-08-02 17:54:12] [DEBUG] HandleInput: Key pressed: Q (Char: 'q') EditingIndex: 4
[2025-08-02 17:54:12] [DEBUG] HandleInput: In editing mode, delegating to HandleEditingInput
[2025-08-02 17:54:12] [DEBUG] Console not available, using Read-Host fallback
[2025-08-02 17:54:12] [DEBUG] Main loop: Key received, calling HandleInput
[2025-08-02 17:54:12] [DEBUG] HandleInput: Key pressed: Q (Char: 'q') EditingIndex: 4
[2025-08-02 17:54:12] [DEBUG] HandleInput: In editing mode, delegating to HandleEditingInput
[2025-08-02 17:54:12] [DEBUG] Console not available, using Read-Host fallback
[2025-08-02 17:54:12] [DEBUG] Main loop: Key received, calling HandleInput
[2025-08-02 17:54:12] [DEBUG] HandleInput: Key pressed: Q (Char: 'q') EditingIndex: 4
[2025-08-02 17:54:12] [DEBUG] HandleInput: In editing mode, delegating to HandleEditingInput
[2025-08-02 17:54:12] [DEBUG] Console not available, using Read-Host fallback
[2025-08-02 17:54:12] [DEBUG] Main loop: Key received, calling HandleInput
[2025-08-02 17:54:12] [DEBUG] HandleInput: Key pressed: Q (Char: 'q') EditingIndex: 4
[2025-08-02 17:54:12] [DEBUG] HandleInput: In editing mode, delegating to HandleEditingInput
[2025-08-02 17:54:12] [DEBUG] Console not available, using Read-Host fallback
[2025-08-02 17:54:12] [DEBUG] Main loop: Key received, calling HandleInput
[2025-08-02 17:54:12] [DEBUG] HandleInput: Key pressed: Q (Char: 'q') EditingIndex: 4
[2025-08-02 17:54:12] [DEBUG] HandleInput: In editing mode, delegating to HandleEditingInput
[2025-08-02 17:54:12] [DEBUG] Console not available, using Read-Host fallback
[2025-08-02 17:54:12] [DEBUG] Main loop: Key received, calling HandleInput
[2025-08-02 17:54:12] [DEBUG] HandleInput: Key pressed: Q (Char: 'q') EditingIndex: 4
[2025-08-02 17:54:12] [DEBUG] HandleInput: In editing mode, delegating to HandleEditingInput
[2025-08-02 17:54:12] [DEBUG] Console not available, using Read-Host fallback
[2025-08-02 17:54:12] [DEBUG] Main loop: Key received, calling HandleInput
[2025-08-02 17:54:12] [DEBUG] HandleInput: Key pressed: Q (Char: 'q') EditingIndex: 4
[2025-08-02 17:54:12] [DEBUG] HandleInput: In editing mode, delegating to HandleEditingInput
[2025-08-02 17:54:12] [DEBUG] Console not available, using Read-Host fallback
[2025-08-02 17:54:12] [DEBUG] Main loop: Key received, calling HandleInput
[2025-08-02 17:54:12] [DEBUG] HandleInput: Key pressed: Q (Char: 'q') EditingIndex: 4
[2025-08-02 17:54:12] [DEBUG] HandleInput: In editing mode, delegating to HandleEditingInput
[2025-08-02 17:54:12] [DEBUG] Console not available, using Read-Host fallback
[2025-08-02 17:54:12] [DEBUG] Main loop: Key received, calling HandleInput
[2025-08-02 17:54:12] [DEBUG] HandleInput: Key pressed: Q (Char: 'q') EditingIndex: 4
[2025-08-02 17:54:12] [DEBUG] HandleInput: In editing mode, delegating to HandleEditingInput
[2025-08-02 17:54:12] [DEBUG] Console not available, using Read-Host fallback
[2025-08-02 17:54:12] [DEBUG] Main loop: Key received, calling HandleInput
[2025-08-02 17:54:12] [DEBUG] HandleInput: Key pressed: Q (Char: 'q') EditingIndex: 4
[2025-08-02 17:54:12] [DEBUG] HandleInput: In editing mode, delegating to HandleEditingInput
[2025-08-02 17:54:12] [DEBUG] Console not available, using Read-Host fallback
[2025-08-02 17:54:12] [DEBUG] Main loop: Key received, calling HandleInput
[2025-08-02 17:54:12] [DEBUG] HandleInput: Key pressed: Q (Char: 'q') EditingIndex: 4
[2025-08-02 17:54:12] [DEBUG] HandleInput: In editing mode, delegating to HandleEditingInput
[2025-08-02 17:54:13] [DEBUG] Console not available, using Read-Host fallback
[2025-08-02 17:54:13] [DEBUG] Main loop: Key received, calling HandleInput
[2025-08-02 17:54:13] [DEBUG] HandleInput: Key pressed: Q (Char: 'q') EditingIndex: 4
[2025-08-02 17:54:13] [DEBUG] HandleInput: In editing mode, delegating to HandleEditingInput
[2025-08-02 17:54:13] [DEBUG] Console not available, using Read-Host fallback
[2025-08-02 17:54:13] [DEBUG] Main loop: Key received, calling HandleInput
[2025-08-02 17:54:13] [DEBUG] HandleInput: Key pressed: Q (Char: 'q') EditingIndex: 4
[2025-08-02 17:54:13] [DEBUG] HandleInput: In editing mode, delegating to HandleEditingInput
[2025-08-02 17:54:13] [DEBUG] Console not available, using Read-Host fallback
[2025-08-02 17:54:13] [DEBUG] Main loop: Key received, calling HandleInput
[2025-08-02 17:54:13] [DEBUG] HandleInput: Key pressed: Q (Char: 'q') EditingIndex: 4
[2025-08-02 17:54:13] [DEBUG] HandleInput: In editing mode, delegating to HandleEditingInput
[2025-08-02 17:54:13] [DEBUG] Console not available, using Read-Host fallback
[2025-08-02 17:54:13] [DEBUG] Main loop: Key received, calling HandleInput
[2025-08-02 17:54:13] [DEBUG] HandleInput: Key pressed: Q (Char: 'q') EditingIndex: 4
[2025-08-02 17:54:13] [DEBUG] HandleInput: In editing mode, delegating to HandleEditingInput
[2025-08-02 17:54:13] [DEBUG] Console not available, using Read-Host fallback
[2025-08-02 17:54:13] [DEBUG] Main loop: Key received, calling HandleInput
[2025-08-02 17:54:13] [DEBUG] HandleInput: Key pressed: Q (Char: 'q') EditingIndex: 4
[2025-08-02 17:54:13] [DEBUG] HandleInput: In editing mode, delegating to HandleEditingInput
[2025-08-02 17:54:13] [DEBUG] Console not available, using Read-Host fallback
[2025-08-02 17:54:13] [DEBUG] Main loop: Key received, calling HandleInput
[2025-08-02 17:54:13] [DEBUG] HandleInput: Key pressed: Q (Char: 'q') EditingIndex: 4
[2025-08-02 17:54:13] [DEBUG] HandleInput: In editing mode, delegating to HandleEditingInput
[2025-08-02 17:54:13] [DEBUG] Console not available, using Read-Host fallback
[2025-08-02 17:54:13] [DEBUG] Main loop: Key received, calling HandleInput
[2025-08-02 17:54:13] [DEBUG] HandleInput: Key pressed: Q (Char: 'q') EditingIndex: 4
[2025-08-02 17:54:13] [DEBUG] HandleInput: In editing mode, delegating to HandleEditingInput
[2025-08-02 17:54:13] [DEBUG] Console not available, using Read-Host fallback
[2025-08-02 17:54:13] [DEBUG] Main loop: Key received, calling HandleInput
[2025-08-02 17:54:13] [DEBUG] HandleInput: Key pressed: Q (Char: 'q') EditingIndex: 4
[2025-08-02 17:54:13] [DEBUG] HandleInput: In editing mode, delegating to HandleEditingInput
[2025-08-02 17:54:13] [DEBUG] Console not available, using Read-Host fallback
[2025-08-02 17:54:13] [DEBUG] Main loop: Key received, calling HandleInput
[2025-08-02 17:54:13] [DEBUG] HandleInput: Key pressed: Q (Char: 'q') EditingIndex: 4
[2025-08-02 17:54:13] [DEBUG] HandleInput: In editing mode, delegating to HandleEditingInput
[2025-08-02 17:54:13] [DEBUG] Console not available, using Read-Host fallback
[2025-08-02 17:54:13] [DEBUG] Main loop: Key received, calling HandleInput
[2025-08-02 17:54:13] [DEBUG] HandleInput: Key pressed: Q (Char: 'q') EditingIndex: 4
[2025-08-02 17:54:13] [DEBUG] HandleInput: In editing mode, delegating to HandleEditingInput
[2025-08-02 17:54:13] [DEBUG] Console not available, using Read-Host fallback
[2025-08-02 17:54:13] [DEBUG] Main loop: Key received, calling HandleInput
[2025-08-02 17:54:13] [DEBUG] HandleInput: Key pressed: Q (Char: 'q') EditingIndex: 4
[2025-08-02 17:54:13] [DEBUG] HandleInput: In editing mode, delegating to HandleEditingInput
[2025-08-02 17:54:13] [DEBUG] Console not available, using Read-Host fallback
[2025-08-02 17:54:13] [DEBUG] Main loop: Key received, calling HandleInput
[2025-08-02 17:54:13] [DEBUG] HandleInput: Key pressed: Q (Char: 'q') EditingIndex: 4
[2025-08-02 17:54:13] [DEBUG] HandleInput: In editing mode, delegating to HandleEditingInput
[2025-08-02 17:54:13] [DEBUG] Console not available, using Read-Host fallback
[2025-08-02 17:54:13] [DEBUG] Main loop: Key received, calling HandleInput
[2025-08-02 17:54:13] [DEBUG] HandleInput: Key pressed: Q (Char: 'q') EditingIndex: 4
[2025-08-02 17:54:13] [DEBUG] HandleInput: In editing mode, delegating to HandleEditingInput
[2025-08-02 17:54:13] [DEBUG] Console not available, using Read-Host fallback
[2025-08-02 17:54:13] [DEBUG] Main loop: Key received, calling HandleInput
[2025-08-02 17:54:13] [DEBUG] HandleInput: Key pressed: Q (Char: 'q') EditingIndex: 4
[2025-08-02 17:54:13] [DEBUG] HandleInput: In editing mode, delegating to HandleEditingInput
[2025-08-02 17:54:13] [DEBUG] Console not available, using Read-Host fallback
[2025-08-02 17:54:13] [DEBUG] Main loop: Key received, calling HandleInput
[2025-08-02 17:54:13] [DEBUG] HandleInput: Key pressed: Q (Char: 'q') EditingIndex: 4
[2025-08-02 17:54:13] [DEBUG] HandleInput: In editing mode, delegating to HandleEditingInput
[2025-08-02 17:54:13] [DEBUG] Console not available, using Read-Host fallback
[2025-08-02 17:54:13] [DEBUG] Main loop: Key received, calling HandleInput
[2025-08-02 17:54:13] [DEBUG] HandleInput: Key pressed: Q (Char: 'q') EditingIndex: 4
[2025-08-02 17:54:13] [DEBUG] HandleInput: In editing mode, delegating to HandleEditingInput
[2025-08-02 17:54:13] [DEBUG] Console not available, using Read-Host fallback
[2025-08-02 17:54:13] [DEBUG] Main loop: Key received, calling HandleInput
[2025-08-02 17:54:13] [DEBUG] HandleInput: Key pressed: Q (Char: 'q') EditingIndex: 4
[2025-08-02 17:54:13] [DEBUG] HandleInput: In editing mode, delegating to HandleEditingInput
[2025-08-02 17:54:13] [DEBUG] Console not available, using Read-Host fallback
[2025-08-02 17:54:13] [DEBUG] Main loop: Key received, calling HandleInput
[2025-08-02 17:54:13] [DEBUG] HandleInput: Key pressed: Q (Char: 'q') EditingIndex: 4
[2025-08-02 17:54:13] [DEBUG] HandleInput: In editing mode, delegating to HandleEditingInput
[2025-08-02 17:54:13] [DEBUG] Console not available, using Read-Host fallback
[2025-08-02 17:54:13] [DEBUG] Main loop: Key received, calling HandleInput
[2025-08-02 17:54:13] [DEBUG] HandleInput: Key pressed: Q (Char: 'q') EditingIndex: 4
[2025-08-02 17:54:13] [DEBUG] HandleInput: In editing mode, delegating to HandleEditingInput
[2025-08-02 17:54:13] [DEBUG] Console not available, using Read-Host fallback
[2025-08-02 17:54:13] [DEBUG] Main loop: Key received, calling HandleInput
[2025-08-02 17:54:13] [DEBUG] HandleInput: Key pressed: Q (Char: 'q') EditingIndex: 4
[2025-08-02 17:54:13] [DEBUG] HandleInput: In editing mode, delegating to HandleEditingInput
[2025-08-02 17:54:13] [DEBUG] Console not available, using Read-Host fallback
[2025-08-02 17:54:13] [DEBUG] Main loop: Key received, calling HandleInput
[2025-08-02 17:54:13] [DEBUG] HandleInput: Key pressed: Q (Char: 'q') EditingIndex: 4
[2025-08-02 17:54:13] [DEBUG] HandleInput: In editing mode, delegating to HandleEditingInput
[2025-08-02 17:54:13] [DEBUG] Console not available, using Read-Host fallback
[2025-08-02 17:54:13] [DEBUG] Main loop: Key received, calling HandleInput
[2025-08-02 17:54:13] [DEBUG] HandleInput: Key pressed: Q (Char: 'q') EditingIndex: 4
[2025-08-02 17:54:13] [DEBUG] HandleInput: In editing mode, delegating to HandleEditingInput
[2025-08-02 17:54:13] [DEBUG] Console not available, using Read-Host fallback
[2025-08-02 17:54:13] [DEBUG] Main loop: Key received, calling HandleInput
[2025-08-02 17:54:13] [DEBUG] HandleInput: Key pressed: Q (Char: 'q') EditingIndex: 4
[2025-08-02 17:54:13] [DEBUG] HandleInput: In editing mode, delegating to HandleEditingInput
[2025-08-02 17:54:13] [DEBUG] Console not available, using Read-Host fallback
[2025-08-02 17:54:13] [DEBUG] Main loop: Key received, calling HandleInput
[2025-08-02 17:54:13] [DEBUG] HandleInput: Key pressed: Q (Char: 'q') EditingIndex: 4
[2025-08-02 17:54:13] [DEBUG] HandleInput: In editing mode, delegating to HandleEditingInput
[2025-08-02 17:54:13] [DEBUG] Console not available, using Read-Host fallback
[2025-08-02 17:54:13] [DEBUG] Main loop: Key received, calling HandleInput
[2025-08-02 17:54:13] [DEBUG] HandleInput: Key pressed: Q (Char: 'q') EditingIndex: 4
[2025-08-02 17:54:13] [DEBUG] HandleInput: In editing mode, delegating to HandleEditingInput
[2025-08-02 17:54:14] [DEBUG] Console not available, using Read-Host fallback
[2025-08-02 17:54:14] [DEBUG] Main loop: Key received, calling HandleInput
[2025-08-02 17:54:14] [DEBUG] HandleInput: Key pressed: Q (Char: 'q') EditingIndex: 4
[2025-08-02 17:54:14] [DEBUG] HandleInput: In editing mode, delegating to HandleEditingInput
[2025-08-02 17:54:14] [DEBUG] Console not available, using Read-Host fallback
[2025-08-02 17:54:14] [DEBUG] Main loop: Key received, calling HandleInput
[2025-08-02 17:54:14] [DEBUG] HandleInput: Key pressed: Q (Char: 'q') EditingIndex: 4
[2025-08-02 17:54:14] [DEBUG] HandleInput: In editing mode, delegating to HandleEditingInput
[2025-08-02 17:54:14] [DEBUG] Console not available, using Read-Host fallback
[2025-08-02 17:54:14] [DEBUG] Main loop: Key received, calling HandleInput
[2025-08-02 17:54:14] [DEBUG] HandleInput: Key pressed: Q (Char: 'q') EditingIndex: 4
[2025-08-02 17:54:14] [DEBUG] HandleInput: In editing mode, delegating to HandleEditingInput
[2025-08-02 17:54:14] [DEBUG] Console not available, using Read-Host fallback
[2025-08-02 17:54:14] [DEBUG] Main loop: Key received, calling HandleInput
[2025-08-02 17:54:14] [DEBUG] HandleInput: Key pressed: Q (Char: 'q') EditingIndex: 4
[2025-08-02 17:54:14] [DEBUG] HandleInput: In editing mode, delegating to HandleEditingInput
[2025-08-02 17:54:14] [DEBUG] Console not available, using Read-Host fallback
[2025-08-02 17:54:14] [DEBUG] Main loop: Key received, calling HandleInput
[2025-08-02 17:54:14] [DEBUG] HandleInput: Key pressed: Q (Char: 'q') EditingIndex: 4
[2025-08-02 17:54:14] [DEBUG] HandleInput: In editing mode, delegating to HandleEditingInput
[2025-08-02 17:54:14] [DEBUG] Console not available, using Read-Host fallback
[2025-08-02 17:54:14] [DEBUG] Main loop: Key received, calling HandleInput
[2025-08-02 17:54:14] [DEBUG] HandleInput: Key pressed: Q (Char: 'q') EditingIndex: 4
[2025-08-02 17:54:14] [DEBUG] HandleInput: In editing mode, delegating to HandleEditingInput
[2025-08-02 17:54:14] [DEBUG] Console not available, using Read-Host fallback
[2025-08-02 17:54:14] [DEBUG] Main loop: Key received, calling HandleInput
[2025-08-02 17:54:14] [DEBUG] HandleInput: Key pressed: Q (Char: 'q') EditingIndex: 4
[2025-08-02 17:54:14] [DEBUG] HandleInput: In editing mode, delegating to HandleEditingInput
[2025-08-02 17:54:14] [DEBUG] Console not available, using Read-Host fallback
[2025-08-02 17:54:14] [DEBUG] Main loop: Key received, calling HandleInput
[2025-08-02 17:54:14] [DEBUG] HandleInput: Key pressed: Q (Char: 'q') EditingIndex: 4
[2025-08-02 17:54:14] [DEBUG] HandleInput: In editing mode, delegating to HandleEditingInput
[2025-08-02 17:54:14] [DEBUG] Console not available, using Read-Host fallback
[2025-08-02 17:54:14] [DEBUG] Main loop: Key received, calling HandleInput
[2025-08-02 17:54:14] [DEBUG] HandleInput: Key pressed: Q (Char: 'q') EditingIndex: 4
[2025-08-02 17:54:14] [DEBUG] HandleInput: In editing mode, delegating to HandleEditingInput
[2025-08-02 17:54:14] [DEBUG] Console not available, using Read-Host fallback
[2025-08-02 17:54:14] [DEBUG] Main loop: Key received, calling HandleInput
[2025-08-02 17:54:14] [DEBUG] HandleInput: Key pressed: Q (Char: 'q') EditingIndex: 4
[2025-08-02 17:54:14] [DEBUG] HandleInput: In editing mode, delegating to HandleEditingInput
[2025-08-02 17:54:14] [DEBUG] Console not available, using Read-Host fallback
[2025-08-02 17:54:14] [DEBUG] Main loop: Key received, calling HandleInput
[2025-08-02 17:54:14] [DEBUG] HandleInput: Key pressed: Q (Char: 'q') EditingIndex: 4
[2025-08-02 17:54:14] [DEBUG] HandleInput: In editing mode, delegating to HandleEditingInput
[2025-08-02 17:54:14] [DEBUG] Console not available, using Read-Host fallback
[2025-08-02 17:54:14] [DEBUG] Main loop: Key received, calling HandleInput
[2025-08-02 17:54:14] [DEBUG] HandleInput: Key pressed: Q (Char: 'q') EditingIndex: 4
[2025-08-02 17:54:14] [DEBUG] HandleInput: In editing mode, delegating to HandleEditingInput
[2025-08-02 17:54:14] [DEBUG] Console not available, using Read-Host fallback
[2025-08-02 17:54:14] [DEBUG] Main loop: Key received, calling HandleInput
[2025-08-02 17:54:14] [DEBUG] HandleInput: Key pressed: Q (Char: 'q') EditingIndex: 4
[2025-08-02 17:54:14] [DEBUG] HandleInput: In editing mode, delegating to HandleEditingInput
[2025-08-02 17:54:14] [DEBUG] Console not available, using Read-Host fallback
[2025-08-02 17:54:14] [DEBUG] Main loop: Key received, calling HandleInput
[2025-08-02 17:54:14] [DEBUG] HandleInput: Key pressed: Q (Char: 'q') EditingIndex: 4
[2025-08-02 17:54:14] [DEBUG] HandleInput: In editing mode, delegating to HandleEditingInput
[2025-08-02 17:54:14] [DEBUG] Console not available, using Read-Host fallback
[2025-08-02 17:54:14] [DEBUG] Main loop: Key received, calling HandleInput
[2025-08-02 17:54:14] [DEBUG] HandleInput: Key pressed: Q (Char: 'q') EditingIndex: 4
[2025-08-02 17:54:14] [DEBUG] HandleInput: In editing mode, delegating to HandleEditingInput
[2025-08-02 17:54:14] [DEBUG] Console not available, using Read-Host fallback
[2025-08-02 17:54:14] [DEBUG] Main loop: Key received, calling HandleInput
[2025-08-02 17:54:14] [DEBUG] HandleInput: Key pressed: Q (Char: 'q') EditingIndex: 4
[2025-08-02 17:54:14] [DEBUG] HandleInput: In editing mode, delegating to HandleEditingInput
[2025-08-02 17:54:14] [DEBUG] Console not available, using Read-Host fallback
[2025-08-02 17:54:14] [DEBUG] Main loop: Key received, calling HandleInput
[2025-08-02 17:54:14] [DEBUG] HandleInput: Key pressed: Q (Char: 'q') EditingIndex: 4
[2025-08-02 17:54:14] [DEBUG] HandleInput: In editing mode, delegating to HandleEditingInput
[2025-08-02 17:54:14] [DEBUG] Console not available, using Read-Host fallback
[2025-08-02 17:54:14] [DEBUG] Main loop: Key received, calling HandleInput
[2025-08-02 17:54:14] [DEBUG] HandleInput: Key pressed: Q (Char: 'q') EditingIndex: 4
[2025-08-02 17:54:14] [DEBUG] HandleInput: In editing mode, delegating to HandleEditingInput
[2025-08-02 17:54:14] [DEBUG] Console not available, using Read-Host fallback
[2025-08-02 17:54:14] [DEBUG] Main loop: Key received, calling HandleInput
[2025-08-02 17:54:14] [DEBUG] HandleInput: Key pressed: Q (Char: 'q') EditingIndex: 4
[2025-08-02 17:54:14] [DEBUG] HandleInput: In editing mode, delegating to HandleEditingInput
[2025-08-02 17:54:14] [DEBUG] Console not available, using Read-Host fallback
[2025-08-02 17:54:14] [DEBUG] Main loop: Key received, calling HandleInput
[2025-08-02 17:54:14] [DEBUG] HandleInput: Key pressed: Q (Char: 'q') EditingIndex: 4
[2025-08-02 17:54:14] [DEBUG] HandleInput: In editing mode, delegating to HandleEditingInput
[2025-08-02 17:54:14] [DEBUG] Console not available, using Read-Host fallback
[2025-08-02 17:54:14] [DEBUG] Main loop: Key received, calling HandleInput
[2025-08-02 17:54:14] [DEBUG] HandleInput: Key pressed: Q (Char: 'q') EditingIndex: 4
[2025-08-02 17:54:14] [DEBUG] HandleInput: In editing mode, delegating to HandleEditingInput
[2025-08-02 17:54:14] [DEBUG] Console not available, using Read-Host fallback
[2025-08-02 17:54:14] [DEBUG] Main loop: Key received, calling HandleInput
[2025-08-02 17:54:14] [DEBUG] HandleInput: Key pressed: Q (Char: 'q') EditingIndex: 4
[2025-08-02 17:54:14] [DEBUG] HandleInput: In editing mode, delegating to HandleEditingInput
[2025-08-02 17:54:14] [DEBUG] Console not available, using Read-Host fallback
[2025-08-02 17:54:14] [DEBUG] Main loop: Key received, calling HandleInput
[2025-08-02 17:54:14] [DEBUG] HandleInput: Key pressed: Q (Char: 'q') EditingIndex: 4
[2025-08-02 17:54:14] [DEBUG] HandleInput: In editing mode, delegating to HandleEditingInput
[2025-08-02 17:54:14] [DEBUG] Console not available, using Read-Host fallback
[2025-08-02 17:54:14] [DEBUG] Main loop: Key received, calling HandleInput
[2025-08-02 17:54:14] [DEBUG] HandleInput: Key pressed: Q (Char: 'q') EditingIndex: 4
[2025-08-02 17:54:14] [DEBUG] HandleInput: In editing mode, delegating to HandleEditingInput
[2025-08-02 17:54:15] [DEBUG] Console not available, using Read-Host fallback
[2025-08-02 17:54:15] [DEBUG] Main loop: Key received, calling HandleInput
[2025-08-02 17:54:15] [DEBUG] HandleInput: Key pressed: Q (Char: 'q') EditingIndex: 4
[2025-08-02 17:54:15] [DEBUG] HandleInput: In editing mode, delegating to HandleEditingInput
[2025-08-02 17:54:15] [DEBUG] Console not available, using Read-Host fallback
[2025-08-02 17:54:15] [DEBUG] Main loop: Key received, calling HandleInput
[2025-08-02 17:54:15] [DEBUG] HandleInput: Key pressed: Q (Char: 'q') EditingIndex: 4
[2025-08-02 17:54:15] [DEBUG] HandleInput: In editing mode, delegating to HandleEditingInput
[2025-08-02 17:54:15] [DEBUG] Console not available, using Read-Host fallback
[2025-08-02 17:54:15] [DEBUG] Main loop: Key received, calling HandleInput
[2025-08-02 17:54:15] [DEBUG] HandleInput: Key pressed: Q (Char: 'q') EditingIndex: 4
[2025-08-02 17:54:15] [DEBUG] HandleInput: In editing mode, delegating to HandleEditingInput
[2025-08-02 17:54:15] [DEBUG] Console not available, using Read-Host fallback
[2025-08-02 17:54:15] [DEBUG] Main loop: Key received, calling HandleInput
[2025-08-02 17:54:15] [DEBUG] HandleInput: Key pressed: Q (Char: 'q') EditingIndex: 4
[2025-08-02 17:54:15] [DEBUG] HandleInput: In editing mode, delegating to HandleEditingInput
[2025-08-02 17:54:15] [DEBUG] Console not available, using Read-Host fallback
[2025-08-02 17:54:15] [DEBUG] Main loop: Key received, calling HandleInput
[2025-08-02 17:54:15] [DEBUG] HandleInput: Key pressed: Q (Char: 'q') EditingIndex: 4
[2025-08-02 17:54:15] [DEBUG] HandleInput: In editing mode, delegating to HandleEditingInput
[2025-08-02 17:54:15] [DEBUG] Console not available, using Read-Host fallback
[2025-08-02 17:54:15] [DEBUG] Main loop: Key received, calling HandleInput
[2025-08-02 17:54:15] [DEBUG] HandleInput: Key pressed: Q (Char: 'q') EditingIndex: 4
[2025-08-02 17:54:15] [DEBUG] HandleInput: In editing mode, delegating to HandleEditingInput
[2025-08-02 17:54:15] [DEBUG] Console not available, using Read-Host fallback
[2025-08-02 17:54:15] [DEBUG] Main loop: Key received, calling HandleInput
[2025-08-02 17:54:15] [DEBUG] HandleInput: Key pressed: Q (Char: 'q') EditingIndex: 4
[2025-08-02 17:54:15] [DEBUG] HandleInput: In editing mode, delegating to HandleEditingInput
[2025-08-02 17:54:15] [DEBUG] Console not available, using Read-Host fallback
[2025-08-02 17:54:15] [DEBUG] Main loop: Key received, calling HandleInput
[2025-08-02 17:54:15] [DEBUG] HandleInput: Key pressed: Q (Char: 'q') EditingIndex: 4
[2025-08-02 17:54:15] [DEBUG] HandleInput: In editing mode, delegating to HandleEditingInput
[2025-08-02 17:54:15] [DEBUG] Console not available, using Read-Host fallback
[2025-08-02 17:54:15] [DEBUG] Main loop: Key received, calling HandleInput
[2025-08-02 17:54:15] [DEBUG] HandleInput: Key pressed: Q (Char: 'q') EditingIndex: 4
[2025-08-02 17:54:15] [DEBUG] HandleInput: In editing mode, delegating to HandleEditingInput
[2025-08-02 17:54:15] [DEBUG] Console not available, using Read-Host fallback
[2025-08-02 17:54:15] [DEBUG] Main loop: Key received, calling HandleInput
[2025-08-02 17:54:15] [DEBUG] HandleInput: Key pressed: Q (Char: 'q') EditingIndex: 4
[2025-08-02 17:54:15] [DEBUG] HandleInput: In editing mode, delegating to HandleEditingInput
[2025-08-02 17:54:15] [DEBUG] Console not available, using Read-Host fallback
[2025-08-02 17:54:15] [DEBUG] Main loop: Key received, calling HandleInput
[2025-08-02 17:54:15] [DEBUG] HandleInput: Key pressed: Q (Char: 'q') EditingIndex: 4
[2025-08-02 17:54:15] [DEBUG] HandleInput: In editing mode, delegating to HandleEditingInput
[2025-08-02 17:54:15] [DEBUG] Console not available, using Read-Host fallback
[2025-08-02 17:54:15] [DEBUG] Main loop: Key received, calling HandleInput
[2025-08-02 17:54:15] [DEBUG] HandleInput: Key pressed: Q (Char: 'q') EditingIndex: 4
[2025-08-02 17:54:15] [DEBUG] HandleInput: In editing mode, delegating to HandleEditingInput
[2025-08-02 17:54:15] [DEBUG] Console not available, using Read-Host fallback
[2025-08-02 17:54:15] [DEBUG] Main loop: Key received, calling HandleInput
[2025-08-02 17:54:15] [DEBUG] HandleInput: Key pressed: Q (Char: 'q') EditingIndex: 4
[2025-08-02 17:54:15] [DEBUG] HandleInput: In editing mode, delegating to HandleEditingInput
[2025-08-02 17:54:15] [DEBUG] Console not available, using Read-Host fallback
[2025-08-02 17:54:15] [DEBUG] Main loop: Key received, calling HandleInput
[2025-08-02 17:54:15] [DEBUG] HandleInput: Key pressed: Q (Char: 'q') EditingIndex: 4
[2025-08-02 17:54:15] [DEBUG] HandleInput: In editing mode, delegating to HandleEditingInput
[2025-08-02 17:54:15] [DEBUG] Console not available, using Read-Host fallback
[2025-08-02 17:54:15] [DEBUG] Main loop: Key received, calling HandleInput
[2025-08-02 17:54:15] [DEBUG] HandleInput: Key pressed: Q (Char: 'q') EditingIndex: 4
[2025-08-02 17:54:15] [DEBUG] HandleInput: In editing mode, delegating to HandleEditingInput
[2025-08-02 17:54:15] [DEBUG] Console not available, using Read-Host fallback
[2025-08-02 17:54:15] [DEBUG] Main loop: Key received, calling HandleInput
[2025-08-02 17:54:15] [DEBUG] HandleInput: Key pressed: Q (Char: 'q') EditingIndex: 4
[2025-08-02 17:54:15] [DEBUG] HandleInput: In editing mode, delegating to HandleEditingInput
[2025-08-02 17:54:15] [DEBUG] Console not available, using Read-Host fallback
[2025-08-02 17:54:15] [DEBUG] Main loop: Key received, calling HandleInput
[2025-08-02 17:54:15] [DEBUG] HandleInput: Key pressed: Q (Char: 'q') EditingIndex: 4
[2025-08-02 17:54:15] [DEBUG] HandleInput: In editing mode, delegating to HandleEditingInput
[2025-08-02 17:54:15] [DEBUG] Console not available, using Read-Host fallback
[2025-08-02 17:54:15] [DEBUG] Main loop: Key received, calling HandleInput
[2025-08-02 17:54:15] [DEBUG] HandleInput: Key pressed: Q (Char: 'q') EditingIndex: 4
[2025-08-02 17:54:15] [DEBUG] HandleInput: In editing mode, delegating to HandleEditingInput
[2025-08-02 17:54:15] [DEBUG] Console not available, using Read-Host fallback
[2025-08-02 17:54:15] [DEBUG] Main loop: Key received, calling HandleInput
[2025-08-02 17:54:15] [DEBUG] HandleInput: Key pressed: Q (Char: 'q') EditingIndex: 4
[2025-08-02 17:54:15] [DEBUG] HandleInput: In editing mode, delegating to HandleEditingInput
[2025-08-02 17:54:15] [DEBUG] Console not available, using Read-Host fallback
[2025-08-02 17:54:15] [DEBUG] Main loop: Key received, calling HandleInput
[2025-08-02 17:54:15] [DEBUG] HandleInput: Key pressed: Q (Char: 'q') EditingIndex: 4
[2025-08-02 17:54:15] [DEBUG] HandleInput: In editing mode, delegating to HandleEditingInput
[2025-08-02 17:54:15] [DEBUG] Console not available, using Read-Host fallback
[2025-08-02 17:54:15] [DEBUG] Main loop: Key received, calling HandleInput
[2025-08-02 17:54:15] [DEBUG] HandleInput: Key pressed: Q (Char: 'q') EditingIndex: 4
[2025-08-02 17:54:15] [DEBUG] HandleInput: In editing mode, delegating to HandleEditingInput
[2025-08-02 17:54:15] [DEBUG] Console not available, using Read-Host fallback
[2025-08-02 17:54:15] [DEBUG] Main loop: Key received, calling HandleInput
[2025-08-02 17:54:15] [DEBUG] HandleInput: Key pressed: Q (Char: 'q') EditingIndex: 4
[2025-08-02 17:54:15] [DEBUG] HandleInput: In editing mode, delegating to HandleEditingInput
[2025-08-02 17:54:15] [DEBUG] Console not available, using Read-Host fallback
[2025-08-02 17:54:15] [DEBUG] Main loop: Key received, calling HandleInput
[2025-08-02 17:54:15] [DEBUG] HandleInput: Key pressed: Q (Char: 'q') EditingIndex: 4
[2025-08-02 17:54:15] [DEBUG] HandleInput: In editing mode, delegating to HandleEditingInput
[2025-08-02 17:54:15] [DEBUG] Console not available, using Read-Host fallback
[2025-08-02 17:54:15] [DEBUG] Main loop: Key received, calling HandleInput
[2025-08-02 17:54:15] [DEBUG] HandleInput: Key pressed: Q (Char: 'q') EditingIndex: 4
[2025-08-02 17:54:15] [DEBUG] HandleInput: In editing mode, delegating to HandleEditingInput
[2025-08-02 17:54:15] [DEBUG] Console not available, using Read-Host fallback
[2025-08-02 17:54:15] [DEBUG] Main loop: Key received, calling HandleInput
[2025-08-02 17:54:15] [DEBUG] HandleInput: Key pressed: Q (Char: 'q') EditingIndex: 4
[2025-08-02 17:54:15] [DEBUG] HandleInput: In editing mode, delegating to HandleEditingInput
[2025-08-02 17:54:15] [DEBUG] Console not available, using Read-Host fallback
[2025-08-02 17:54:15] [DEBUG] Main loop: Key received, calling HandleInput
[2025-08-02 17:54:15] [DEBUG] HandleInput: Key pressed: Q (Char: 'q') EditingIndex: 4
[2025-08-02 17:54:15] [DEBUG] HandleInput: In editing mode, delegating to HandleEditingInput
[2025-08-02 17:54:16] [DEBUG] Console not available, using Read-Host fallback
[2025-08-02 17:54:16] [DEBUG] Main loop: Key received, calling HandleInput
[2025-08-02 17:54:16] [DEBUG] HandleInput: Key pressed: Q (Char: 'q') EditingIndex: 4
[2025-08-02 17:54:16] [DEBUG] HandleInput: In editing mode, delegating to HandleEditingInput
[2025-08-02 17:54:16] [DEBUG] Console not available, using Read-Host fallback
[2025-08-02 17:54:16] [DEBUG] Main loop: Key received, calling HandleInput
[2025-08-02 17:54:16] [DEBUG] HandleInput: Key pressed: Q (Char: 'q') EditingIndex: 4
[2025-08-02 17:54:16] [DEBUG] HandleInput: In editing mode, delegating to HandleEditingInput
[2025-08-02 17:54:16] [DEBUG] Console not available, using Read-Host fallback
[2025-08-02 17:54:16] [DEBUG] Main loop: Key received, calling HandleInput
[2025-08-02 17:54:16] [DEBUG] HandleInput: Key pressed: Q (Char: 'q') EditingIndex: 4
[2025-08-02 17:54:16] [DEBUG] HandleInput: In editing mode, delegating to HandleEditingInput
[2025-08-02 17:54:16] [DEBUG] Console not available, using Read-Host fallback
[2025-08-02 17:54:16] [DEBUG] Main loop: Key received, calling HandleInput
[2025-08-02 17:54:16] [DEBUG] HandleInput: Key pressed: Q (Char: 'q') EditingIndex: 4
[2025-08-02 17:54:16] [DEBUG] HandleInput: In editing mode, delegating to HandleEditingInput
[2025-08-02 17:54:16] [DEBUG] Console not available, using Read-Host fallback
[2025-08-02 17:54:16] [DEBUG] Main loop: Key received, calling HandleInput
[2025-08-02 17:54:16] [DEBUG] HandleInput: Key pressed: Q (Char: 'q') EditingIndex: 4
[2025-08-02 17:54:16] [DEBUG] HandleInput: In editing mode, delegating to HandleEditingInput
[2025-08-02 17:54:16] [DEBUG] Console not available, using Read-Host fallback
[2025-08-02 17:54:16] [DEBUG] Main loop: Key received, calling HandleInput
[2025-08-02 17:54:16] [DEBUG] HandleInput: Key pressed: Q (Char: 'q') EditingIndex: 4
[2025-08-02 17:54:16] [DEBUG] HandleInput: In editing mode, delegating to HandleEditingInput
[2025-08-02 17:54:16] [DEBUG] Console not available, using Read-Host fallback
[2025-08-02 17:54:16] [DEBUG] Main loop: Key received, calling HandleInput
[2025-08-02 17:54:16] [DEBUG] HandleInput: Key pressed: Q (Char: 'q') EditingIndex: 4
[2025-08-02 17:54:16] [DEBUG] HandleInput: In editing mode, delegating to HandleEditingInput
[2025-08-02 17:54:16] [DEBUG] Console not available, using Read-Host fallback
[2025-08-02 17:54:16] [DEBUG] Main loop: Key received, calling HandleInput
[2025-08-02 17:54:16] [DEBUG] HandleInput: Key pressed: Q (Char: 'q') EditingIndex: 4
[2025-08-02 17:54:16] [DEBUG] HandleInput: In editing mode, delegating to HandleEditingInput
[2025-08-02 17:54:16] [DEBUG] Console not available, using Read-Host fallback
[2025-08-02 17:54:16] [DEBUG] Main loop: Key received, calling HandleInput
[2025-08-02 17:54:16] [DEBUG] HandleInput: Key pressed: Q (Char: 'q') EditingIndex: 4
[2025-08-02 17:54:16] [DEBUG] HandleInput: In editing mode, delegating to HandleEditingInput
[2025-08-02 17:54:16] [DEBUG] Console not available, using Read-Host fallback
[2025-08-02 17:54:16] [DEBUG] Main loop: Key received, calling HandleInput
[2025-08-02 17:54:16] [DEBUG] HandleInput: Key pressed: Q (Char: 'q') EditingIndex: 4
[2025-08-02 17:54:16] [DEBUG] HandleInput: In editing mode, delegating to HandleEditingInput
[2025-08-02 17:54:16] [DEBUG] Console not available, using Read-Host fallback
[2025-08-02 17:54:16] [DEBUG] Main loop: Key received, calling HandleInput
[2025-08-02 17:54:16] [DEBUG] HandleInput: Key pressed: Q (Char: 'q') EditingIndex: 4
[2025-08-02 17:54:16] [DEBUG] HandleInput: In editing mode, delegating to HandleEditingInput
[2025-08-02 17:54:16] [DEBUG] Console not available, using Read-Host fallback
[2025-08-02 17:54:16] [DEBUG] Main loop: Key received, calling HandleInput
[2025-08-02 17:54:16] [DEBUG] HandleInput: Key pressed: Q (Char: 'q') EditingIndex: 4
[2025-08-02 17:54:16] [DEBUG] HandleInput: In editing mode, delegating to HandleEditingInput
[2025-08-02 17:54:16] [DEBUG] Console not available, using Read-Host fallback
[2025-08-02 17:54:16] [DEBUG] Main loop: Key received, calling HandleInput
[2025-08-02 17:54:16] [DEBUG] HandleInput: Key pressed: Q (Char: 'q') EditingIndex: 4
[2025-08-02 17:54:16] [DEBUG] HandleInput: In editing mode, delegating to HandleEditingInput
[2025-08-02 17:54:16] [DEBUG] Console not available, using Read-Host fallback
[2025-08-02 17:54:16] [DEBUG] Main loop: Key received, calling HandleInput
[2025-08-02 17:54:16] [DEBUG] HandleInput: Key pressed: Q (Char: 'q') EditingIndex: 4
[2025-08-02 17:54:16] [DEBUG] HandleInput: In editing mode, delegating to HandleEditingInput
[2025-08-02 17:54:16] [DEBUG] Console not available, using Read-Host fallback
[2025-08-02 17:54:16] [DEBUG] Main loop: Key received, calling HandleInput
[2025-08-02 17:54:16] [DEBUG] HandleInput: Key pressed: Q (Char: 'q') EditingIndex: 4
[2025-08-02 17:54:16] [DEBUG] HandleInput: In editing mode, delegating to HandleEditingInput
[2025-08-02 17:54:16] [DEBUG] Console not available, using Read-Host fallback
[2025-08-02 17:54:16] [DEBUG] Main loop: Key received, calling HandleInput
[2025-08-02 17:54:16] [DEBUG] HandleInput: Key pressed: Q (Char: 'q') EditingIndex: 4
[2025-08-02 17:54:16] [DEBUG] HandleInput: In editing mode, delegating to HandleEditingInput
[2025-08-02 17:54:16] [DEBUG] Console not available, using Read-Host fallback
[2025-08-02 17:54:16] [DEBUG] Main loop: Key received, calling HandleInput
[2025-08-02 17:54:16] [DEBUG] HandleInput: Key pressed: Q (Char: 'q') EditingIndex: 4
[2025-08-02 17:54:16] [DEBUG] HandleInput: In editing mode, delegating to HandleEditingInput
[2025-08-02 17:54:16] [DEBUG] Console not available, using Read-Host fallback
[2025-08-02 17:54:16] [DEBUG] Main loop: Key received, calling HandleInput
[2025-08-02 17:54:16] [DEBUG] HandleInput: Key pressed: Q (Char: 'q') EditingIndex: 4
[2025-08-02 17:54:16] [DEBUG] HandleInput: In editing mode, delegating to HandleEditingInput
[2025-08-02 17:54:16] [DEBUG] Console not available, using Read-Host fallback
[2025-08-02 17:54:16] [DEBUG] Main loop: Key received, calling HandleInput
[2025-08-02 17:54:16] [DEBUG] HandleInput: Key pressed: Q (Char: 'q') EditingIndex: 4
[2025-08-02 17:54:16] [DEBUG] HandleInput: In editing mode, delegating to HandleEditingInput
[2025-08-02 17:54:16] [DEBUG] Console not available, using Read-Host fallback
[2025-08-02 17:54:16] [DEBUG] Main loop: Key received, calling HandleInput
[2025-08-02 17:54:16] [DEBUG] HandleInput: Key pressed: Q (Char: 'q') EditingIndex: 4
[2025-08-02 17:54:16] [DEBUG] HandleInput: In editing mode, delegating to HandleEditingInput
[2025-08-02 17:54:16] [DEBUG] Console not available, using Read-Host fallback
[2025-08-02 17:54:16] [DEBUG] Main loop: Key received, calling HandleInput
[2025-08-02 17:54:16] [DEBUG] HandleInput: Key pressed: Q (Char: 'q') EditingIndex: 4
[2025-08-02 17:54:16] [DEBUG] HandleInput: In editing mode, delegating to HandleEditingInput
[2025-08-02 17:54:16] [DEBUG] Console not available, using Read-Host fallback
[2025-08-02 17:54:16] [DEBUG] Main loop: Key received, calling HandleInput
[2025-08-02 17:54:16] [DEBUG] HandleInput: Key pressed: Q (Char: 'q') EditingIndex: 4
[2025-08-02 17:54:16] [DEBUG] HandleInput: In editing mode, delegating to HandleEditingInput
[2025-08-02 17:54:16] [DEBUG] Console not available, using Read-Host fallback
[2025-08-02 17:54:16] [DEBUG] Main loop: Key received, calling HandleInput
[2025-08-02 17:54:16] [DEBUG] HandleInput: Key pressed: Q (Char: 'q') EditingIndex: 4
[2025-08-02 17:54:16] [DEBUG] HandleInput: In editing mode, delegating to HandleEditingInput
[2025-08-02 17:54:16] [DEBUG] Console not available, using Read-Host fallback
[2025-08-02 17:54:16] [DEBUG] Main loop: Key received, calling HandleInput
[2025-08-02 17:54:16] [DEBUG] HandleInput: Key pressed: Q (Char: 'q') EditingIndex: 4
[2025-08-02 17:54:16] [DEBUG] HandleInput: In editing mode, delegating to HandleEditingInput
[2025-08-02 17:54:16] [DEBUG] Console not available, using Read-Host fallback
[2025-08-02 17:54:16] [DEBUG] Main loop: Key received, calling HandleInput
[2025-08-02 17:54:16] [DEBUG] HandleInput: Key pressed: Q (Char: 'q') EditingIndex: 4
[2025-08-02 17:54:16] [DEBUG] HandleInput: In editing mode, delegating to HandleEditingInput
[2025-08-02 17:54:17] [DEBUG] Console not available, using Read-Host fallback
[2025-08-02 17:54:17] [DEBUG] Main loop: Key received, calling HandleInput
[2025-08-02 17:54:17] [DEBUG] HandleInput: Key pressed: Q (Char: 'q') EditingIndex: 4
[2025-08-02 17:54:17] [DEBUG] HandleInput: In editing mode, delegating to HandleEditingInput
[2025-08-02 17:54:17] [DEBUG] Console not available, using Read-Host fallback
[2025-08-02 17:54:17] [DEBUG] Main loop: Key received, calling HandleInput
[2025-08-02 17:54:17] [DEBUG] HandleInput: Key pressed: Q (Char: 'q') EditingIndex: 4
[2025-08-02 17:54:17] [DEBUG] HandleInput: In editing mode, delegating to HandleEditingInput
[2025-08-02 17:54:17] [DEBUG] Console not available, using Read-Host fallback
[2025-08-02 17:54:17] [DEBUG] Main loop: Key received, calling HandleInput
[2025-08-02 17:54:17] [DEBUG] HandleInput: Key pressed: Q (Char: 'q') EditingIndex: 4
[2025-08-02 17:54:17] [DEBUG] HandleInput: In editing mode, delegating to HandleEditingInput
[2025-08-02 17:54:17] [DEBUG] Console not available, using Read-Host fallback
[2025-08-02 17:54:17] [DEBUG] Main loop: Key received, calling HandleInput
[2025-08-02 17:54:17] [DEBUG] HandleInput: Key pressed: Q (Char: 'q') EditingIndex: 4
[2025-08-02 17:54:17] [DEBUG] HandleInput: In editing mode, delegating to HandleEditingInput
[2025-08-02 17:54:17] [DEBUG] Console not available, using Read-Host fallback
[2025-08-02 17:54:17] [DEBUG] Main loop: Key received, calling HandleInput
[2025-08-02 17:54:17] [DEBUG] HandleInput: Key pressed: Q (Char: 'q') EditingIndex: 4
[2025-08-02 17:54:17] [DEBUG] HandleInput: In editing mode, delegating to HandleEditingInput
[2025-08-02 17:54:17] [DEBUG] Console not available, using Read-Host fallback
[2025-08-02 17:54:17] [DEBUG] Main loop: Key received, calling HandleInput
[2025-08-02 17:54:17] [DEBUG] HandleInput: Key pressed: Q (Char: 'q') EditingIndex: 4
[2025-08-02 17:54:17] [DEBUG] HandleInput: In editing mode, delegating to HandleEditingInput
[2025-08-02 17:54:17] [DEBUG] Console not available, using Read-Host fallback
[2025-08-02 17:54:17] [DEBUG] Main loop: Key received, calling HandleInput
[2025-08-02 17:54:17] [DEBUG] HandleInput: Key pressed: Q (Char: 'q') EditingIndex: 4
[2025-08-02 17:54:17] [DEBUG] HandleInput: In editing mode, delegating to HandleEditingInput
[2025-08-02 17:54:17] [DEBUG] Console not available, using Read-Host fallback
[2025-08-02 17:54:17] [DEBUG] Main loop: Key received, calling HandleInput
[2025-08-02 17:54:17] [DEBUG] HandleInput: Key pressed: Q (Char: 'q') EditingIndex: 4
[2025-08-02 17:54:17] [DEBUG] HandleInput: In editing mode, delegating to HandleEditingInput
[2025-08-02 17:54:17] [DEBUG] Console not available, using Read-Host fallback
[2025-08-02 17:54:17] [DEBUG] Main loop: Key received, calling HandleInput
[2025-08-02 17:54:17] [DEBUG] HandleInput: Key pressed: Q (Char: 'q') EditingIndex: 4
[2025-08-02 17:54:17] [DEBUG] HandleInput: In editing mode, delegating to HandleEditingInput
[2025-08-02 17:54:17] [DEBUG] Console not available, using Read-Host fallback
[2025-08-02 17:54:17] [DEBUG] Main loop: Key received, calling HandleInput
[2025-08-02 17:54:17] [DEBUG] HandleInput: Key pressed: Q (Char: 'q') EditingIndex: 4
[2025-08-02 17:54:17] [DEBUG] HandleInput: In editing mode, delegating to HandleEditingInput
[2025-08-02 17:54:17] [DEBUG] Console not available, using Read-Host fallback
[2025-08-02 17:54:17] [DEBUG] Main loop: Key received, calling HandleInput
[2025-08-02 17:54:17] [DEBUG] HandleInput: Key pressed: Q (Char: 'q') EditingIndex: 4
[2025-08-02 17:54:17] [DEBUG] HandleInput: In editing mode, delegating to HandleEditingInput
[2025-08-02 17:54:17] [DEBUG] Console not available, using Read-Host fallback
[2025-08-02 17:54:17] [DEBUG] Main loop: Key received, calling HandleInput
[2025-08-02 17:54:17] [DEBUG] HandleInput: Key pressed: Q (Char: 'q') EditingIndex: 4
[2025-08-02 17:54:17] [DEBUG] HandleInput: In editing mode, delegating to HandleEditingInput
[2025-08-02 17:54:17] [DEBUG] Console not available, using Read-Host fallback
[2025-08-02 17:54:17] [DEBUG] Main loop: Key received, calling HandleInput
[2025-08-02 17:54:17] [DEBUG] HandleInput: Key pressed: Q (Char: 'q') EditingIndex: 4
[2025-08-02 17:54:17] [DEBUG] HandleInput: In editing mode, delegating to HandleEditingInput
[2025-08-02 17:54:17] [DEBUG] Console not available, using Read-Host fallback
[2025-08-02 17:54:17] [DEBUG] Main loop: Key received, calling HandleInput
[2025-08-02 17:54:17] [DEBUG] HandleInput: Key pressed: Q (Char: 'q') EditingIndex: 4
[2025-08-02 17:54:17] [DEBUG] HandleInput: In editing mode, delegating to HandleEditingInput
[2025-08-02 17:54:17] [DEBUG] Console not available, using Read-Host fallback
[2025-08-02 17:54:17] [DEBUG] Main loop: Key received, calling HandleInput
[2025-08-02 17:54:17] [DEBUG] HandleInput: Key pressed: Q (Char: 'q') EditingIndex: 4
[2025-08-02 17:54:17] [DEBUG] HandleInput: In editing mode, delegating to HandleEditingInput
[2025-08-02 17:54:17] [DEBUG] Console not available, using Read-Host fallback
[2025-08-02 17:54:17] [DEBUG] Main loop: Key received, calling HandleInput
[2025-08-02 17:54:17] [DEBUG] HandleInput: Key pressed: Q (Char: 'q') EditingIndex: 4
[2025-08-02 17:54:17] [DEBUG] HandleInput: In editing mode, delegating to HandleEditingInput
[2025-08-02 17:54:17] [DEBUG] Console not available, using Read-Host fallback
[2025-08-02 17:54:17] [DEBUG] Main loop: Key received, calling HandleInput
[2025-08-02 17:54:17] [DEBUG] HandleInput: Key pressed: Q (Char: 'q') EditingIndex: 4
[2025-08-02 17:54:17] [DEBUG] HandleInput: In editing mode, delegating to HandleEditingInput
[2025-08-02 17:54:17] [DEBUG] Console not available, using Read-Host fallback
[2025-08-02 17:54:17] [DEBUG] Main loop: Key received, calling HandleInput
[2025-08-02 17:54:17] [DEBUG] HandleInput: Key pressed: Q (Char: 'q') EditingIndex: 4
[2025-08-02 17:54:17] [DEBUG] HandleInput: In editing mode, delegating to HandleEditingInput
[2025-08-02 17:54:17] [DEBUG] Console not available, using Read-Host fallback
[2025-08-02 17:54:17] [DEBUG] Main loop: Key received, calling HandleInput
[2025-08-02 17:54:17] [DEBUG] HandleInput: Key pressed: Q (Char: 'q') EditingIndex: 4
[2025-08-02 17:54:17] [DEBUG] HandleInput: In editing mode, delegating to HandleEditingInput
[2025-08-02 17:54:17] [DEBUG] Console not available, using Read-Host fallback
[2025-08-02 17:54:17] [DEBUG] Main loop: Key received, calling HandleInput
[2025-08-02 17:54:17] [DEBUG] HandleInput: Key pressed: Q (Char: 'q') EditingIndex: 4
[2025-08-02 17:54:17] [DEBUG] HandleInput: In editing mode, delegating to HandleEditingInput
[2025-08-02 17:54:17] [DEBUG] Console not available, using Read-Host fallback
[2025-08-02 17:54:17] [DEBUG] Main loop: Key received, calling HandleInput
[2025-08-02 17:54:17] [DEBUG] HandleInput: Key pressed: Q (Char: 'q') EditingIndex: 4
[2025-08-02 17:54:17] [DEBUG] HandleInput: In editing mode, delegating to HandleEditingInput
[2025-08-02 17:54:17] [DEBUG] Console not available, using Read-Host fallback
[2025-08-02 17:54:17] [DEBUG] Main loop: Key received, calling HandleInput
[2025-08-02 17:54:17] [DEBUG] HandleInput: Key pressed: Q (Char: 'q') EditingIndex: 4
[2025-08-02 17:54:17] [DEBUG] HandleInput: In editing mode, delegating to HandleEditingInput
[2025-08-02 17:54:17] [DEBUG] Console not available, using Read-Host fallback
[2025-08-02 17:54:17] [DEBUG] Main loop: Key received, calling HandleInput
[2025-08-02 17:54:17] [DEBUG] HandleInput: Key pressed: Q (Char: 'q') EditingIndex: 4
[2025-08-02 17:54:17] [DEBUG] HandleInput: In editing mode, delegating to HandleEditingInput
[2025-08-02 17:54:17] [DEBUG] Console not available, using Read-Host fallback
[2025-08-02 17:54:17] [DEBUG] Main loop: Key received, calling HandleInput
[2025-08-02 17:54:17] [DEBUG] HandleInput: Key pressed: Q (Char: 'q') EditingIndex: 4
[2025-08-02 17:54:17] [DEBUG] HandleInput: In editing mode, delegating to HandleEditingInput
[2025-08-02 17:54:17] [DEBUG] Console not available, using Read-Host fallback
[2025-08-02 17:54:17] [DEBUG] Main loop: Key received, calling HandleInput
[2025-08-02 17:54:17] [DEBUG] HandleInput: Key pressed: Q (Char: 'q') EditingIndex: 4
[2025-08-02 17:54:17] [DEBUG] HandleInput: In editing mode, delegating to HandleEditingInput
[2025-08-02 17:54:17] [DEBUG] Console not available, using Read-Host fallback
[2025-08-02 17:54:17] [DEBUG] Main loop: Key received, calling HandleInput
[2025-08-02 17:54:17] [DEBUG] HandleInput: Key pressed: Q (Char: 'q') EditingIndex: 4
[2025-08-02 17:54:17] [DEBUG] HandleInput: In editing mode, delegating to HandleEditingInput
[2025-08-02 17:54:18] [DEBUG] Console not available, using Read-Host fallback
[2025-08-02 17:54:18] [DEBUG] Main loop: Key received, calling HandleInput
[2025-08-02 17:54:18] [DEBUG] HandleInput: Key pressed: Q (Char: 'q') EditingIndex: 4
[2025-08-02 17:54:18] [DEBUG] HandleInput: In editing mode, delegating to HandleEditingInput
[2025-08-02 17:54:18] [DEBUG] Console not available, using Read-Host fallback
[2025-08-02 17:54:18] [DEBUG] Main loop: Key received, calling HandleInput
[2025-08-02 17:54:18] [DEBUG] HandleInput: Key pressed: Q (Char: 'q') EditingIndex: 4
[2025-08-02 17:54:18] [DEBUG] HandleInput: In editing mode, delegating to HandleEditingInput
[2025-08-02 17:54:18] [DEBUG] Console not available, using Read-Host fallback
[2025-08-02 17:54:18] [DEBUG] Main loop: Key received, calling HandleInput
[2025-08-02 17:54:18] [DEBUG] HandleInput: Key pressed: Q (Char: 'q') EditingIndex: 4
[2025-08-02 17:54:18] [DEBUG] HandleInput: In editing mode, delegating to HandleEditingInput
[2025-08-02 17:54:18] [DEBUG] Console not available, using Read-Host fallback
[2025-08-02 17:54:18] [DEBUG] Main loop: Key received, calling HandleInput
[2025-08-02 17:54:18] [DEBUG] HandleInput: Key pressed: Q (Char: 'q') EditingIndex: 4
[2025-08-02 17:54:18] [DEBUG] HandleInput: In editing mode, delegating to HandleEditingInput
[2025-08-02 17:54:18] [DEBUG] Console not available, using Read-Host fallback
[2025-08-02 17:54:18] [DEBUG] Main loop: Key received, calling HandleInput
[2025-08-02 17:54:18] [DEBUG] HandleInput: Key pressed: Q (Char: 'q') EditingIndex: 4
[2025-08-02 17:54:18] [DEBUG] HandleInput: In editing mode, delegating to HandleEditingInput
[2025-08-02 17:54:18] [DEBUG] Console not available, using Read-Host fallback
[2025-08-02 17:54:18] [DEBUG] Main loop: Key received, calling HandleInput
[2025-08-02 17:54:18] [DEBUG] HandleInput: Key pressed: Q (Char: 'q') EditingIndex: 4
[2025-08-02 17:54:18] [DEBUG] HandleInput: In editing mode, delegating to HandleEditingInput
[2025-08-02 17:54:18] [DEBUG] Console not available, using Read-Host fallback
[2025-08-02 17:54:18] [DEBUG] Main loop: Key received, calling HandleInput
[2025-08-02 17:54:18] [DEBUG] HandleInput: Key pressed: Q (Char: 'q') EditingIndex: 4
[2025-08-02 17:54:18] [DEBUG] HandleInput: In editing mode, delegating to HandleEditingInput
[2025-08-02 17:54:18] [DEBUG] Console not available, using Read-Host fallback
[2025-08-02 17:54:18] [DEBUG] Main loop: Key received, calling HandleInput
[2025-08-02 17:54:18] [DEBUG] HandleInput: Key pressed: Q (Char: 'q') EditingIndex: 4
[2025-08-02 17:54:18] [DEBUG] HandleInput: In editing mode, delegating to HandleEditingInput
[2025-08-02 17:54:18] [DEBUG] Console not available, using Read-Host fallback
[2025-08-02 17:54:18] [DEBUG] Main loop: Key received, calling HandleInput
[2025-08-02 17:54:18] [DEBUG] HandleInput: Key pressed: Q (Char: 'q') EditingIndex: 4
[2025-08-02 17:54:18] [DEBUG] HandleInput: In editing mode, delegating to HandleEditingInput
[2025-08-02 17:54:18] [DEBUG] Console not available, using Read-Host fallback
[2025-08-02 17:54:18] [DEBUG] Main loop: Key received, calling HandleInput
[2025-08-02 17:54:18] [DEBUG] HandleInput: Key pressed: Q (Char: 'q') EditingIndex: 4
[2025-08-02 17:54:18] [DEBUG] HandleInput: In editing mode, delegating to HandleEditingInput
[2025-08-02 17:54:18] [DEBUG] Console not available, using Read-Host fallback
[2025-08-02 17:54:18] [DEBUG] Main loop: Key received, calling HandleInput
[2025-08-02 17:54:18] [DEBUG] HandleInput: Key pressed: Q (Char: 'q') EditingIndex: 4
[2025-08-02 17:54:18] [DEBUG] HandleInput: In editing mode, delegating to HandleEditingInput
[2025-08-02 17:54:18] [DEBUG] Console not available, using Read-Host fallback
[2025-08-02 17:54:18] [DEBUG] Main loop: Key received, calling HandleInput
[2025-08-02 17:54:18] [DEBUG] HandleInput: Key pressed: Q (Char: 'q') EditingIndex: 4
[2025-08-02 17:54:18] [DEBUG] HandleInput: In editing mode, delegating to HandleEditingInput
[2025-08-02 17:54:18] [DEBUG] Console not available, using Read-Host fallback
[2025-08-02 17:54:18] [DEBUG] Main loop: Key received, calling HandleInput
[2025-08-02 17:54:18] [DEBUG] HandleInput: Key pressed: Q (Char: 'q') EditingIndex: 4
[2025-08-02 17:54:18] [DEBUG] HandleInput: In editing mode, delegating to HandleEditingInput
[2025-08-02 17:54:18] [DEBUG] Console not available, using Read-Host fallback
[2025-08-02 17:54:18] [DEBUG] Main loop: Key received, calling HandleInput
[2025-08-02 17:54:18] [DEBUG] HandleInput: Key pressed: Q (Char: 'q') EditingIndex: 4
[2025-08-02 17:54:18] [DEBUG] HandleInput: In editing mode, delegating to HandleEditingInput
[2025-08-02 17:54:18] [DEBUG] Console not available, using Read-Host fallback
[2025-08-02 17:54:18] [DEBUG] Main loop: Key received, calling HandleInput
[2025-08-02 17:54:18] [DEBUG] HandleInput: Key pressed: Q (Char: 'q') EditingIndex: 4
[2025-08-02 17:54:18] [DEBUG] HandleInput: In editing mode, delegating to HandleEditingInput
[2025-08-02 17:54:18] [DEBUG] Console not available, using Read-Host fallback
[2025-08-02 17:54:18] [DEBUG] Main loop: Key received, calling HandleInput
[2025-08-02 17:54:18] [DEBUG] HandleInput: Key pressed: Q (Char: 'q') EditingIndex: 4
[2025-08-02 17:54:18] [DEBUG] HandleInput: In editing mode, delegating to HandleEditingInput
[2025-08-02 17:54:18] [DEBUG] Console not available, using Read-Host fallback
[2025-08-02 17:54:18] [DEBUG] Main loop: Key received, calling HandleInput
[2025-08-02 17:54:18] [DEBUG] HandleInput: Key pressed: Q (Char: 'q') EditingIndex: 4
[2025-08-02 17:54:18] [DEBUG] HandleInput: In editing mode, delegating to HandleEditingInput
[2025-08-02 17:54:18] [DEBUG] Console not available, using Read-Host fallback
[2025-08-02 17:54:18] [DEBUG] Main loop: Key received, calling HandleInput
[2025-08-02 17:54:18] [DEBUG] HandleInput: Key pressed: Q (Char: 'q') EditingIndex: 4
[2025-08-02 17:54:18] [DEBUG] HandleInput: In editing mode, delegating to HandleEditingInput
[2025-08-02 17:54:18] [DEBUG] Console not available, using Read-Host fallback
[2025-08-02 17:54:18] [DEBUG] Main loop: Key received, calling HandleInput
[2025-08-02 17:54:18] [DEBUG] HandleInput: Key pressed: Q (Char: 'q') EditingIndex: 4
[2025-08-02 17:54:18] [DEBUG] HandleInput: In editing mode, delegating to HandleEditingInput
[2025-08-02 17:54:18] [DEBUG] Console not available, using Read-Host fallback
[2025-08-02 17:54:18] [DEBUG] Main loop: Key received, calling HandleInput
[2025-08-02 17:54:18] [DEBUG] HandleInput: Key pressed: Q (Char: 'q') EditingIndex: 4
[2025-08-02 17:54:18] [DEBUG] HandleInput: In editing mode, delegating to HandleEditingInput
[2025-08-02 17:54:18] [DEBUG] Console not available, using Read-Host fallback
[2025-08-02 17:54:18] [DEBUG] Main loop: Key received, calling HandleInput
[2025-08-02 17:54:18] [DEBUG] HandleInput: Key pressed: Q (Char: 'q') EditingIndex: 4
[2025-08-02 17:54:18] [DEBUG] HandleInput: In editing mode, delegating to HandleEditingInput
[2025-08-02 17:54:18] [DEBUG] Console not available, using Read-Host fallback
[2025-08-02 17:54:18] [DEBUG] Main loop: Key received, calling HandleInput
[2025-08-02 17:54:18] [DEBUG] HandleInput: Key pressed: Q (Char: 'q') EditingIndex: 4
[2025-08-02 17:54:18] [DEBUG] HandleInput: In editing mode, delegating to HandleEditingInput
[2025-08-02 17:54:18] [DEBUG] Console not available, using Read-Host fallback
[2025-08-02 17:54:18] [DEBUG] Main loop: Key received, calling HandleInput
[2025-08-02 17:54:18] [DEBUG] HandleInput: Key pressed: Q (Char: 'q') EditingIndex: 4
[2025-08-02 17:54:18] [DEBUG] HandleInput: In editing mode, delegating to HandleEditingInput
[2025-08-02 17:54:18] [DEBUG] Console not available, using Read-Host fallback
[2025-08-02 17:54:18] [DEBUG] Main loop: Key received, calling HandleInput
[2025-08-02 17:54:18] [DEBUG] HandleInput: Key pressed: Q (Char: 'q') EditingIndex: 4
[2025-08-02 17:54:18] [DEBUG] HandleInput: In editing mode, delegating to HandleEditingInput
[2025-08-02 17:54:19] [DEBUG] Console not available, using Read-Host fallback
[2025-08-02 17:54:19] [DEBUG] Main loop: Key received, calling HandleInput
[2025-08-02 17:54:19] [DEBUG] HandleInput: Key pressed: Q (Char: 'q') EditingIndex: 4
[2025-08-02 17:54:19] [DEBUG] HandleInput: In editing mode, delegating to HandleEditingInput
[2025-08-02 17:54:19] [DEBUG] Console not available, using Read-Host fallback
[2025-08-02 17:54:19] [DEBUG] Main loop: Key received, calling HandleInput
[2025-08-02 17:54:19] [DEBUG] HandleInput: Key pressed: Q (Char: 'q') EditingIndex: 4
[2025-08-02 17:54:19] [DEBUG] HandleInput: In editing mode, delegating to HandleEditingInput
[2025-08-02 17:54:19] [DEBUG] Console not available, using Read-Host fallback
[2025-08-02 17:54:19] [DEBUG] Main loop: Key received, calling HandleInput
[2025-08-02 17:54:19] [DEBUG] HandleInput: Key pressed: Q (Char: 'q') EditingIndex: 4
[2025-08-02 17:54:19] [DEBUG] HandleInput: In editing mode, delegating to HandleEditingInput
[2025-08-02 17:54:19] [DEBUG] Console not available, using Read-Host fallback
[2025-08-02 17:54:19] [DEBUG] Main loop: Key received, calling HandleInput
[2025-08-02 17:54:19] [DEBUG] HandleInput: Key pressed: Q (Char: 'q') EditingIndex: 4
[2025-08-02 17:54:19] [DEBUG] HandleInput: In editing mode, delegating to HandleEditingInput
[2025-08-02 17:54:19] [DEBUG] Console not available, using Read-Host fallback
[2025-08-02 17:54:19] [DEBUG] Main loop: Key received, calling HandleInput
[2025-08-02 17:54:19] [DEBUG] HandleInput: Key pressed: Q (Char: 'q') EditingIndex: 4
[2025-08-02 17:54:19] [DEBUG] HandleInput: In editing mode, delegating to HandleEditingInput
[2025-08-02 17:54:19] [DEBUG] Console not available, using Read-Host fallback
[2025-08-02 17:54:19] [DEBUG] Main loop: Key received, calling HandleInput
[2025-08-02 17:54:19] [DEBUG] HandleInput: Key pressed: Q (Char: 'q') EditingIndex: 4
[2025-08-02 17:54:19] [DEBUG] HandleInput: In editing mode, delegating to HandleEditingInput
[2025-08-02 17:54:19] [DEBUG] Console not available, using Read-Host fallback
[2025-08-02 17:54:19] [DEBUG] Main loop: Key received, calling HandleInput
[2025-08-02 17:54:19] [DEBUG] HandleInput: Key pressed: Q (Char: 'q') EditingIndex: 4
[2025-08-02 17:54:19] [DEBUG] HandleInput: In editing mode, delegating to HandleEditingInput
[2025-08-02 17:54:19] [DEBUG] Console not available, using Read-Host fallback
[2025-08-02 17:54:19] [DEBUG] Main loop: Key received, calling HandleInput
[2025-08-02 17:54:19] [DEBUG] HandleInput: Key pressed: Q (Char: 'q') EditingIndex: 4
[2025-08-02 17:54:19] [DEBUG] HandleInput: In editing mode, delegating to HandleEditingInput
[2025-08-02 17:54:19] [DEBUG] Console not available, using Read-Host fallback
[2025-08-02 17:54:19] [DEBUG] Main loop: Key received, calling HandleInput
[2025-08-02 17:54:19] [DEBUG] HandleInput: Key pressed: Q (Char: 'q') EditingIndex: 4
[2025-08-02 17:54:19] [DEBUG] HandleInput: In editing mode, delegating to HandleEditingInput
[2025-08-02 17:54:19] [DEBUG] Console not available, using Read-Host fallback
[2025-08-02 17:54:19] [DEBUG] Main loop: Key received, calling HandleInput
[2025-08-02 17:54:19] [DEBUG] HandleInput: Key pressed: Q (Char: 'q') EditingIndex: 4
[2025-08-02 17:54:19] [DEBUG] HandleInput: In editing mode, delegating to HandleEditingInput
[2025-08-02 17:54:19] [DEBUG] Console not available, using Read-Host fallback
[2025-08-02 17:54:19] [DEBUG] Main loop: Key received, calling HandleInput
[2025-08-02 17:54:19] [DEBUG] HandleInput: Key pressed: Q (Char: 'q') EditingIndex: 4
[2025-08-02 17:54:19] [DEBUG] HandleInput: In editing mode, delegating to HandleEditingInput
[2025-08-02 17:54:19] [DEBUG] Console not available, using Read-Host fallback
[2025-08-02 17:54:19] [DEBUG] Main loop: Key received, calling HandleInput
[2025-08-02 17:54:19] [DEBUG] HandleInput: Key pressed: Q (Char: 'q') EditingIndex: 4
[2025-08-02 17:54:19] [DEBUG] HandleInput: In editing mode, delegating to HandleEditingInput
[2025-08-02 17:54:19] [DEBUG] Console not available, using Read-Host fallback
[2025-08-02 17:54:19] [DEBUG] Main loop: Key received, calling HandleInput
[2025-08-02 17:54:19] [DEBUG] HandleInput: Key pressed: Q (Char: 'q') EditingIndex: 4
[2025-08-02 17:54:19] [DEBUG] HandleInput: In editing mode, delegating to HandleEditingInput
[2025-08-02 17:54:19] [DEBUG] Console not available, using Read-Host fallback
[2025-08-02 17:54:19] [DEBUG] Main loop: Key received, calling HandleInput
[2025-08-02 17:54:19] [DEBUG] HandleInput: Key pressed: Q (Char: 'q') EditingIndex: 4
[2025-08-02 17:54:19] [DEBUG] HandleInput: In editing mode, delegating to HandleEditingInput
[2025-08-02 17:54:19] [DEBUG] Console not available, using Read-Host fallback
[2025-08-02 17:54:19] [DEBUG] Main loop: Key received, calling HandleInput
[2025-08-02 17:54:19] [DEBUG] HandleInput: Key pressed: Q (Char: 'q') EditingIndex: 4
[2025-08-02 17:54:19] [DEBUG] HandleInput: In editing mode, delegating to HandleEditingInput
[2025-08-02 17:54:19] [DEBUG] Console not available, using Read-Host fallback
[2025-08-02 17:54:19] [DEBUG] Main loop: Key received, calling HandleInput
[2025-08-02 17:54:19] [DEBUG] HandleInput: Key pressed: Q (Char: 'q') EditingIndex: 4
[2025-08-02 17:54:19] [DEBUG] HandleInput: In editing mode, delegating to HandleEditingInput
[2025-08-02 17:54:19] [DEBUG] Console not available, using Read-Host fallback
[2025-08-02 17:54:19] [DEBUG] Main loop: Key received, calling HandleInput
[2025-08-02 17:54:19] [DEBUG] HandleInput: Key pressed: Q (Char: 'q') EditingIndex: 4
[2025-08-02 17:54:19] [DEBUG] HandleInput: In editing mode, delegating to HandleEditingInput
[2025-08-02 17:54:19] [DEBUG] Console not available, using Read-Host fallback
[2025-08-02 17:54:19] [DEBUG] Main loop: Key received, calling HandleInput
[2025-08-02 17:54:19] [DEBUG] HandleInput: Key pressed: Q (Char: 'q') EditingIndex: 4
[2025-08-02 17:54:19] [DEBUG] HandleInput: In editing mode, delegating to HandleEditingInput
[2025-08-02 17:54:19] [DEBUG] Console not available, using Read-Host fallback
[2025-08-02 17:54:19] [DEBUG] Main loop: Key received, calling HandleInput
[2025-08-02 17:54:19] [DEBUG] HandleInput: Key pressed: Q (Char: 'q') EditingIndex: 4
[2025-08-02 17:54:19] [DEBUG] HandleInput: In editing mode, delegating to HandleEditingInput
[2025-08-02 17:54:19] [DEBUG] Console not available, using Read-Host fallback
[2025-08-02 17:54:19] [DEBUG] Main loop: Key received, calling HandleInput
[2025-08-02 17:54:19] [DEBUG] HandleInput: Key pressed: Q (Char: 'q') EditingIndex: 4
[2025-08-02 17:54:19] [DEBUG] HandleInput: In editing mode, delegating to HandleEditingInput
[2025-08-02 17:54:19] [DEBUG] Console not available, using Read-Host fallback
[2025-08-02 17:54:19] [DEBUG] Main loop: Key received, calling HandleInput
[2025-08-02 17:54:19] [DEBUG] HandleInput: Key pressed: Q (Char: 'q') EditingIndex: 4
[2025-08-02 17:54:19] [DEBUG] HandleInput: In editing mode, delegating to HandleEditingInput
[2025-08-02 17:54:19] [DEBUG] Console not available, using Read-Host fallback
[2025-08-02 17:54:19] [DEBUG] Main loop: Key received, calling HandleInput
[2025-08-02 17:54:19] [DEBUG] HandleInput: Key pressed: Q (Char: 'q') EditingIndex: 4
[2025-08-02 17:54:19] [DEBUG] HandleInput: In editing mode, delegating to HandleEditingInput
[2025-08-02 17:54:19] [DEBUG] Console not available, using Read-Host fallback
[2025-08-02 17:54:19] [DEBUG] Main loop: Key received, calling HandleInput
[2025-08-02 17:54:19] [DEBUG] HandleInput: Key pressed: Q (Char: 'q') EditingIndex: 4
[2025-08-02 17:54:19] [DEBUG] HandleInput: In editing mode, delegating to HandleEditingInput
[2025-08-02 17:54:19] [DEBUG] Console not available, using Read-Host fallback
[2025-08-02 17:54:19] [DEBUG] Main loop: Key received, calling HandleInput
[2025-08-02 17:54:19] [DEBUG] HandleInput: Key pressed: Q (Char: 'q') EditingIndex: 4
[2025-08-02 17:54:19] [DEBUG] HandleInput: In editing mode, delegating to HandleEditingInput
[2025-08-02 17:54:19] [DEBUG] Console not available, using Read-Host fallback
[2025-08-02 17:54:19] [DEBUG] Main loop: Key received, calling HandleInput
[2025-08-02 17:54:19] [DEBUG] HandleInput: Key pressed: Q (Char: 'q') EditingIndex: 4
[2025-08-02 17:54:19] [DEBUG] HandleInput: In editing mode, delegating to HandleEditingInput
[2025-08-02 17:54:19] [DEBUG] Console not available, using Read-Host fallback
[2025-08-02 17:54:19] [DEBUG] Main loop: Key received, calling HandleInput
[2025-08-02 17:54:19] [DEBUG] HandleInput: Key pressed: Q (Char: 'q') EditingIndex: 4
[2025-08-02 17:54:19] [DEBUG] HandleInput: In editing mode, delegating to HandleEditingInput
[2025-08-02 17:54:20] [DEBUG] Console not available, using Read-Host fallback
[2025-08-02 17:54:20] [DEBUG] Main loop: Key received, calling HandleInput
[2025-08-02 17:54:20] [DEBUG] HandleInput: Key pressed: Q (Char: 'q') EditingIndex: 4
[2025-08-02 17:54:20] [DEBUG] HandleInput: In editing mode, delegating to HandleEditingInput
[2025-08-02 17:54:20] [DEBUG] Console not available, using Read-Host fallback
[2025-08-02 17:54:20] [DEBUG] Main loop: Key received, calling HandleInput
[2025-08-02 17:54:20] [DEBUG] HandleInput: Key pressed: Q (Char: 'q') EditingIndex: 4
[2025-08-02 17:54:20] [DEBUG] HandleInput: In editing mode, delegating to HandleEditingInput
[2025-08-02 17:54:20] [DEBUG] Console not available, using Read-Host fallback
[2025-08-02 17:54:20] [DEBUG] Main loop: Key received, calling HandleInput
[2025-08-02 17:54:20] [DEBUG] HandleInput: Key pressed: Q (Char: 'q') EditingIndex: 4
[2025-08-02 17:54:20] [DEBUG] HandleInput: In editing mode, delegating to HandleEditingInput
[2025-08-02 17:54:20] [DEBUG] Console not available, using Read-Host fallback
[2025-08-02 17:54:20] [DEBUG] Main loop: Key received, calling HandleInput
[2025-08-02 17:54:20] [DEBUG] HandleInput: Key pressed: Q (Char: 'q') EditingIndex: 4
[2025-08-02 17:54:20] [DEBUG] HandleInput: In editing mode, delegating to HandleEditingInput
[2025-08-02 17:54:20] [DEBUG] Console not available, using Read-Host fallback
[2025-08-02 17:54:20] [DEBUG] Main loop: Key received, calling HandleInput
[2025-08-02 17:54:20] [DEBUG] HandleInput: Key pressed: Q (Char: 'q') EditingIndex: 4
[2025-08-02 17:54:20] [DEBUG] HandleInput: In editing mode, delegating to HandleEditingInput
[2025-08-02 17:54:20] [DEBUG] Console not available, using Read-Host fallback
[2025-08-02 17:54:20] [DEBUG] Main loop: Key received, calling HandleInput
[2025-08-02 17:54:20] [DEBUG] HandleInput: Key pressed: Q (Char: 'q') EditingIndex: 4
[2025-08-02 17:54:20] [DEBUG] HandleInput: In editing mode, delegating to HandleEditingInput
[2025-08-02 17:54:20] [DEBUG] Console not available, using Read-Host fallback
[2025-08-02 17:54:20] [DEBUG] Main loop: Key received, calling HandleInput
[2025-08-02 17:54:20] [DEBUG] HandleInput: Key pressed: Q (Char: 'q') EditingIndex: 4
[2025-08-02 17:54:20] [DEBUG] HandleInput: In editing mode, delegating to HandleEditingInput
[2025-08-02 17:54:20] [DEBUG] Console not available, using Read-Host fallback
[2025-08-02 17:54:20] [DEBUG] Main loop: Key received, calling HandleInput
[2025-08-02 17:54:20] [DEBUG] HandleInput: Key pressed: Q (Char: 'q') EditingIndex: 4
[2025-08-02 17:54:20] [DEBUG] HandleInput: In editing mode, delegating to HandleEditingInput
[2025-08-02 17:54:20] [DEBUG] Console not available, using Read-Host fallback
[2025-08-02 17:54:20] [DEBUG] Main loop: Key received, calling HandleInput
[2025-08-02 17:54:20] [DEBUG] HandleInput: Key pressed: Q (Char: 'q') EditingIndex: 4
[2025-08-02 17:54:20] [DEBUG] HandleInput: In editing mode, delegating to HandleEditingInput
[2025-08-02 17:54:20] [DEBUG] Console not available, using Read-Host fallback
[2025-08-02 17:54:20] [DEBUG] Main loop: Key received, calling HandleInput
[2025-08-02 17:54:20] [DEBUG] HandleInput: Key pressed: Q (Char: 'q') EditingIndex: 4
[2025-08-02 17:54:20] [DEBUG] HandleInput: In editing mode, delegating to HandleEditingInput
[2025-08-02 17:54:20] [DEBUG] Console not available, using Read-Host fallback
[2025-08-02 17:54:20] [DEBUG] Main loop: Key received, calling HandleInput
[2025-08-02 17:54:20] [DEBUG] HandleInput: Key pressed: Q (Char: 'q') EditingIndex: 4
[2025-08-02 17:54:20] [DEBUG] HandleInput: In editing mode, delegating to HandleEditingInput
[2025-08-02 17:54:20] [DEBUG] Console not available, using Read-Host fallback
[2025-08-02 17:54:20] [DEBUG] Main loop: Key received, calling HandleInput
[2025-08-02 17:54:20] [DEBUG] HandleInput: Key pressed: Q (Char: 'q') EditingIndex: 4
[2025-08-02 17:54:20] [DEBUG] HandleInput: In editing mode, delegating to HandleEditingInput
[2025-08-02 17:54:20] [DEBUG] Console not available, using Read-Host fallback
[2025-08-02 17:54:20] [DEBUG] Main loop: Key received, calling HandleInput
[2025-08-02 17:54:20] [DEBUG] HandleInput: Key pressed: Q (Char: 'q') EditingIndex: 4
[2025-08-02 17:54:20] [DEBUG] HandleInput: In editing mode, delegating to HandleEditingInput
[2025-08-02 17:54:20] [DEBUG] Console not available, using Read-Host fallback
[2025-08-02 17:54:20] [DEBUG] Main loop: Key received, calling HandleInput
[2025-08-02 17:54:20] [DEBUG] HandleInput: Key pressed: Q (Char: 'q') EditingIndex: 4
[2025-08-02 17:54:20] [DEBUG] HandleInput: In editing mode, delegating to HandleEditingInput
[2025-08-02 17:54:20] [DEBUG] Console not available, using Read-Host fallback
[2025-08-02 17:54:20] [DEBUG] Main loop: Key received, calling HandleInput
[2025-08-02 17:54:20] [DEBUG] HandleInput: Key pressed: Q (Char: 'q') EditingIndex: 4
[2025-08-02 17:54:20] [DEBUG] HandleInput: In editing mode, delegating to HandleEditingInput
[2025-08-02 17:54:20] [DEBUG] Console not available, using Read-Host fallback
[2025-08-02 17:54:20] [DEBUG] Main loop: Key received, calling HandleInput
[2025-08-02 17:54:20] [DEBUG] HandleInput: Key pressed: Q (Char: 'q') EditingIndex: 4
[2025-08-02 17:54:20] [DEBUG] HandleInput: In editing mode, delegating to HandleEditingInput
[2025-08-02 17:54:20] [DEBUG] Console not available, using Read-Host fallback
[2025-08-02 17:54:20] [DEBUG] Main loop: Key received, calling HandleInput
[2025-08-02 17:54:20] [DEBUG] HandleInput: Key pressed: Q (Char: 'q') EditingIndex: 4
[2025-08-02 17:54:20] [DEBUG] HandleInput: In editing mode, delegating to HandleEditingInput
[2025-08-02 17:54:20] [DEBUG] Console not available, using Read-Host fallback
[2025-08-02 17:54:20] [DEBUG] Main loop: Key received, calling HandleInput
[2025-08-02 17:54:20] [DEBUG] HandleInput: Key pressed: Q (Char: 'q') EditingIndex: 4
[2025-08-02 17:54:20] [DEBUG] HandleInput: In editing mode, delegating to HandleEditingInput
[2025-08-02 17:54:20] [DEBUG] Console not available, using Read-Host fallback
[2025-08-02 17:54:20] [DEBUG] Main loop: Key received, calling HandleInput
[2025-08-02 17:54:20] [DEBUG] HandleInput: Key pressed: Q (Char: 'q') EditingIndex: 4
[2025-08-02 17:54:20] [DEBUG] HandleInput: In editing mode, delegating to HandleEditingInput
[2025-08-02 17:54:20] [DEBUG] Console not available, using Read-Host fallback
[2025-08-02 17:54:20] [DEBUG] Main loop: Key received, calling HandleInput
[2025-08-02 17:54:20] [DEBUG] HandleInput: Key pressed: Q (Char: 'q') EditingIndex: 4
[2025-08-02 17:54:20] [DEBUG] HandleInput: In editing mode, delegating to HandleEditingInput
[2025-08-02 17:54:20] [DEBUG] Console not available, using Read-Host fallback
[2025-08-02 17:54:20] [DEBUG] Main loop: Key received, calling HandleInput
[2025-08-02 17:54:20] [DEBUG] HandleInput: Key pressed: Q (Char: 'q') EditingIndex: 4
[2025-08-02 17:54:20] [DEBUG] HandleInput: In editing mode, delegating to HandleEditingInput
[2025-08-02 17:54:20] [DEBUG] Console not available, using Read-Host fallback
[2025-08-02 17:54:20] [DEBUG] Main loop: Key received, calling HandleInput
[2025-08-02 17:54:20] [DEBUG] HandleInput: Key pressed: Q (Char: 'q') EditingIndex: 4
[2025-08-02 17:54:20] [DEBUG] HandleInput: In editing mode, delegating to HandleEditingInput
[2025-08-02 17:54:20] [DEBUG] Console not available, using Read-Host fallback
[2025-08-02 17:54:20] [DEBUG] Main loop: Key received, calling HandleInput
[2025-08-02 17:54:20] [DEBUG] HandleInput: Key pressed: Q (Char: 'q') EditingIndex: 4
[2025-08-02 17:54:20] [DEBUG] HandleInput: In editing mode, delegating to HandleEditingInput
[2025-08-02 17:54:21] [DEBUG] Console not available, using Read-Host fallback
[2025-08-02 17:54:21] [DEBUG] Main loop: Key received, calling HandleInput
[2025-08-02 17:54:21] [DEBUG] HandleInput: Key pressed: Q (Char: 'q') EditingIndex: 4
[2025-08-02 17:54:21] [DEBUG] HandleInput: In editing mode, delegating to HandleEditingInput
[2025-08-02 17:54:21] [DEBUG] Console not available, using Read-Host fallback
[2025-08-02 17:54:21] [DEBUG] Main loop: Key received, calling HandleInput
[2025-08-02 17:54:21] [DEBUG] HandleInput: Key pressed: Q (Char: 'q') EditingIndex: 4
[2025-08-02 17:54:21] [DEBUG] HandleInput: In editing mode, delegating to HandleEditingInput
[2025-08-02 17:54:21] [DEBUG] Console not available, using Read-Host fallback
[2025-08-02 17:54:21] [DEBUG] Main loop: Key received, calling HandleInput
[2025-08-02 17:54:21] [DEBUG] HandleInput: Key pressed: Q (Char: 'q') EditingIndex: 4
[2025-08-02 17:54:21] [DEBUG] HandleInput: In editing mode, delegating to HandleEditingInput
[2025-08-02 17:54:21] [DEBUG] Console not available, using Read-Host fallback
[2025-08-02 17:54:21] [DEBUG] Main loop: Key received, calling HandleInput
[2025-08-02 17:54:21] [DEBUG] HandleInput: Key pressed: Q (Char: 'q') EditingIndex: 4
[2025-08-02 17:54:21] [DEBUG] HandleInput: In editing mode, delegating to HandleEditingInput
[2025-08-02 17:54:21] [DEBUG] Console not available, using Read-Host fallback
[2025-08-02 17:54:21] [DEBUG] Main loop: Key received, calling HandleInput
[2025-08-02 17:54:21] [DEBUG] HandleInput: Key pressed: Q (Char: 'q') EditingIndex: 4
[2025-08-02 17:54:21] [DEBUG] HandleInput: In editing mode, delegating to HandleEditingInput
[2025-08-02 17:54:21] [DEBUG] Console not available, using Read-Host fallback
[2025-08-02 17:54:21] [DEBUG] Main loop: Key received, calling HandleInput
[2025-08-02 17:54:21] [DEBUG] HandleInput: Key pressed: Q (Char: 'q') EditingIndex: 4
[2025-08-02 17:54:21] [DEBUG] HandleInput: In editing mode, delegating to HandleEditingInput
[2025-08-02 17:54:21] [DEBUG] Console not available, using Read-Host fallback
[2025-08-02 17:54:21] [DEBUG] Main loop: Key received, calling HandleInput
[2025-08-02 17:54:21] [DEBUG] HandleInput: Key pressed: Q (Char: 'q') EditingIndex: 4
[2025-08-02 17:54:21] [DEBUG] HandleInput: In editing mode, delegating to HandleEditingInput
[2025-08-02 17:54:21] [DEBUG] Console not available, using Read-Host fallback
[2025-08-02 17:54:21] [DEBUG] Main loop: Key received, calling HandleInput
[2025-08-02 17:54:21] [DEBUG] HandleInput: Key pressed: Q (Char: 'q') EditingIndex: 4
[2025-08-02 17:54:21] [DEBUG] HandleInput: In editing mode, delegating to HandleEditingInput
[2025-08-02 17:54:21] [DEBUG] Console not available, using Read-Host fallback
[2025-08-02 17:54:21] [DEBUG] Main loop: Key received, calling HandleInput
[2025-08-02 17:54:21] [DEBUG] HandleInput: Key pressed: Q (Char: 'q') EditingIndex: 4
[2025-08-02 17:54:21] [DEBUG] HandleInput: In editing mode, delegating to HandleEditingInput
[2025-08-02 17:54:21] [DEBUG] Console not available, using Read-Host fallback
[2025-08-02 17:54:21] [DEBUG] Main loop: Key received, calling HandleInput
[2025-08-02 17:54:21] [DEBUG] HandleInput: Key pressed: Q (Char: 'q') EditingIndex: 4
[2025-08-02 17:54:21] [DEBUG] HandleInput: In editing mode, delegating to HandleEditingInput
[2025-08-02 17:54:21] [DEBUG] Console not available, using Read-Host fallback
[2025-08-02 17:54:21] [DEBUG] Main loop: Key received, calling HandleInput
[2025-08-02 17:54:21] [DEBUG] HandleInput: Key pressed: Q (Char: 'q') EditingIndex: 4
[2025-08-02 17:54:21] [DEBUG] HandleInput: In editing mode, delegating to HandleEditingInput
[2025-08-02 17:54:21] [DEBUG] Console not available, using Read-Host fallback
[2025-08-02 17:54:21] [DEBUG] Main loop: Key received, calling HandleInput
[2025-08-02 17:54:21] [DEBUG] HandleInput: Key pressed: Q (Char: 'q') EditingIndex: 4
[2025-08-02 17:54:21] [DEBUG] HandleInput: In editing mode, delegating to HandleEditingInput
[2025-08-02 17:54:21] [DEBUG] Console not available, using Read-Host fallback
[2025-08-02 17:54:21] [DEBUG] Main loop: Key received, calling HandleInput
[2025-08-02 17:54:21] [DEBUG] HandleInput: Key pressed: Q (Char: 'q') EditingIndex: 4
[2025-08-02 17:54:21] [DEBUG] HandleInput: In editing mode, delegating to HandleEditingInput
[2025-08-02 17:54:21] [DEBUG] Console not available, using Read-Host fallback
[2025-08-02 17:54:21] [DEBUG] Main loop: Key received, calling HandleInput
[2025-08-02 17:54:21] [DEBUG] HandleInput: Key pressed: Q (Char: 'q') EditingIndex: 4
[2025-08-02 17:54:21] [DEBUG] HandleInput: In editing mode, delegating to HandleEditingInput
[2025-08-02 17:54:21] [DEBUG] Console not available, using Read-Host fallback
[2025-08-02 17:54:21] [DEBUG] Main loop: Key received, calling HandleInput
[2025-08-02 17:54:21] [DEBUG] HandleInput: Key pressed: Q (Char: 'q') EditingIndex: 4
[2025-08-02 17:54:21] [DEBUG] HandleInput: In editing mode, delegating to HandleEditingInput
[2025-08-02 17:54:21] [DEBUG] Console not available, using Read-Host fallback
[2025-08-02 17:54:21] [DEBUG] Main loop: Key received, calling HandleInput
[2025-08-02 17:54:21] [DEBUG] HandleInput: Key pressed: Q (Char: 'q') EditingIndex: 4
[2025-08-02 17:54:21] [DEBUG] HandleInput: In editing mode, delegating to HandleEditingInput
[2025-08-02 17:54:21] [DEBUG] Console not available, using Read-Host fallback
[2025-08-02 17:54:21] [DEBUG] Main loop: Key received, calling HandleInput
[2025-08-02 17:54:21] [DEBUG] HandleInput: Key pressed: Q (Char: 'q') EditingIndex: 4
[2025-08-02 17:54:21] [DEBUG] HandleInput: In editing mode, delegating to HandleEditingInput
[2025-08-02 17:54:21] [DEBUG] Console not available, using Read-Host fallback
[2025-08-02 17:54:21] [DEBUG] Main loop: Key received, calling HandleInput
[2025-08-02 17:54:21] [DEBUG] HandleInput: Key pressed: Q (Char: 'q') EditingIndex: 4
[2025-08-02 17:54:21] [DEBUG] HandleInput: In editing mode, delegating to HandleEditingInput
[2025-08-02 17:54:21] [DEBUG] Console not available, using Read-Host fallback
[2025-08-02 17:54:21] [DEBUG] Main loop: Key received, calling HandleInput
[2025-08-02 17:54:21] [DEBUG] HandleInput: Key pressed: Q (Char: 'q') EditingIndex: 4
[2025-08-02 17:54:21] [DEBUG] HandleInput: In editing mode, delegating to HandleEditingInput
[2025-08-02 17:54:21] [DEBUG] Console not available, using Read-Host fallback
[2025-08-02 17:54:21] [DEBUG] Main loop: Key received, calling HandleInput
[2025-08-02 17:54:21] [DEBUG] HandleInput: Key pressed: Q (Char: 'q') EditingIndex: 4
[2025-08-02 17:54:21] [DEBUG] HandleInput: In editing mode, delegating to HandleEditingInput
[2025-08-02 17:54:21] [DEBUG] Console not available, using Read-Host fallback
[2025-08-02 17:54:21] [DEBUG] Main loop: Key received, calling HandleInput
[2025-08-02 17:54:21] [DEBUG] HandleInput: Key pressed: Q (Char: 'q') EditingIndex: 4
[2025-08-02 17:54:21] [DEBUG] HandleInput: In editing mode, delegating to HandleEditingInput
[2025-08-02 17:54:21] [DEBUG] Console not available, using Read-Host fallback
[2025-08-02 17:54:21] [DEBUG] Main loop: Key received, calling HandleInput
[2025-08-02 17:54:21] [DEBUG] HandleInput: Key pressed: Q (Char: 'q') EditingIndex: 4
[2025-08-02 17:54:21] [DEBUG] HandleInput: In editing mode, delegating to HandleEditingInput
[2025-08-02 17:54:21] [DEBUG] Console not available, using Read-Host fallback
[2025-08-02 17:54:21] [DEBUG] Main loop: Key received, calling HandleInput
[2025-08-02 17:54:21] [DEBUG] HandleInput: Key pressed: Q (Char: 'q') EditingIndex: 4
[2025-08-02 17:54:21] [DEBUG] HandleInput: In editing mode, delegating to HandleEditingInput
[2025-08-02 17:54:21] [DEBUG] Console not available, using Read-Host fallback
[2025-08-02 17:54:21] [DEBUG] Main loop: Key received, calling HandleInput
[2025-08-02 17:54:21] [DEBUG] HandleInput: Key pressed: Q (Char: 'q') EditingIndex: 4
[2025-08-02 17:54:21] [DEBUG] HandleInput: In editing mode, delegating to HandleEditingInput
[2025-08-02 17:54:21] [DEBUG] Console not available, using Read-Host fallback
[2025-08-02 17:54:21] [DEBUG] Main loop: Key received, calling HandleInput
[2025-08-02 17:54:21] [DEBUG] HandleInput: Key pressed: Q (Char: 'q') EditingIndex: 4
[2025-08-02 17:54:21] [DEBUG] HandleInput: In editing mode, delegating to HandleEditingInput
[2025-08-02 17:54:21] [DEBUG] Console not available, using Read-Host fallback
[2025-08-02 17:54:21] [DEBUG] Main loop: Key received, calling HandleInput
[2025-08-02 17:54:21] [DEBUG] HandleInput: Key pressed: Q (Char: 'q') EditingIndex: 4
[2025-08-02 17:54:21] [DEBUG] HandleInput: In editing mode, delegating to HandleEditingInput
[2025-08-02 17:54:22] [DEBUG] Console not available, using Read-Host fallback
[2025-08-02 17:54:22] [DEBUG] Main loop: Key received, calling HandleInput
[2025-08-02 17:54:22] [DEBUG] HandleInput: Key pressed: Q (Char: 'q') EditingIndex: 4
[2025-08-02 17:54:22] [DEBUG] HandleInput: In editing mode, delegating to HandleEditingInput
[2025-08-02 17:54:22] [DEBUG] Console not available, using Read-Host fallback
[2025-08-02 17:54:22] [DEBUG] Main loop: Key received, calling HandleInput
[2025-08-02 17:54:22] [DEBUG] HandleInput: Key pressed: Q (Char: 'q') EditingIndex: 4
[2025-08-02 17:54:22] [DEBUG] HandleInput: In editing mode, delegating to HandleEditingInput
[2025-08-02 17:54:22] [DEBUG] Console not available, using Read-Host fallback
[2025-08-02 17:54:22] [DEBUG] Main loop: Key received, calling HandleInput
[2025-08-02 17:54:22] [DEBUG] HandleInput: Key pressed: Q (Char: 'q') EditingIndex: 4
[2025-08-02 17:54:22] [DEBUG] HandleInput: In editing mode, delegating to HandleEditingInput
[2025-08-02 17:54:22] [DEBUG] Console not available, using Read-Host fallback
[2025-08-02 17:54:22] [DEBUG] Main loop: Key received, calling HandleInput
[2025-08-02 17:54:22] [DEBUG] HandleInput: Key pressed: Q (Char: 'q') EditingIndex: 4
[2025-08-02 17:54:22] [DEBUG] HandleInput: In editing mode, delegating to HandleEditingInput
[2025-08-02 17:54:22] [DEBUG] Console not available, using Read-Host fallback
[2025-08-02 17:54:22] [DEBUG] Main loop: Key received, calling HandleInput
[2025-08-02 17:54:22] [DEBUG] HandleInput: Key pressed: Q (Char: 'q') EditingIndex: 4
[2025-08-02 17:54:22] [DEBUG] HandleInput: In editing mode, delegating to HandleEditingInput
[2025-08-02 17:54:22] [DEBUG] Console not available, using Read-Host fallback
[2025-08-02 17:54:22] [DEBUG] Main loop: Key received, calling HandleInput
[2025-08-02 17:54:22] [DEBUG] HandleInput: Key pressed: Q (Char: 'q') EditingIndex: 4
[2025-08-02 17:54:22] [DEBUG] HandleInput: In editing mode, delegating to HandleEditingInput
[2025-08-02 17:54:22] [DEBUG] Console not available, using Read-Host fallback
[2025-08-02 17:54:22] [DEBUG] Main loop: Key received, calling HandleInput
[2025-08-02 17:54:22] [DEBUG] HandleInput: Key pressed: Q (Char: 'q') EditingIndex: 4
[2025-08-02 17:54:22] [DEBUG] HandleInput: In editing mode, delegating to HandleEditingInput
[2025-08-02 17:54:22] [DEBUG] Console not available, using Read-Host fallback
[2025-08-02 17:54:22] [DEBUG] Main loop: Key received, calling HandleInput
[2025-08-02 17:54:22] [DEBUG] HandleInput: Key pressed: Q (Char: 'q') EditingIndex: 4
[2025-08-02 17:54:22] [DEBUG] HandleInput: In editing mode, delegating to HandleEditingInput
[2025-08-02 17:54:22] [DEBUG] Console not available, using Read-Host fallback
[2025-08-02 17:54:22] [DEBUG] Main loop: Key received, calling HandleInput
[2025-08-02 17:54:22] [DEBUG] HandleInput: Key pressed: Q (Char: 'q') EditingIndex: 4
[2025-08-02 17:54:22] [DEBUG] HandleInput: In editing mode, delegating to HandleEditingInput
[2025-08-02 17:54:22] [DEBUG] Console not available, using Read-Host fallback
[2025-08-02 17:54:22] [DEBUG] Main loop: Key received, calling HandleInput
[2025-08-02 17:54:22] [DEBUG] HandleInput: Key pressed: Q (Char: 'q') EditingIndex: 4
[2025-08-02 17:54:22] [DEBUG] HandleInput: In editing mode, delegating to HandleEditingInput
[2025-08-02 17:54:22] [DEBUG] Console not available, using Read-Host fallback
[2025-08-02 17:54:22] [DEBUG] Main loop: Key received, calling HandleInput
[2025-08-02 17:54:22] [DEBUG] HandleInput: Key pressed: Q (Char: 'q') EditingIndex: 4
[2025-08-02 17:54:22] [DEBUG] HandleInput: In editing mode, delegating to HandleEditingInput
[2025-08-02 17:54:22] [DEBUG] Console not available, using Read-Host fallback
[2025-08-02 17:54:22] [DEBUG] Main loop: Key received, calling HandleInput
[2025-08-02 17:54:22] [DEBUG] HandleInput: Key pressed: Q (Char: 'q') EditingIndex: 4
[2025-08-02 17:54:22] [DEBUG] HandleInput: In editing mode, delegating to HandleEditingInput
[2025-08-02 17:54:22] [DEBUG] Console not available, using Read-Host fallback
[2025-08-02 17:54:22] [DEBUG] Main loop: Key received, calling HandleInput
[2025-08-02 17:54:22] [DEBUG] HandleInput: Key pressed: Q (Char: 'q') EditingIndex: 4
[2025-08-02 17:54:22] [DEBUG] HandleInput: In editing mode, delegating to HandleEditingInput
[2025-08-02 17:54:22] [DEBUG] Console not available, using Read-Host fallback
[2025-08-02 17:54:22] [DEBUG] Main loop: Key received, calling HandleInput
[2025-08-02 17:54:22] [DEBUG] HandleInput: Key pressed: Q (Char: 'q') EditingIndex: 4
[2025-08-02 17:54:22] [DEBUG] HandleInput: In editing mode, delegating to HandleEditingInput
[2025-08-02 17:54:22] [DEBUG] Console not available, using Read-Host fallback
[2025-08-02 17:54:22] [DEBUG] Main loop: Key received, calling HandleInput
[2025-08-02 17:54:22] [DEBUG] HandleInput: Key pressed: Q (Char: 'q') EditingIndex: 4
[2025-08-02 17:54:22] [DEBUG] HandleInput: In editing mode, delegating to HandleEditingInput
[2025-08-02 17:54:22] [DEBUG] Console not available, using Read-Host fallback
[2025-08-02 17:54:22] [DEBUG] Main loop: Key received, calling HandleInput
[2025-08-02 17:54:22] [DEBUG] HandleInput: Key pressed: Q (Char: 'q') EditingIndex: 4
[2025-08-02 17:54:22] [DEBUG] HandleInput: In editing mode, delegating to HandleEditingInput
[2025-08-02 17:54:22] [DEBUG] Console not available, using Read-Host fallback
[2025-08-02 17:54:22] [DEBUG] Main loop: Key received, calling HandleInput
[2025-08-02 17:54:22] [DEBUG] HandleInput: Key pressed: Q (Char: 'q') EditingIndex: 4
[2025-08-02 17:54:22] [DEBUG] HandleInput: In editing mode, delegating to HandleEditingInput
[2025-08-02 17:54:22] [DEBUG] Console not available, using Read-Host fallback
[2025-08-02 17:54:22] [DEBUG] Main loop: Key received, calling HandleInput
[2025-08-02 17:54:22] [DEBUG] HandleInput: Key pressed: Q (Char: 'q') EditingIndex: 4
[2025-08-02 17:54:22] [DEBUG] HandleInput: In editing mode, delegating to HandleEditingInput
[2025-08-02 17:54:22] [DEBUG] Console not available, using Read-Host fallback
[2025-08-02 17:54:22] [DEBUG] Main loop: Key received, calling HandleInput
[2025-08-02 17:54:22] [DEBUG] HandleInput: Key pressed: Q (Char: 'q') EditingIndex: 4
[2025-08-02 17:54:22] [DEBUG] HandleInput: In editing mode, delegating to HandleEditingInput
[2025-08-02 17:54:22] [DEBUG] Console not available, using Read-Host fallback
[2025-08-02 17:54:22] [DEBUG] Main loop: Key received, calling HandleInput
[2025-08-02 17:54:22] [DEBUG] HandleInput: Key pressed: Q (Char: 'q') EditingIndex: 4
[2025-08-02 17:54:22] [DEBUG] HandleInput: In editing mode, delegating to HandleEditingInput
[2025-08-02 17:54:22] [DEBUG] Console not available, using Read-Host fallback
[2025-08-02 17:54:22] [DEBUG] Main loop: Key received, calling HandleInput
[2025-08-02 17:54:22] [DEBUG] HandleInput: Key pressed: Q (Char: 'q') EditingIndex: 4
[2025-08-02 17:54:22] [DEBUG] HandleInput: In editing mode, delegating to HandleEditingInput
[2025-08-02 17:54:22] [DEBUG] Console not available, using Read-Host fallback
[2025-08-02 17:54:22] [DEBUG] Main loop: Key received, calling HandleInput
[2025-08-02 17:54:22] [DEBUG] HandleInput: Key pressed: Q (Char: 'q') EditingIndex: 4
[2025-08-02 17:54:22] [DEBUG] HandleInput: In editing mode, delegating to HandleEditingInput
[2025-08-02 17:54:22] [DEBUG] Console not available, using Read-Host fallback
[2025-08-02 17:54:22] [DEBUG] Main loop: Key received, calling HandleInput
[2025-08-02 17:54:22] [DEBUG] HandleInput: Key pressed: Q (Char: 'q') EditingIndex: 4
[2025-08-02 17:54:22] [DEBUG] HandleInput: In editing mode, delegating to HandleEditingInput
[2025-08-02 17:54:22] [DEBUG] Console not available, using Read-Host fallback
[2025-08-02 17:54:22] [DEBUG] Main loop: Key received, calling HandleInput
[2025-08-02 17:54:23] [DEBUG] HandleInput: Key pressed: Q (Char: 'q') EditingIndex: 4
[2025-08-02 17:54:23] [DEBUG] HandleInput: In editing mode, delegating to HandleEditingInput
[2025-08-02 17:54:23] [DEBUG] Console not available, using Read-Host fallback
[2025-08-02 17:54:23] [DEBUG] Main loop: Key received, calling HandleInput
[2025-08-02 17:54:23] [DEBUG] HandleInput: Key pressed: Q (Char: 'q') EditingIndex: 4
[2025-08-02 17:54:23] [DEBUG] HandleInput: In editing mode, delegating to HandleEditingInput
[2025-08-02 17:54:23] [DEBUG] Console not available, using Read-Host fallback
[2025-08-02 17:54:23] [DEBUG] Main loop: Key received, calling HandleInput
[2025-08-02 17:54:23] [DEBUG] HandleInput: Key pressed: Q (Char: 'q') EditingIndex: 4
[2025-08-02 17:54:23] [DEBUG] HandleInput: In editing mode, delegating to HandleEditingInput
[2025-08-02 17:54:23] [DEBUG] Console not available, using Read-Host fallback
[2025-08-02 17:54:23] [DEBUG] Main loop: Key received, calling HandleInput
[2025-08-02 17:54:23] [DEBUG] HandleInput: Key pressed: Q (Char: 'q') EditingIndex: 4
[2025-08-02 17:54:23] [DEBUG] HandleInput: In editing mode, delegating to HandleEditingInput
[2025-08-02 17:54:23] [DEBUG] Console not available, using Read-Host fallback
[2025-08-02 17:54:23] [DEBUG] Main loop: Key received, calling HandleInput
[2025-08-02 17:54:23] [DEBUG] HandleInput: Key pressed: Q (Char: 'q') EditingIndex: 4
[2025-08-02 17:54:23] [DEBUG] HandleInput: In editing mode, delegating to HandleEditingInput
[2025-08-02 17:54:23] [DEBUG] Console not available, using Read-Host fallback
[2025-08-02 17:54:23] [DEBUG] Main loop: Key received, calling HandleInput
[2025-08-02 17:54:23] [DEBUG] HandleInput: Key pressed: Q (Char: 'q') EditingIndex: 4
[2025-08-02 17:54:23] [DEBUG] HandleInput: In editing mode, delegating to HandleEditingInput
[2025-08-02 17:54:23] [DEBUG] Console not available, using Read-Host fallback
[2025-08-02 17:54:23] [DEBUG] Main loop: Key received, calling HandleInput
[2025-08-02 17:54:23] [DEBUG] HandleInput: Key pressed: Q (Char: 'q') EditingIndex: 4
[2025-08-02 17:54:23] [DEBUG] HandleInput: In editing mode, delegating to HandleEditingInput
[2025-08-02 17:54:23] [DEBUG] Console not available, using Read-Host fallback
[2025-08-02 17:54:23] [DEBUG] Main loop: Key received, calling HandleInput
[2025-08-02 17:54:23] [DEBUG] HandleInput: Key pressed: Q (Char: 'q') EditingIndex: 4
[2025-08-02 17:54:23] [DEBUG] HandleInput: In editing mode, delegating to HandleEditingInput
[2025-08-02 17:54:23] [DEBUG] Console not available, using Read-Host fallback
[2025-08-02 17:54:23] [DEBUG] Main loop: Key received, calling HandleInput
[2025-08-02 17:54:23] [DEBUG] HandleInput: Key pressed: Q (Char: 'q') EditingIndex: 4
[2025-08-02 17:54:23] [DEBUG] HandleInput: In editing mode, delegating to HandleEditingInput
[2025-08-02 17:54:23] [DEBUG] Console not available, using Read-Host fallback
[2025-08-02 17:54:23] [DEBUG] Main loop: Key received, calling HandleInput
[2025-08-02 17:54:23] [DEBUG] HandleInput: Key pressed: Q (Char: 'q') EditingIndex: 4
[2025-08-02 17:54:23] [DEBUG] HandleInput: In editing mode, delegating to HandleEditingInput
[2025-08-02 17:54:23] [DEBUG] Console not available, using Read-Host fallback
[2025-08-02 17:54:23] [DEBUG] Main loop: Key received, calling HandleInput
[2025-08-02 17:54:23] [DEBUG] HandleInput: Key pressed: Q (Char: 'q') EditingIndex: 4
[2025-08-02 17:54:23] [DEBUG] HandleInput: In editing mode, delegating to HandleEditingInput
[2025-08-02 17:54:23] [DEBUG] Console not available, using Read-Host fallback
[2025-08-02 17:54:23] [DEBUG] Main loop: Key received, calling HandleInput
[2025-08-02 17:54:23] [DEBUG] HandleInput: Key pressed: Q (Char: 'q') EditingIndex: 4
[2025-08-02 17:54:23] [DEBUG] HandleInput: In editing mode, delegating to HandleEditingInput
[2025-08-02 17:54:23] [DEBUG] Console not available, using Read-Host fallback
[2025-08-02 17:54:23] [DEBUG] Main loop: Key received, calling HandleInput
[2025-08-02 17:54:23] [DEBUG] HandleInput: Key pressed: Q (Char: 'q') EditingIndex: 4
[2025-08-02 17:54:23] [DEBUG] HandleInput: In editing mode, delegating to HandleEditingInput
[2025-08-02 17:54:23] [DEBUG] Console not available, using Read-Host fallback
[2025-08-02 17:54:23] [DEBUG] Main loop: Key received, calling HandleInput
[2025-08-02 17:54:23] [DEBUG] HandleInput: Key pressed: Q (Char: 'q') EditingIndex: 4
[2025-08-02 17:54:23] [DEBUG] HandleInput: In editing mode, delegating to HandleEditingInput
[2025-08-02 17:54:23] [DEBUG] Console not available, using Read-Host fallback
[2025-08-02 17:54:23] [DEBUG] Main loop: Key received, calling HandleInput
[2025-08-02 17:54:23] [DEBUG] HandleInput: Key pressed: Q (Char: 'q') EditingIndex: 4
[2025-08-02 17:54:23] [DEBUG] HandleInput: In editing mode, delegating to HandleEditingInput
[2025-08-02 17:54:23] [DEBUG] Console not available, using Read-Host fallback
[2025-08-02 17:54:23] [DEBUG] Main loop: Key received, calling HandleInput
[2025-08-02 17:54:23] [DEBUG] HandleInput: Key pressed: Q (Char: 'q') EditingIndex: 4
[2025-08-02 17:54:23] [DEBUG] HandleInput: In editing mode, delegating to HandleEditingInput
[2025-08-02 17:54:23] [DEBUG] Console not available, using Read-Host fallback
[2025-08-02 17:54:23] [DEBUG] Main loop: Key received, calling HandleInput
[2025-08-02 17:54:23] [DEBUG] HandleInput: Key pressed: Q (Char: 'q') EditingIndex: 4
[2025-08-02 17:54:23] [DEBUG] HandleInput: In editing mode, delegating to HandleEditingInput
[2025-08-02 17:54:23] [DEBUG] Console not available, using Read-Host fallback
[2025-08-02 17:54:23] [DEBUG] Main loop: Key received, calling HandleInput
[2025-08-02 17:54:23] [DEBUG] HandleInput: Key pressed: Q (Char: 'q') EditingIndex: 4
[2025-08-02 17:54:23] [DEBUG] HandleInput: In editing mode, delegating to HandleEditingInput
[2025-08-02 17:54:23] [DEBUG] Console not available, using Read-Host fallback
[2025-08-02 17:54:23] [DEBUG] Main loop: Key received, calling HandleInput
[2025-08-02 17:54:23] [DEBUG] HandleInput: Key pressed: Q (Char: 'q') EditingIndex: 4
[2025-08-02 17:54:23] [DEBUG] HandleInput: In editing mode, delegating to HandleEditingInput
[2025-08-02 17:54:23] [DEBUG] Console not available, using Read-Host fallback
[2025-08-02 17:54:23] [DEBUG] Main loop: Key received, calling HandleInput
[2025-08-02 17:54:23] [DEBUG] HandleInput: Key pressed: Q (Char: 'q') EditingIndex: 4
[2025-08-02 17:54:23] [DEBUG] HandleInput: In editing mode, delegating to HandleEditingInput
[2025-08-02 17:54:23] [DEBUG] Console not available, using Read-Host fallback
[2025-08-02 17:54:23] [DEBUG] Main loop: Key received, calling HandleInput
[2025-08-02 17:54:23] [DEBUG] HandleInput: Key pressed: Q (Char: 'q') EditingIndex: 4
[2025-08-02 17:54:23] [DEBUG] HandleInput: In editing mode, delegating to HandleEditingInput
[2025-08-02 17:54:23] [DEBUG] Console not available, using Read-Host fallback
[2025-08-02 17:54:23] [DEBUG] Main loop: Key received, calling HandleInput
[2025-08-02 17:54:23] [DEBUG] HandleInput: Key pressed: Q (Char: 'q') EditingIndex: 4
[2025-08-02 17:54:23] [DEBUG] HandleInput: In editing mode, delegating to HandleEditingInput
[2025-08-02 17:54:23] [DEBUG] Console not available, using Read-Host fallback
[2025-08-02 17:54:23] [DEBUG] Main loop: Key received, calling HandleInput
[2025-08-02 17:54:23] [DEBUG] HandleInput: Key pressed: Q (Char: 'q') EditingIndex: 4
[2025-08-02 17:54:23] [DEBUG] HandleInput: In editing mode, delegating to HandleEditingInput
[2025-08-02 17:54:23] [DEBUG] Console not available, using Read-Host fallback
[2025-08-02 17:54:23] [DEBUG] Main loop: Key received, calling HandleInput
[2025-08-02 17:54:23] [DEBUG] HandleInput: Key pressed: Q (Char: 'q') EditingIndex: 4
[2025-08-02 17:54:23] [DEBUG] HandleInput: In editing mode, delegating to HandleEditingInput
[2025-08-02 17:54:24] [DEBUG] Console not available, using Read-Host fallback
[2025-08-02 17:54:24] [DEBUG] Main loop: Key received, calling HandleInput
[2025-08-02 17:54:24] [DEBUG] HandleInput: Key pressed: Q (Char: 'q') EditingIndex: 4
[2025-08-02 17:54:24] [DEBUG] HandleInput: In editing mode, delegating to HandleEditingInput
[2025-08-02 17:54:24] [DEBUG] Console not available, using Read-Host fallback
[2025-08-02 17:54:24] [DEBUG] Main loop: Key received, calling HandleInput
[2025-08-02 17:54:24] [DEBUG] HandleInput: Key pressed: Q (Char: 'q') EditingIndex: 4
[2025-08-02 17:54:24] [DEBUG] HandleInput: In editing mode, delegating to HandleEditingInput
[2025-08-02 17:54:24] [DEBUG] Console not available, using Read-Host fallback
[2025-08-02 17:54:24] [DEBUG] Main loop: Key received, calling HandleInput
[2025-08-02 17:54:24] [DEBUG] HandleInput: Key pressed: Q (Char: 'q') EditingIndex: 4
[2025-08-02 17:54:24] [DEBUG] HandleInput: In editing mode, delegating to HandleEditingInput
[2025-08-02 17:54:24] [DEBUG] Console not available, using Read-Host fallback
[2025-08-02 17:54:24] [DEBUG] Main loop: Key received, calling HandleInput
[2025-08-02 17:54:24] [DEBUG] HandleInput: Key pressed: Q (Char: 'q') EditingIndex: 4
[2025-08-02 17:54:24] [DEBUG] HandleInput: In editing mode, delegating to HandleEditingInput
[2025-08-02 17:54:24] [DEBUG] Console not available, using Read-Host fallback
[2025-08-02 17:54:24] [DEBUG] Main loop: Key received, calling HandleInput
[2025-08-02 17:54:24] [DEBUG] HandleInput: Key pressed: Q (Char: 'q') EditingIndex: 4
[2025-08-02 17:54:24] [DEBUG] HandleInput: In editing mode, delegating to HandleEditingInput
[2025-08-02 17:54:24] [DEBUG] Console not available, using Read-Host fallback
[2025-08-02 17:54:24] [DEBUG] Main loop: Key received, calling HandleInput
[2025-08-02 17:54:24] [DEBUG] HandleInput: Key pressed: Q (Char: 'q') EditingIndex: 4
[2025-08-02 17:54:24] [DEBUG] HandleInput: In editing mode, delegating to HandleEditingInput
[2025-08-02 17:54:24] [DEBUG] Console not available, using Read-Host fallback
[2025-08-02 17:54:24] [DEBUG] Main loop: Key received, calling HandleInput
[2025-08-02 17:54:24] [DEBUG] HandleInput: Key pressed: Q (Char: 'q') EditingIndex: 4
[2025-08-02 17:54:24] [DEBUG] HandleInput: In editing mode, delegating to HandleEditingInput
[2025-08-02 17:54:24] [DEBUG] Console not available, using Read-Host fallback
[2025-08-02 17:54:24] [DEBUG] Main loop: Key received, calling HandleInput
[2025-08-02 17:54:24] [DEBUG] HandleInput: Key pressed: Q (Char: 'q') EditingIndex: 4
[2025-08-02 17:54:24] [DEBUG] HandleInput: In editing mode, delegating to HandleEditingInput
[2025-08-02 17:54:24] [DEBUG] Console not available, using Read-Host fallback
[2025-08-02 17:54:24] [DEBUG] Main loop: Key received, calling HandleInput
[2025-08-02 17:54:24] [DEBUG] HandleInput: Key pressed: Q (Char: 'q') EditingIndex: 4
[2025-08-02 17:54:24] [DEBUG] HandleInput: In editing mode, delegating to HandleEditingInput
[2025-08-02 17:54:24] [DEBUG] Console not available, using Read-Host fallback
[2025-08-02 17:54:24] [DEBUG] Main loop: Key received, calling HandleInput
[2025-08-02 17:54:24] [DEBUG] HandleInput: Key pressed: Q (Char: 'q') EditingIndex: 4
[2025-08-02 17:54:24] [DEBUG] HandleInput: In editing mode, delegating to HandleEditingInput
[2025-08-02 17:54:24] [DEBUG] Console not available, using Read-Host fallback
[2025-08-02 17:54:24] [DEBUG] Main loop: Key received, calling HandleInput
[2025-08-02 17:54:24] [DEBUG] HandleInput: Key pressed: Q (Char: 'q') EditingIndex: 4
[2025-08-02 17:54:24] [DEBUG] HandleInput: In editing mode, delegating to HandleEditingInput
[2025-08-02 17:54:24] [DEBUG] Console not available, using Read-Host fallback
[2025-08-02 17:54:24] [DEBUG] Main loop: Key received, calling HandleInput
[2025-08-02 17:54:24] [DEBUG] HandleInput: Key pressed: Q (Char: 'q') EditingIndex: 4
[2025-08-02 17:54:24] [DEBUG] HandleInput: In editing mode, delegating to HandleEditingInput
[2025-08-02 17:54:24] [DEBUG] Console not available, using Read-Host fallback
[2025-08-02 17:54:24] [DEBUG] Main loop: Key received, calling HandleInput
[2025-08-02 17:54:24] [DEBUG] HandleInput: Key pressed: Q (Char: 'q') EditingIndex: 4
[2025-08-02 17:54:24] [DEBUG] HandleInput: In editing mode, delegating to HandleEditingInput
[2025-08-02 17:54:24] [DEBUG] Console not available, using Read-Host fallback
[2025-08-02 17:54:24] [DEBUG] Main loop: Key received, calling HandleInput
[2025-08-02 17:54:24] [DEBUG] HandleInput: Key pressed: Q (Char: 'q') EditingIndex: 4
[2025-08-02 17:54:24] [DEBUG] HandleInput: In editing mode, delegating to HandleEditingInput
[2025-08-02 17:54:24] [DEBUG] Console not available, using Read-Host fallback
[2025-08-02 17:54:24] [DEBUG] Main loop: Key received, calling HandleInput
[2025-08-02 17:54:24] [DEBUG] HandleInput: Key pressed: Q (Char: 'q') EditingIndex: 4
[2025-08-02 17:54:24] [DEBUG] HandleInput: In editing mode, delegating to HandleEditingInput
[2025-08-02 17:54:24] [DEBUG] Console not available, using Read-Host fallback
[2025-08-02 17:54:24] [DEBUG] Main loop: Key received, calling HandleInput
[2025-08-02 17:54:24] [DEBUG] HandleInput: Key pressed: Q (Char: 'q') EditingIndex: 4
[2025-08-02 17:54:24] [DEBUG] HandleInput: In editing mode, delegating to HandleEditingInput
[2025-08-02 17:54:24] [DEBUG] Console not available, using Read-Host fallback
[2025-08-02 17:54:24] [DEBUG] Main loop: Key received, calling HandleInput
[2025-08-02 17:54:24] [DEBUG] HandleInput: Key pressed: Q (Char: 'q') EditingIndex: 4
[2025-08-02 17:54:24] [DEBUG] HandleInput: In editing mode, delegating to HandleEditingInput
[2025-08-02 17:54:24] [DEBUG] Console not available, using Read-Host fallback
[2025-08-02 17:54:24] [DEBUG] Main loop: Key received, calling HandleInput
[2025-08-02 17:54:24] [DEBUG] HandleInput: Key pressed: Q (Char: 'q') EditingIndex: 4
[2025-08-02 17:54:24] [DEBUG] HandleInput: In editing mode, delegating to HandleEditingInput
[2025-08-02 17:54:24] [DEBUG] Console not available, using Read-Host fallback
[2025-08-02 17:54:24] [DEBUG] Main loop: Key received, calling HandleInput
[2025-08-02 17:54:24] [DEBUG] HandleInput: Key pressed: Q (Char: 'q') EditingIndex: 4
[2025-08-02 17:54:24] [DEBUG] HandleInput: In editing mode, delegating to HandleEditingInput
[2025-08-02 17:54:24] [DEBUG] Console not available, using Read-Host fallback
[2025-08-02 17:54:24] [DEBUG] Main loop: Key received, calling HandleInput
[2025-08-02 17:54:24] [DEBUG] HandleInput: Key pressed: Q (Char: 'q') EditingIndex: 4
[2025-08-02 17:54:24] [DEBUG] HandleInput: In editing mode, delegating to HandleEditingInput
[2025-08-02 17:54:24] [DEBUG] Console not available, using Read-Host fallback
[2025-08-02 17:54:24] [DEBUG] Main loop: Key received, calling HandleInput
[2025-08-02 17:54:24] [DEBUG] HandleInput: Key pressed: Q (Char: 'q') EditingIndex: 4
[2025-08-02 17:54:24] [DEBUG] HandleInput: In editing mode, delegating to HandleEditingInput
[2025-08-02 17:54:24] [DEBUG] Console not available, using Read-Host fallback
[2025-08-02 17:54:24] [DEBUG] Main loop: Key received, calling HandleInput
[2025-08-02 17:54:24] [DEBUG] HandleInput: Key pressed: Q (Char: 'q') EditingIndex: 4
[2025-08-02 17:54:24] [DEBUG] HandleInput: In editing mode, delegating to HandleEditingInput
[2025-08-02 17:54:24] [DEBUG] Console not available, using Read-Host fallback
[2025-08-02 17:54:24] [DEBUG] Main loop: Key received, calling HandleInput
[2025-08-02 17:54:24] [DEBUG] HandleInput: Key pressed: Q (Char: 'q') EditingIndex: 4
[2025-08-02 17:54:24] [DEBUG] HandleInput: In editing mode, delegating to HandleEditingInput
[2025-08-02 17:54:24] [DEBUG] Console not available, using Read-Host fallback
[2025-08-02 17:54:24] [DEBUG] Main loop: Key received, calling HandleInput
[2025-08-02 17:54:24] [DEBUG] HandleInput: Key pressed: Q (Char: 'q') EditingIndex: 4
[2025-08-02 17:54:24] [DEBUG] HandleInput: In editing mode, delegating to HandleEditingInput
[2025-08-02 17:54:24] [DEBUG] Console not available, using Read-Host fallback
[2025-08-02 17:54:24] [DEBUG] Main loop: Key received, calling HandleInput
[2025-08-02 17:54:24] [DEBUG] HandleInput: Key pressed: Q (Char: 'q') EditingIndex: 4
[2025-08-02 17:54:24] [DEBUG] HandleInput: In editing mode, delegating to HandleEditingInput
[2025-08-02 17:54:25] [DEBUG] Console not available, using Read-Host fallback
[2025-08-02 17:54:25] [DEBUG] Main loop: Key received, calling HandleInput
[2025-08-02 17:54:25] [DEBUG] HandleInput: Key pressed: Q (Char: 'q') EditingIndex: 4
[2025-08-02 17:54:25] [DEBUG] HandleInput: In editing mode, delegating to HandleEditingInput
[2025-08-02 17:54:25] [DEBUG] Console not available, using Read-Host fallback
[2025-08-02 17:54:25] [DEBUG] Main loop: Key received, calling HandleInput
[2025-08-02 17:54:25] [DEBUG] HandleInput: Key pressed: Q (Char: 'q') EditingIndex: 4
[2025-08-02 17:54:25] [DEBUG] HandleInput: In editing mode, delegating to HandleEditingInput
[2025-08-02 17:54:25] [DEBUG] Console not available, using Read-Host fallback
[2025-08-02 17:54:25] [DEBUG] Main loop: Key received, calling HandleInput
[2025-08-02 17:54:25] [DEBUG] HandleInput: Key pressed: Q (Char: 'q') EditingIndex: 4
[2025-08-02 17:54:25] [DEBUG] HandleInput: In editing mode, delegating to HandleEditingInput
[2025-08-02 17:54:25] [DEBUG] Console not available, using Read-Host fallback
[2025-08-02 17:54:25] [DEBUG] Main loop: Key received, calling HandleInput
[2025-08-02 17:54:25] [DEBUG] HandleInput: Key pressed: Q (Char: 'q') EditingIndex: 4
[2025-08-02 17:54:25] [DEBUG] HandleInput: In editing mode, delegating to HandleEditingInput
[2025-08-02 17:54:25] [DEBUG] Console not available, using Read-Host fallback
[2025-08-02 17:54:25] [DEBUG] Main loop: Key received, calling HandleInput
[2025-08-02 17:54:25] [DEBUG] HandleInput: Key pressed: Q (Char: 'q') EditingIndex: 4
[2025-08-02 17:54:25] [DEBUG] HandleInput: In editing mode, delegating to HandleEditingInput
[2025-08-02 17:54:25] [DEBUG] Console not available, using Read-Host fallback
[2025-08-02 17:54:25] [DEBUG] Main loop: Key received, calling HandleInput
[2025-08-02 17:54:25] [DEBUG] HandleInput: Key pressed: Q (Char: 'q') EditingIndex: 4
[2025-08-02 17:54:25] [DEBUG] HandleInput: In editing mode, delegating to HandleEditingInput
[2025-08-02 17:54:25] [DEBUG] Console not available, using Read-Host fallback
[2025-08-02 17:54:25] [DEBUG] Main loop: Key received, calling HandleInput
[2025-08-02 17:54:25] [DEBUG] HandleInput: Key pressed: Q (Char: 'q') EditingIndex: 4
[2025-08-02 17:54:25] [DEBUG] HandleInput: In editing mode, delegating to HandleEditingInput
[2025-08-02 17:54:25] [DEBUG] Console not available, using Read-Host fallback
[2025-08-02 17:54:25] [DEBUG] Main loop: Key received, calling HandleInput
[2025-08-02 17:54:25] [DEBUG] HandleInput: Key pressed: Q (Char: 'q') EditingIndex: 4
[2025-08-02 17:54:25] [DEBUG] HandleInput: In editing mode, delegating to HandleEditingInput
[2025-08-02 17:54:25] [DEBUG] Console not available, using Read-Host fallback
[2025-08-02 17:54:25] [DEBUG] Main loop: Key received, calling HandleInput
[2025-08-02 17:54:25] [DEBUG] HandleInput: Key pressed: Q (Char: 'q') EditingIndex: 4
[2025-08-02 17:54:25] [DEBUG] HandleInput: In editing mode, delegating to HandleEditingInput
[2025-08-02 17:54:25] [DEBUG] Console not available, using Read-Host fallback
[2025-08-02 17:54:25] [DEBUG] Main loop: Key received, calling HandleInput
[2025-08-02 17:54:25] [DEBUG] HandleInput: Key pressed: Q (Char: 'q') EditingIndex: 4
[2025-08-02 17:54:25] [DEBUG] HandleInput: In editing mode, delegating to HandleEditingInput
[2025-08-02 17:54:25] [DEBUG] Console not available, using Read-Host fallback
[2025-08-02 17:54:25] [DEBUG] Main loop: Key received, calling HandleInput
[2025-08-02 17:54:25] [DEBUG] HandleInput: Key pressed: Q (Char: 'q') EditingIndex: 4
[2025-08-02 17:54:25] [DEBUG] HandleInput: In editing mode, delegating to HandleEditingInput
[2025-08-02 17:54:25] [DEBUG] Console not available, using Read-Host fallback
[2025-08-02 17:54:25] [DEBUG] Main loop: Key received, calling HandleInput
[2025-08-02 17:54:25] [DEBUG] HandleInput: Key pressed: Q (Char: 'q') EditingIndex: 4
[2025-08-02 17:54:25] [DEBUG] HandleInput: In editing mode, delegating to HandleEditingInput
[2025-08-02 17:54:25] [DEBUG] Console not available, using Read-Host fallback
[2025-08-02 17:54:25] [DEBUG] Main loop: Key received, calling HandleInput
[2025-08-02 17:54:25] [DEBUG] HandleInput: Key pressed: Q (Char: 'q') EditingIndex: 4
[2025-08-02 17:54:25] [DEBUG] HandleInput: In editing mode, delegating to HandleEditingInput
[2025-08-02 17:54:25] [DEBUG] Console not available, using Read-Host fallback
[2025-08-02 17:54:25] [DEBUG] Main loop: Key received, calling HandleInput
[2025-08-02 17:54:25] [DEBUG] HandleInput: Key pressed: Q (Char: 'q') EditingIndex: 4
[2025-08-02 17:54:25] [DEBUG] HandleInput: In editing mode, delegating to HandleEditingInput
[2025-08-02 17:54:25] [DEBUG] Console not available, using Read-Host fallback
[2025-08-02 17:54:25] [DEBUG] Main loop: Key received, calling HandleInput
[2025-08-02 17:54:25] [DEBUG] HandleInput: Key pressed: Q (Char: 'q') EditingIndex: 4
[2025-08-02 17:54:25] [DEBUG] HandleInput: In editing mode, delegating to HandleEditingInput
[2025-08-02 17:54:25] [DEBUG] Console not available, using Read-Host fallback
[2025-08-02 17:54:25] [DEBUG] Main loop: Key received, calling HandleInput
[2025-08-02 17:54:25] [DEBUG] HandleInput: Key pressed: Q (Char: 'q') EditingIndex: 4
[2025-08-02 17:54:25] [DEBUG] HandleInput: In editing mode, delegating to HandleEditingInput
[2025-08-02 17:54:25] [DEBUG] Console not available, using Read-Host fallback
[2025-08-02 17:54:25] [DEBUG] Main loop: Key received, calling HandleInput
[2025-08-02 17:54:25] [DEBUG] HandleInput: Key pressed: Q (Char: 'q') EditingIndex: 4
[2025-08-02 17:54:25] [DEBUG] HandleInput: In editing mode, delegating to HandleEditingInput
[2025-08-02 17:54:25] [DEBUG] Console not available, using Read-Host fallback
[2025-08-02 17:54:25] [DEBUG] Main loop: Key received, calling HandleInput
[2025-08-02 17:54:25] [DEBUG] HandleInput: Key pressed: Q (Char: 'q') EditingIndex: 4
[2025-08-02 17:54:25] [DEBUG] HandleInput: In editing mode, delegating to HandleEditingInput
[2025-08-02 17:54:25] [DEBUG] Console not available, using Read-Host fallback
[2025-08-02 17:54:25] [DEBUG] Main loop: Key received, calling HandleInput
[2025-08-02 17:54:25] [DEBUG] HandleInput: Key pressed: Q (Char: 'q') EditingIndex: 4
[2025-08-02 17:54:25] [DEBUG] HandleInput: In editing mode, delegating to HandleEditingInput
[2025-08-02 17:54:25] [DEBUG] Console not available, using Read-Host fallback
[2025-08-02 17:54:25] [DEBUG] Main loop: Key received, calling HandleInput
[2025-08-02 17:54:25] [DEBUG] HandleInput: Key pressed: Q (Char: 'q') EditingIndex: 4
[2025-08-02 17:54:25] [DEBUG] HandleInput: In editing mode, delegating to HandleEditingInput
[2025-08-02 17:54:25] [DEBUG] Console not available, using Read-Host fallback
[2025-08-02 17:54:25] [DEBUG] Main loop: Key received, calling HandleInput
[2025-08-02 17:54:25] [DEBUG] HandleInput: Key pressed: Q (Char: 'q') EditingIndex: 4
[2025-08-02 17:54:25] [DEBUG] HandleInput: In editing mode, delegating to HandleEditingInput
[2025-08-02 17:54:25] [DEBUG] Console not available, using Read-Host fallback
[2025-08-02 17:54:25] [DEBUG] Main loop: Key received, calling HandleInput
[2025-08-02 17:54:25] [DEBUG] HandleInput: Key pressed: Q (Char: 'q') EditingIndex: 4
[2025-08-02 17:54:25] [DEBUG] HandleInput: In editing mode, delegating to HandleEditingInput
[2025-08-02 17:54:25] [DEBUG] Console not available, using Read-Host fallback
[2025-08-02 17:54:25] [DEBUG] Main loop: Key received, calling HandleInput
[2025-08-02 17:54:25] [DEBUG] HandleInput: Key pressed: Q (Char: 'q') EditingIndex: 4
[2025-08-02 17:54:25] [DEBUG] HandleInput: In editing mode, delegating to HandleEditingInput
[2025-08-02 17:54:25] [DEBUG] Console not available, using Read-Host fallback
[2025-08-02 17:54:25] [DEBUG] Main loop: Key received, calling HandleInput
[2025-08-02 17:54:25] [DEBUG] HandleInput: Key pressed: Q (Char: 'q') EditingIndex: 4
[2025-08-02 17:54:25] [DEBUG] HandleInput: In editing mode, delegating to HandleEditingInput
[2025-08-02 17:54:26] [DEBUG] Console not available, using Read-Host fallback
[2025-08-02 17:54:26] [DEBUG] Main loop: Key received, calling HandleInput
[2025-08-02 17:54:26] [DEBUG] HandleInput: Key pressed: Q (Char: 'q') EditingIndex: 4
[2025-08-02 17:54:26] [DEBUG] HandleInput: In editing mode, delegating to HandleEditingInput
[2025-08-02 17:54:26] [DEBUG] Console not available, using Read-Host fallback
[2025-08-02 17:54:26] [DEBUG] Main loop: Key received, calling HandleInput
[2025-08-02 17:54:26] [DEBUG] HandleInput: Key pressed: Q (Char: 'q') EditingIndex: 4
[2025-08-02 17:54:26] [DEBUG] HandleInput: In editing mode, delegating to HandleEditingInput
[2025-08-02 17:54:26] [DEBUG] Console not available, using Read-Host fallback
[2025-08-02 17:54:26] [DEBUG] Main loop: Key received, calling HandleInput
[2025-08-02 17:54:26] [DEBUG] HandleInput: Key pressed: Q (Char: 'q') EditingIndex: 4
[2025-08-02 17:54:26] [DEBUG] HandleInput: In editing mode, delegating to HandleEditingInput
[2025-08-02 17:54:26] [DEBUG] Console not available, using Read-Host fallback
[2025-08-02 17:54:26] [DEBUG] Main loop: Key received, calling HandleInput
[2025-08-02 17:54:26] [DEBUG] HandleInput: Key pressed: Q (Char: 'q') EditingIndex: 4
[2025-08-02 17:54:26] [DEBUG] HandleInput: In editing mode, delegating to HandleEditingInput
[2025-08-02 17:54:26] [DEBUG] Console not available, using Read-Host fallback
[2025-08-02 17:54:26] [DEBUG] Main loop: Key received, calling HandleInput
[2025-08-02 17:54:26] [DEBUG] HandleInput: Key pressed: Q (Char: 'q') EditingIndex: 4
[2025-08-02 17:54:26] [DEBUG] HandleInput: In editing mode, delegating to HandleEditingInput
[2025-08-02 17:54:26] [DEBUG] Console not available, using Read-Host fallback
[2025-08-02 17:54:26] [DEBUG] Main loop: Key received, calling HandleInput
[2025-08-02 17:54:26] [DEBUG] HandleInput: Key pressed: Q (Char: 'q') EditingIndex: 4
[2025-08-02 17:54:26] [DEBUG] HandleInput: In editing mode, delegating to HandleEditingInput
[2025-08-02 17:54:26] [DEBUG] Console not available, using Read-Host fallback
[2025-08-02 17:54:26] [DEBUG] Main loop: Key received, calling HandleInput
[2025-08-02 17:54:26] [DEBUG] HandleInput: Key pressed: Q (Char: 'q') EditingIndex: 4
[2025-08-02 17:54:26] [DEBUG] HandleInput: In editing mode, delegating to HandleEditingInput
[2025-08-02 17:54:26] [DEBUG] Console not available, using Read-Host fallback
[2025-08-02 17:54:26] [DEBUG] Main loop: Key received, calling HandleInput
[2025-08-02 17:54:26] [DEBUG] HandleInput: Key pressed: Q (Char: 'q') EditingIndex: 4
[2025-08-02 17:54:26] [DEBUG] HandleInput: In editing mode, delegating to HandleEditingInput
[2025-08-02 17:54:26] [DEBUG] Console not available, using Read-Host fallback
[2025-08-02 17:54:26] [DEBUG] Main loop: Key received, calling HandleInput
[2025-08-02 17:54:26] [DEBUG] HandleInput: Key pressed: Q (Char: 'q') EditingIndex: 4
[2025-08-02 17:54:26] [DEBUG] HandleInput: In editing mode, delegating to HandleEditingInput
[2025-08-02 17:54:26] [DEBUG] Console not available, using Read-Host fallback
[2025-08-02 17:54:26] [DEBUG] Main loop: Key received, calling HandleInput
[2025-08-02 17:54:26] [DEBUG] HandleInput: Key pressed: Q (Char: 'q') EditingIndex: 4
[2025-08-02 17:54:26] [DEBUG] HandleInput: In editing mode, delegating to HandleEditingInput
[2025-08-02 17:54:26] [DEBUG] Console not available, using Read-Host fallback
[2025-08-02 17:54:26] [DEBUG] Main loop: Key received, calling HandleInput
[2025-08-02 17:54:26] [DEBUG] HandleInput: Key pressed: Q (Char: 'q') EditingIndex: 4
[2025-08-02 17:54:26] [DEBUG] HandleInput: In editing mode, delegating to HandleEditingInput
[2025-08-02 17:54:26] [DEBUG] Console not available, using Read-Host fallback
[2025-08-02 17:54:26] [DEBUG] Main loop: Key received, calling HandleInput
[2025-08-02 17:54:26] [DEBUG] HandleInput: Key pressed: Q (Char: 'q') EditingIndex: 4
[2025-08-02 17:54:26] [DEBUG] HandleInput: In editing mode, delegating to HandleEditingInput
[2025-08-02 17:54:26] [DEBUG] Console not available, using Read-Host fallback
[2025-08-02 17:54:26] [DEBUG] Main loop: Key received, calling HandleInput
[2025-08-02 17:54:26] [DEBUG] HandleInput: Key pressed: Q (Char: 'q') EditingIndex: 4
[2025-08-02 17:54:26] [DEBUG] HandleInput: In editing mode, delegating to HandleEditingInput
[2025-08-02 17:54:26] [DEBUG] Console not available, using Read-Host fallback
[2025-08-02 17:54:26] [DEBUG] Main loop: Key received, calling HandleInput
[2025-08-02 17:54:26] [DEBUG] HandleInput: Key pressed: Q (Char: 'q') EditingIndex: 4
[2025-08-02 17:54:26] [DEBUG] HandleInput: In editing mode, delegating to HandleEditingInput
[2025-08-02 17:54:26] [DEBUG] Console not available, using Read-Host fallback
[2025-08-02 17:54:26] [DEBUG] Main loop: Key received, calling HandleInput
[2025-08-02 17:54:26] [DEBUG] HandleInput: Key pressed: Q (Char: 'q') EditingIndex: 4
[2025-08-02 17:54:26] [DEBUG] HandleInput: In editing mode, delegating to HandleEditingInput
[2025-08-02 17:54:26] [DEBUG] Console not available, using Read-Host fallback
[2025-08-02 17:54:26] [DEBUG] Main loop: Key received, calling HandleInput
[2025-08-02 17:54:26] [DEBUG] HandleInput: Key pressed: Q (Char: 'q') EditingIndex: 4
[2025-08-02 17:54:26] [DEBUG] HandleInput: In editing mode, delegating to HandleEditingInput
[2025-08-02 17:54:26] [DEBUG] Console not available, using Read-Host fallback
[2025-08-02 17:54:26] [DEBUG] Main loop: Key received, calling HandleInput
[2025-08-02 17:54:26] [DEBUG] HandleInput: Key pressed: Q (Char: 'q') EditingIndex: 4
[2025-08-02 17:54:26] [DEBUG] HandleInput: In editing mode, delegating to HandleEditingInput
[2025-08-02 17:54:26] [DEBUG] Console not available, using Read-Host fallback
[2025-08-02 17:54:26] [DEBUG] Main loop: Key received, calling HandleInput
[2025-08-02 17:54:26] [DEBUG] HandleInput: Key pressed: Q (Char: 'q') EditingIndex: 4
[2025-08-02 17:54:26] [DEBUG] HandleInput: In editing mode, delegating to HandleEditingInput
[2025-08-02 17:54:26] [DEBUG] Console not available, using Read-Host fallback
[2025-08-02 17:54:26] [DEBUG] Main loop: Key received, calling HandleInput
[2025-08-02 17:54:26] [DEBUG] HandleInput: Key pressed: Q (Char: 'q') EditingIndex: 4
[2025-08-02 17:54:26] [DEBUG] HandleInput: In editing mode, delegating to HandleEditingInput
[2025-08-02 17:54:26] [DEBUG] Console not available, using Read-Host fallback
[2025-08-02 17:54:26] [DEBUG] Main loop: Key received, calling HandleInput
[2025-08-02 17:54:26] [DEBUG] HandleInput: Key pressed: Q (Char: 'q') EditingIndex: 4
[2025-08-02 17:54:26] [DEBUG] HandleInput: In editing mode, delegating to HandleEditingInput
[2025-08-02 17:54:26] [DEBUG] Console not available, using Read-Host fallback
[2025-08-02 17:54:26] [DEBUG] Main loop: Key received, calling HandleInput
[2025-08-02 17:54:26] [DEBUG] HandleInput: Key pressed: Q (Char: 'q') EditingIndex: 4
[2025-08-02 17:54:26] [DEBUG] HandleInput: In editing mode, delegating to HandleEditingInput
[2025-08-02 17:54:26] [DEBUG] Console not available, using Read-Host fallback
[2025-08-02 17:54:26] [DEBUG] Main loop: Key received, calling HandleInput
[2025-08-02 17:54:26] [DEBUG] HandleInput: Key pressed: Q (Char: 'q') EditingIndex: 4
[2025-08-02 17:54:26] [DEBUG] HandleInput: In editing mode, delegating to HandleEditingInput
[2025-08-02 17:54:26] [DEBUG] Console not available, using Read-Host fallback
[2025-08-02 17:54:26] [DEBUG] Main loop: Key received, calling HandleInput
[2025-08-02 17:54:26] [DEBUG] HandleInput: Key pressed: Q (Char: 'q') EditingIndex: 4
[2025-08-02 17:54:26] [DEBUG] HandleInput: In editing mode, delegating to HandleEditingInput
[2025-08-02 17:54:26] [DEBUG] Console not available, using Read-Host fallback
[2025-08-02 17:54:26] [DEBUG] Main loop: Key received, calling HandleInput
[2025-08-02 17:54:26] [DEBUG] HandleInput: Key pressed: Q (Char: 'q') EditingIndex: 4
[2025-08-02 17:54:26] [DEBUG] HandleInput: In editing mode, delegating to HandleEditingInput
[2025-08-02 17:54:26] [DEBUG] Console not available, using Read-Host fallback
[2025-08-02 17:54:26] [DEBUG] Main loop: Key received, calling HandleInput
[2025-08-02 17:54:26] [DEBUG] HandleInput: Key pressed: Q (Char: 'q') EditingIndex: 4
[2025-08-02 17:54:26] [DEBUG] HandleInput: In editing mode, delegating to HandleEditingInput
[2025-08-02 17:54:26] [DEBUG] Console not available, using Read-Host fallback
[2025-08-02 17:54:26] [DEBUG] Main loop: Key received, calling HandleInput
[2025-08-02 17:54:26] [DEBUG] HandleInput: Key pressed: Q (Char: 'q') EditingIndex: 4
[2025-08-02 17:54:27] [DEBUG] HandleInput: In editing mode, delegating to HandleEditingInput
[2025-08-02 17:54:27] [DEBUG] Console not available, using Read-Host fallback
[2025-08-02 17:54:27] [DEBUG] Main loop: Key received, calling HandleInput
[2025-08-02 17:54:27] [DEBUG] HandleInput: Key pressed: Q (Char: 'q') EditingIndex: 4
[2025-08-02 17:54:27] [DEBUG] HandleInput: In editing mode, delegating to HandleEditingInput
[2025-08-02 17:54:27] [DEBUG] Console not available, using Read-Host fallback
[2025-08-02 17:54:27] [DEBUG] Main loop: Key received, calling HandleInput
[2025-08-02 17:54:27] [DEBUG] HandleInput: Key pressed: Q (Char: 'q') EditingIndex: 4
[2025-08-02 17:54:27] [DEBUG] HandleInput: In editing mode, delegating to HandleEditingInput
[2025-08-02 17:54:27] [DEBUG] Console not available, using Read-Host fallback
[2025-08-02 17:54:27] [DEBUG] Main loop: Key received, calling HandleInput
[2025-08-02 17:54:27] [DEBUG] HandleInput: Key pressed: Q (Char: 'q') EditingIndex: 4
[2025-08-02 17:54:27] [DEBUG] HandleInput: In editing mode, delegating to HandleEditingInput
[2025-08-02 17:54:27] [DEBUG] Console not available, using Read-Host fallback
[2025-08-02 17:54:27] [DEBUG] Main loop: Key received, calling HandleInput
[2025-08-02 17:54:27] [DEBUG] HandleInput: Key pressed: Q (Char: 'q') EditingIndex: 4
[2025-08-02 17:54:27] [DEBUG] HandleInput: In editing mode, delegating to HandleEditingInput
[2025-08-02 17:54:27] [DEBUG] Console not available, using Read-Host fallback
[2025-08-02 17:54:27] [DEBUG] Main loop: Key received, calling HandleInput
[2025-08-02 17:54:27] [DEBUG] HandleInput: Key pressed: Q (Char: 'q') EditingIndex: 4
[2025-08-02 17:54:27] [DEBUG] HandleInput: In editing mode, delegating to HandleEditingInput
[2025-08-02 17:54:27] [DEBUG] Console not available, using Read-Host fallback
[2025-08-02 17:54:27] [DEBUG] Main loop: Key received, calling HandleInput
[2025-08-02 17:54:27] [DEBUG] HandleInput: Key pressed: Q (Char: 'q') EditingIndex: 4
[2025-08-02 17:54:27] [DEBUG] HandleInput: In editing mode, delegating to HandleEditingInput
[2025-08-02 17:54:27] [DEBUG] Console not available, using Read-Host fallback
[2025-08-02 17:54:27] [DEBUG] Main loop: Key received, calling HandleInput
[2025-08-02 17:54:27] [DEBUG] HandleInput: Key pressed: Q (Char: 'q') EditingIndex: 4
[2025-08-02 17:54:27] [DEBUG] HandleInput: In editing mode, delegating to HandleEditingInput
[2025-08-02 17:54:27] [DEBUG] Console not available, using Read-Host fallback
[2025-08-02 17:54:27] [DEBUG] Main loop: Key received, calling HandleInput
[2025-08-02 17:54:27] [DEBUG] HandleInput: Key pressed: Q (Char: 'q') EditingIndex: 4
[2025-08-02 17:54:27] [DEBUG] HandleInput: In editing mode, delegating to HandleEditingInput
[2025-08-02 17:54:27] [DEBUG] Console not available, using Read-Host fallback
[2025-08-02 17:54:27] [DEBUG] Main loop: Key received, calling HandleInput
[2025-08-02 17:54:27] [DEBUG] HandleInput: Key pressed: Q (Char: 'q') EditingIndex: 4
[2025-08-02 17:54:27] [DEBUG] HandleInput: In editing mode, delegating to HandleEditingInput
[2025-08-02 17:54:27] [DEBUG] Console not available, using Read-Host fallback
[2025-08-02 17:54:27] [DEBUG] Main loop: Key received, calling HandleInput
[2025-08-02 17:54:27] [DEBUG] HandleInput: Key pressed: Q (Char: 'q') EditingIndex: 4
[2025-08-02 17:54:27] [DEBUG] HandleInput: In editing mode, delegating to HandleEditingInput
[2025-08-02 17:54:27] [DEBUG] Console not available, using Read-Host fallback
[2025-08-02 17:54:27] [DEBUG] Main loop: Key received, calling HandleInput
[2025-08-02 17:54:27] [DEBUG] HandleInput: Key pressed: Q (Char: 'q') EditingIndex: 4
[2025-08-02 17:54:27] [DEBUG] HandleInput: In editing mode, delegating to HandleEditingInput
[2025-08-02 17:54:27] [DEBUG] Console not available, using Read-Host fallback
[2025-08-02 17:54:27] [DEBUG] Main loop: Key received, calling HandleInput
[2025-08-02 17:54:27] [DEBUG] HandleInput: Key pressed: Q (Char: 'q') EditingIndex: 4
[2025-08-02 17:54:27] [DEBUG] HandleInput: In editing mode, delegating to HandleEditingInput
[2025-08-02 17:54:27] [DEBUG] Console not available, using Read-Host fallback
[2025-08-02 17:54:27] [DEBUG] Main loop: Key received, calling HandleInput
[2025-08-02 17:54:27] [DEBUG] HandleInput: Key pressed: Q (Char: 'q') EditingIndex: 4
[2025-08-02 17:54:27] [DEBUG] HandleInput: In editing mode, delegating to HandleEditingInput
[2025-08-02 17:54:27] [DEBUG] Console not available, using Read-Host fallback
[2025-08-02 17:54:27] [DEBUG] Main loop: Key received, calling HandleInput
[2025-08-02 17:54:27] [DEBUG] HandleInput: Key pressed: Q (Char: 'q') EditingIndex: 4
[2025-08-02 17:54:27] [DEBUG] HandleInput: In editing mode, delegating to HandleEditingInput
[2025-08-02 17:54:27] [DEBUG] Console not available, using Read-Host fallback
[2025-08-02 17:54:27] [DEBUG] Main loop: Key received, calling HandleInput
[2025-08-02 17:54:27] [DEBUG] HandleInput: Key pressed: Q (Char: 'q') EditingIndex: 4
[2025-08-02 17:54:27] [DEBUG] HandleInput: In editing mode, delegating to HandleEditingInput
[2025-08-02 17:54:27] [DEBUG] Console not available, using Read-Host fallback
[2025-08-02 17:54:27] [DEBUG] Main loop: Key received, calling HandleInput
[2025-08-02 17:54:27] [DEBUG] HandleInput: Key pressed: Q (Char: 'q') EditingIndex: 4
[2025-08-02 17:54:27] [DEBUG] HandleInput: In editing mode, delegating to HandleEditingInput
[2025-08-02 17:54:27] [DEBUG] Console not available, using Read-Host fallback
[2025-08-02 17:54:27] [DEBUG] Main loop: Key received, calling HandleInput
[2025-08-02 17:54:27] [DEBUG] HandleInput: Key pressed: Q (Char: 'q') EditingIndex: 4
[2025-08-02 17:54:27] [DEBUG] HandleInput: In editing mode, delegating to HandleEditingInput
[2025-08-02 17:54:27] [DEBUG] Console not available, using Read-Host fallback
[2025-08-02 17:54:27] [DEBUG] Main loop: Key received, calling HandleInput
[2025-08-02 17:54:27] [DEBUG] HandleInput: Key pressed: Q (Char: 'q') EditingIndex: 4
[2025-08-02 17:54:27] [DEBUG] HandleInput: In editing mode, delegating to HandleEditingInput
[2025-08-02 17:54:27] [DEBUG] Console not available, using Read-Host fallback
[2025-08-02 17:54:27] [DEBUG] Main loop: Key received, calling HandleInput
[2025-08-02 17:54:27] [DEBUG] HandleInput: Key pressed: Q (Char: 'q') EditingIndex: 4
[2025-08-02 17:54:27] [DEBUG] HandleInput: In editing mode, delegating to HandleEditingInput
[2025-08-02 17:54:27] [DEBUG] Console not available, using Read-Host fallback
[2025-08-02 17:54:27] [DEBUG] Main loop: Key received, calling HandleInput
[2025-08-02 17:54:27] [DEBUG] HandleInput: Key pressed: Q (Char: 'q') EditingIndex: 4
[2025-08-02 17:54:27] [DEBUG] HandleInput: In editing mode, delegating to HandleEditingInput
[2025-08-02 17:54:27] [DEBUG] Console not available, using Read-Host fallback
[2025-08-02 17:54:27] [DEBUG] Main loop: Key received, calling HandleInput
[2025-08-02 17:54:27] [DEBUG] HandleInput: Key pressed: Q (Char: 'q') EditingIndex: 4
[2025-08-02 17:54:27] [DEBUG] HandleInput: In editing mode, delegating to HandleEditingInput
[2025-08-02 17:54:27] [DEBUG] Console not available, using Read-Host fallback
[2025-08-02 17:54:27] [DEBUG] Main loop: Key received, calling HandleInput
[2025-08-02 17:54:27] [DEBUG] HandleInput: Key pressed: Q (Char: 'q') EditingIndex: 4
[2025-08-02 17:54:27] [DEBUG] HandleInput: In editing mode, delegating to HandleEditingInput
[2025-08-02 17:54:27] [DEBUG] Console not available, using Read-Host fallback
[2025-08-02 17:54:27] [DEBUG] Main loop: Key received, calling HandleInput
[2025-08-02 17:54:27] [DEBUG] HandleInput: Key pressed: Q (Char: 'q') EditingIndex: 4
[2025-08-02 17:54:27] [DEBUG] HandleInput: In editing mode, delegating to HandleEditingInput
[2025-08-02 17:54:27] [DEBUG] Console not available, using Read-Host fallback
[2025-08-02 17:54:27] [DEBUG] Main loop: Key received, calling HandleInput
[2025-08-02 17:54:27] [DEBUG] HandleInput: Key pressed: Q (Char: 'q') EditingIndex: 4
[2025-08-02 17:54:27] [DEBUG] HandleInput: In editing mode, delegating to HandleEditingInput
[2025-08-02 17:54:27] [DEBUG] Console not available, using Read-Host fallback
[2025-08-02 17:54:27] [DEBUG] Main loop: Key received, calling HandleInput
[2025-08-02 17:54:27] [DEBUG] HandleInput: Key pressed: Q (Char: 'q') EditingIndex: 4
[2025-08-02 17:54:27] [DEBUG] HandleInput: In editing mode, delegating to HandleEditingInput
[2025-08-02 17:54:28] [DEBUG] Console not available, using Read-Host fallback
[2025-08-02 17:54:28] [DEBUG] Main loop: Key received, calling HandleInput
[2025-08-02 17:54:28] [DEBUG] HandleInput: Key pressed: Q (Char: 'q') EditingIndex: 4
[2025-08-02 17:54:28] [DEBUG] HandleInput: In editing mode, delegating to HandleEditingInput
[2025-08-02 17:54:28] [DEBUG] Console not available, using Read-Host fallback
[2025-08-02 17:54:28] [DEBUG] Main loop: Key received, calling HandleInput
[2025-08-02 17:54:28] [DEBUG] HandleInput: Key pressed: Q (Char: 'q') EditingIndex: 4
[2025-08-02 17:54:28] [DEBUG] HandleInput: In editing mode, delegating to HandleEditingInput
[2025-08-02 17:54:28] [DEBUG] Console not available, using Read-Host fallback
[2025-08-02 17:54:28] [DEBUG] Main loop: Key received, calling HandleInput
[2025-08-02 17:54:28] [DEBUG] HandleInput: Key pressed: Q (Char: 'q') EditingIndex: 4
[2025-08-02 17:54:28] [DEBUG] HandleInput: In editing mode, delegating to HandleEditingInput
[2025-08-02 17:54:28] [DEBUG] Console not available, using Read-Host fallback
[2025-08-02 17:54:28] [DEBUG] Main loop: Key received, calling HandleInput
[2025-08-02 17:54:28] [DEBUG] HandleInput: Key pressed: Q (Char: 'q') EditingIndex: 4
[2025-08-02 17:54:28] [DEBUG] HandleInput: In editing mode, delegating to HandleEditingInput
[2025-08-02 17:54:28] [DEBUG] Console not available, using Read-Host fallback
[2025-08-02 17:54:28] [DEBUG] Main loop: Key received, calling HandleInput
[2025-08-02 17:54:28] [DEBUG] HandleInput: Key pressed: Q (Char: 'q') EditingIndex: 4
[2025-08-02 17:54:28] [DEBUG] HandleInput: In editing mode, delegating to HandleEditingInput
[2025-08-02 17:54:28] [DEBUG] Console not available, using Read-Host fallback
[2025-08-02 17:54:28] [DEBUG] Main loop: Key received, calling HandleInput
[2025-08-02 17:54:28] [DEBUG] HandleInput: Key pressed: Q (Char: 'q') EditingIndex: 4
[2025-08-02 17:54:28] [DEBUG] HandleInput: In editing mode, delegating to HandleEditingInput
[2025-08-02 17:54:28] [DEBUG] Console not available, using Read-Host fallback
[2025-08-02 17:54:28] [DEBUG] Main loop: Key received, calling HandleInput
[2025-08-02 17:54:28] [DEBUG] HandleInput: Key pressed: Q (Char: 'q') EditingIndex: 4
[2025-08-02 17:54:28] [DEBUG] HandleInput: In editing mode, delegating to HandleEditingInput
[2025-08-02 17:54:28] [DEBUG] Console not available, using Read-Host fallback
[2025-08-02 17:54:28] [DEBUG] Main loop: Key received, calling HandleInput
[2025-08-02 17:54:28] [DEBUG] HandleInput: Key pressed: Q (Char: 'q') EditingIndex: 4
[2025-08-02 17:54:28] [DEBUG] HandleInput: In editing mode, delegating to HandleEditingInput
[2025-08-02 17:54:28] [DEBUG] Console not available, using Read-Host fallback
[2025-08-02 17:54:28] [DEBUG] Main loop: Key received, calling HandleInput
[2025-08-02 17:54:28] [DEBUG] HandleInput: Key pressed: Q (Char: 'q') EditingIndex: 4
[2025-08-02 17:54:28] [DEBUG] HandleInput: In editing mode, delegating to HandleEditingInput
[2025-08-02 17:54:28] [DEBUG] Console not available, using Read-Host fallback
[2025-08-02 17:54:28] [DEBUG] Main loop: Key received, calling HandleInput
[2025-08-02 17:54:28] [DEBUG] HandleInput: Key pressed: Q (Char: 'q') EditingIndex: 4
[2025-08-02 17:54:28] [DEBUG] HandleInput: In editing mode, delegating to HandleEditingInput
[2025-08-02 17:54:28] [DEBUG] Console not available, using Read-Host fallback
[2025-08-02 17:54:28] [DEBUG] Main loop: Key received, calling HandleInput
[2025-08-02 17:54:28] [DEBUG] HandleInput: Key pressed: Q (Char: 'q') EditingIndex: 4
[2025-08-02 17:54:28] [DEBUG] HandleInput: In editing mode, delegating to HandleEditingInput
[2025-08-02 17:54:28] [DEBUG] Console not available, using Read-Host fallback
[2025-08-02 17:54:28] [DEBUG] Main loop: Key received, calling HandleInput
[2025-08-02 17:54:28] [DEBUG] HandleInput: Key pressed: Q (Char: 'q') EditingIndex: 4
[2025-08-02 17:54:28] [DEBUG] HandleInput: In editing mode, delegating to HandleEditingInput
[2025-08-02 17:54:28] [DEBUG] Console not available, using Read-Host fallback
[2025-08-02 17:54:28] [DEBUG] Main loop: Key received, calling HandleInput
[2025-08-02 17:54:28] [DEBUG] HandleInput: Key pressed: Q (Char: 'q') EditingIndex: 4
[2025-08-02 17:54:28] [DEBUG] HandleInput: In editing mode, delegating to HandleEditingInput
[2025-08-02 17:54:28] [DEBUG] Console not available, using Read-Host fallback
[2025-08-02 17:54:28] [DEBUG] Main loop: Key received, calling HandleInput
[2025-08-02 17:54:28] [DEBUG] HandleInput: Key pressed: Q (Char: 'q') EditingIndex: 4
[2025-08-02 17:54:28] [DEBUG] HandleInput: In editing mode, delegating to HandleEditingInput
[2025-08-02 17:54:28] [DEBUG] Console not available, using Read-Host fallback
[2025-08-02 17:54:28] [DEBUG] Main loop: Key received, calling HandleInput
[2025-08-02 17:54:28] [DEBUG] HandleInput: Key pressed: Q (Char: 'q') EditingIndex: 4
[2025-08-02 17:54:28] [DEBUG] HandleInput: In editing mode, delegating to HandleEditingInput
[2025-08-02 17:54:28] [DEBUG] Console not available, using Read-Host fallback
[2025-08-02 17:54:28] [DEBUG] Main loop: Key received, calling HandleInput
[2025-08-02 17:54:28] [DEBUG] HandleInput: Key pressed: Q (Char: 'q') EditingIndex: 4
[2025-08-02 17:54:28] [DEBUG] HandleInput: In editing mode, delegating to HandleEditingInput
[2025-08-02 17:54:28] [DEBUG] Console not available, using Read-Host fallback
[2025-08-02 17:54:28] [DEBUG] Main loop: Key received, calling HandleInput
[2025-08-02 17:54:28] [DEBUG] HandleInput: Key pressed: Q (Char: 'q') EditingIndex: 4
[2025-08-02 17:54:28] [DEBUG] HandleInput: In editing mode, delegating to HandleEditingInput
[2025-08-02 17:54:28] [DEBUG] Console not available, using Read-Host fallback
[2025-08-02 17:54:28] [DEBUG] Main loop: Key received, calling HandleInput
[2025-08-02 17:54:28] [DEBUG] HandleInput: Key pressed: Q (Char: 'q') EditingIndex: 4
[2025-08-02 17:54:28] [DEBUG] HandleInput: In editing mode, delegating to HandleEditingInput
[2025-08-02 17:54:28] [DEBUG] Console not available, using Read-Host fallback
[2025-08-02 17:54:28] [DEBUG] Main loop: Key received, calling HandleInput
[2025-08-02 17:54:28] [DEBUG] HandleInput: Key pressed: Q (Char: 'q') EditingIndex: 4
[2025-08-02 17:54:28] [DEBUG] HandleInput: In editing mode, delegating to HandleEditingInput
[2025-08-02 17:54:28] [DEBUG] Console not available, using Read-Host fallback
[2025-08-02 17:54:28] [DEBUG] Main loop: Key received, calling HandleInput
[2025-08-02 17:54:28] [DEBUG] HandleInput: Key pressed: Q (Char: 'q') EditingIndex: 4
[2025-08-02 17:54:28] [DEBUG] HandleInput: In editing mode, delegating to HandleEditingInput
[2025-08-02 17:54:28] [DEBUG] Console not available, using Read-Host fallback
[2025-08-02 17:54:28] [DEBUG] Main loop: Key received, calling HandleInput
[2025-08-02 17:54:28] [DEBUG] HandleInput: Key pressed: Q (Char: 'q') EditingIndex: 4
[2025-08-02 17:54:28] [DEBUG] HandleInput: In editing mode, delegating to HandleEditingInput
[2025-08-02 17:54:28] [DEBUG] Console not available, using Read-Host fallback
[2025-08-02 17:54:28] [DEBUG] Main loop: Key received, calling HandleInput
[2025-08-02 17:54:28] [DEBUG] HandleInput: Key pressed: Q (Char: 'q') EditingIndex: 4
[2025-08-02 17:54:28] [DEBUG] HandleInput: In editing mode, delegating to HandleEditingInput
[2025-08-02 17:54:28] [DEBUG] Console not available, using Read-Host fallback
[2025-08-02 17:54:28] [DEBUG] Main loop: Key received, calling HandleInput
[2025-08-02 17:54:28] [DEBUG] HandleInput: Key pressed: Q (Char: 'q') EditingIndex: 4
[2025-08-02 17:54:28] [DEBUG] HandleInput: In editing mode, delegating to HandleEditingInput
[2025-08-02 17:54:28] [DEBUG] Console not available, using Read-Host fallback
[2025-08-02 17:54:28] [DEBUG] Main loop: Key received, calling HandleInput
[2025-08-02 17:54:28] [DEBUG] HandleInput: Key pressed: Q (Char: 'q') EditingIndex: 4
[2025-08-02 17:54:28] [DEBUG] HandleInput: In editing mode, delegating to HandleEditingInput
[2025-08-02 17:54:28] [DEBUG] Console not available, using Read-Host fallback
[2025-08-02 17:54:28] [DEBUG] Main loop: Key received, calling HandleInput
[2025-08-02 17:54:28] [DEBUG] HandleInput: Key pressed: Q (Char: 'q') EditingIndex: 4
[2025-08-02 17:54:28] [DEBUG] HandleInput: In editing mode, delegating to HandleEditingInput
[2025-08-02 17:54:28] [DEBUG] Console not available, using Read-Host fallback
[2025-08-02 17:54:28] [DEBUG] Main loop: Key received, calling HandleInput
[2025-08-02 17:54:28] [DEBUG] HandleInput: Key pressed: Q (Char: 'q') EditingIndex: 4
[2025-08-02 17:54:28] [DEBUG] HandleInput: In editing mode, delegating to HandleEditingInput
[2025-08-02 17:54:29] [DEBUG] Console not available, using Read-Host fallback
[2025-08-02 17:54:29] [DEBUG] Main loop: Key received, calling HandleInput
[2025-08-02 17:54:29] [DEBUG] HandleInput: Key pressed: Q (Char: 'q') EditingIndex: 4
[2025-08-02 17:54:29] [DEBUG] HandleInput: In editing mode, delegating to HandleEditingInput
[2025-08-02 17:54:29] [DEBUG] Console not available, using Read-Host fallback
[2025-08-02 17:54:29] [DEBUG] Main loop: Key received, calling HandleInput
[2025-08-02 17:54:29] [DEBUG] HandleInput: Key pressed: Q (Char: 'q') EditingIndex: 4
[2025-08-02 17:54:29] [DEBUG] HandleInput: In editing mode, delegating to HandleEditingInput
[2025-08-02 17:54:29] [DEBUG] Console not available, using Read-Host fallback
[2025-08-02 17:54:29] [DEBUG] Main loop: Key received, calling HandleInput
[2025-08-02 17:54:29] [DEBUG] HandleInput: Key pressed: Q (Char: 'q') EditingIndex: 4
[2025-08-02 17:54:29] [DEBUG] HandleInput: In editing mode, delegating to HandleEditingInput
[2025-08-02 17:54:29] [DEBUG] Console not available, using Read-Host fallback
[2025-08-02 17:54:29] [DEBUG] Main loop: Key received, calling HandleInput
[2025-08-02 17:54:29] [DEBUG] HandleInput: Key pressed: Q (Char: 'q') EditingIndex: 4
[2025-08-02 17:54:29] [DEBUG] HandleInput: In editing mode, delegating to HandleEditingInput
[2025-08-02 17:54:29] [DEBUG] Console not available, using Read-Host fallback
[2025-08-02 17:54:29] [DEBUG] Main loop: Key received, calling HandleInput
[2025-08-02 17:54:29] [DEBUG] HandleInput: Key pressed: Q (Char: 'q') EditingIndex: 4
[2025-08-02 17:54:29] [DEBUG] HandleInput: In editing mode, delegating to HandleEditingInput
[2025-08-02 17:54:29] [DEBUG] Console not available, using Read-Host fallback
[2025-08-02 17:54:29] [DEBUG] Main loop: Key received, calling HandleInput
[2025-08-02 17:54:29] [DEBUG] HandleInput: Key pressed: Q (Char: 'q') EditingIndex: 4
[2025-08-02 17:54:29] [DEBUG] HandleInput: In editing mode, delegating to HandleEditingInput
[2025-08-02 17:54:29] [DEBUG] Console not available, using Read-Host fallback
[2025-08-02 17:54:29] [DEBUG] Main loop: Key received, calling HandleInput
[2025-08-02 17:54:29] [DEBUG] HandleInput: Key pressed: Q (Char: 'q') EditingIndex: 4
[2025-08-02 17:54:29] [DEBUG] HandleInput: In editing mode, delegating to HandleEditingInput
[2025-08-02 17:54:29] [DEBUG] Console not available, using Read-Host fallback
[2025-08-02 17:54:29] [DEBUG] Main loop: Key received, calling HandleInput
[2025-08-02 17:54:29] [DEBUG] HandleInput: Key pressed: Q (Char: 'q') EditingIndex: 4
[2025-08-02 17:54:29] [DEBUG] HandleInput: In editing mode, delegating to HandleEditingInput
[2025-08-02 17:54:29] [DEBUG] Console not available, using Read-Host fallback
[2025-08-02 17:54:29] [DEBUG] Main loop: Key received, calling HandleInput
[2025-08-02 17:54:29] [DEBUG] HandleInput: Key pressed: Q (Char: 'q') EditingIndex: 4
[2025-08-02 17:54:29] [DEBUG] HandleInput: In editing mode, delegating to HandleEditingInput
[2025-08-02 17:54:29] [DEBUG] Console not available, using Read-Host fallback
[2025-08-02 17:54:29] [DEBUG] Main loop: Key received, calling HandleInput
[2025-08-02 17:54:29] [DEBUG] HandleInput: Key pressed: Q (Char: 'q') EditingIndex: 4
[2025-08-02 17:54:29] [DEBUG] HandleInput: In editing mode, delegating to HandleEditingInput
[2025-08-02 17:54:29] [DEBUG] Console not available, using Read-Host fallback
[2025-08-02 17:54:29] [DEBUG] Main loop: Key received, calling HandleInput
[2025-08-02 17:54:29] [DEBUG] HandleInput: Key pressed: Q (Char: 'q') EditingIndex: 4
[2025-08-02 17:54:29] [DEBUG] HandleInput: In editing mode, delegating to HandleEditingInput
[2025-08-02 17:54:29] [DEBUG] Console not available, using Read-Host fallback
[2025-08-02 17:54:29] [DEBUG] Main loop: Key received, calling HandleInput
[2025-08-02 17:54:29] [DEBUG] HandleInput: Key pressed: Q (Char: 'q') EditingIndex: 4
[2025-08-02 17:54:29] [DEBUG] HandleInput: In editing mode, delegating to HandleEditingInput
[2025-08-02 17:54:29] [DEBUG] Console not available, using Read-Host fallback
[2025-08-02 17:54:29] [DEBUG] Main loop: Key received, calling HandleInput
[2025-08-02 17:54:29] [DEBUG] HandleInput: Key pressed: Q (Char: 'q') EditingIndex: 4
[2025-08-02 17:54:29] [DEBUG] HandleInput: In editing mode, delegating to HandleEditingInput
[2025-08-02 17:54:29] [DEBUG] Console not available, using Read-Host fallback
[2025-08-02 17:54:29] [DEBUG] Main loop: Key received, calling HandleInput
[2025-08-02 17:54:29] [DEBUG] HandleInput: Key pressed: Q (Char: 'q') EditingIndex: 4
[2025-08-02 17:54:29] [DEBUG] HandleInput: In editing mode, delegating to HandleEditingInput
[2025-08-02 17:54:29] [DEBUG] Console not available, using Read-Host fallback
[2025-08-02 17:54:29] [DEBUG] Main loop: Key received, calling HandleInput
[2025-08-02 17:54:29] [DEBUG] HandleInput: Key pressed: Q (Char: 'q') EditingIndex: 4
[2025-08-02 17:54:29] [DEBUG] HandleInput: In editing mode, delegating to HandleEditingInput
[2025-08-02 17:54:29] [DEBUG] Console not available, using Read-Host fallback
[2025-08-02 17:54:29] [DEBUG] Main loop: Key received, calling HandleInput
[2025-08-02 17:54:29] [DEBUG] HandleInput: Key pressed: Q (Char: 'q') EditingIndex: 4
[2025-08-02 17:54:29] [DEBUG] HandleInput: In editing mode, delegating to HandleEditingInput
[2025-08-02 17:54:29] [DEBUG] Console not available, using Read-Host fallback
[2025-08-02 17:54:29] [DEBUG] Main loop: Key received, calling HandleInput
[2025-08-02 17:54:29] [DEBUG] HandleInput: Key pressed: Q (Char: 'q') EditingIndex: 4
[2025-08-02 17:54:29] [DEBUG] HandleInput: In editing mode, delegating to HandleEditingInput
[2025-08-02 17:54:29] [DEBUG] Console not available, using Read-Host fallback
[2025-08-02 17:54:29] [DEBUG] Main loop: Key received, calling HandleInput
[2025-08-02 17:54:29] [DEBUG] HandleInput: Key pressed: Q (Char: 'q') EditingIndex: 4
[2025-08-02 17:54:29] [DEBUG] HandleInput: In editing mode, delegating to HandleEditingInput
[2025-08-02 17:54:29] [DEBUG] Console not available, using Read-Host fallback
[2025-08-02 17:54:29] [DEBUG] Main loop: Key received, calling HandleInput
[2025-08-02 17:54:29] [DEBUG] HandleInput: Key pressed: Q (Char: 'q') EditingIndex: 4
[2025-08-02 17:54:29] [DEBUG] HandleInput: In editing mode, delegating to HandleEditingInput
[2025-08-02 17:54:29] [DEBUG] Console not available, using Read-Host fallback
[2025-08-02 17:54:29] [DEBUG] Main loop: Key received, calling HandleInput
[2025-08-02 17:54:29] [DEBUG] HandleInput: Key pressed: Q (Char: 'q') EditingIndex: 4
[2025-08-02 17:54:29] [DEBUG] HandleInput: In editing mode, delegating to HandleEditingInput
[2025-08-02 17:54:29] [DEBUG] Console not available, using Read-Host fallback
[2025-08-02 17:54:29] [DEBUG] Main loop: Key received, calling HandleInput
[2025-08-02 17:54:29] [DEBUG] HandleInput: Key pressed: Q (Char: 'q') EditingIndex: 4
[2025-08-02 17:54:29] [DEBUG] HandleInput: In editing mode, delegating to HandleEditingInput
[2025-08-02 17:54:29] [DEBUG] Console not available, using Read-Host fallback
[2025-08-02 17:54:29] [DEBUG] Main loop: Key received, calling HandleInput
[2025-08-02 17:54:29] [DEBUG] HandleInput: Key pressed: Q (Char: 'q') EditingIndex: 4
[2025-08-02 17:54:29] [DEBUG] HandleInput: In editing mode, delegating to HandleEditingInput
[2025-08-02 17:54:29] [DEBUG] Console not available, using Read-Host fallback
[2025-08-02 17:54:29] [DEBUG] Main loop: Key received, calling HandleInput
[2025-08-02 17:54:29] [DEBUG] HandleInput: Key pressed: Q (Char: 'q') EditingIndex: 4
[2025-08-02 17:54:29] [DEBUG] HandleInput: In editing mode, delegating to HandleEditingInput
[2025-08-02 17:54:29] [DEBUG] Console not available, using Read-Host fallback
[2025-08-02 17:54:29] [DEBUG] Main loop: Key received, calling HandleInput
[2025-08-02 17:54:29] [DEBUG] HandleInput: Key pressed: Q (Char: 'q') EditingIndex: 4
[2025-08-02 17:54:29] [DEBUG] HandleInput: In editing mode, delegating to HandleEditingInput
[2025-08-02 17:54:29] [DEBUG] Console not available, using Read-Host fallback
[2025-08-02 17:54:29] [DEBUG] Main loop: Key received, calling HandleInput
[2025-08-02 17:54:29] [DEBUG] HandleInput: Key pressed: Q (Char: 'q') EditingIndex: 4
[2025-08-02 17:54:29] [DEBUG] HandleInput: In editing mode, delegating to HandleEditingInput
[2025-08-02 17:54:30] [DEBUG] Console not available, using Read-Host fallback
[2025-08-02 17:54:30] [DEBUG] Main loop: Key received, calling HandleInput
[2025-08-02 17:54:30] [DEBUG] HandleInput: Key pressed: Q (Char: 'q') EditingIndex: 4
[2025-08-02 17:54:30] [DEBUG] HandleInput: In editing mode, delegating to HandleEditingInput
[2025-08-02 17:54:30] [DEBUG] Console not available, using Read-Host fallback
[2025-08-02 17:54:30] [DEBUG] Main loop: Key received, calling HandleInput
[2025-08-02 17:54:30] [DEBUG] HandleInput: Key pressed: Q (Char: 'q') EditingIndex: 4
[2025-08-02 17:54:30] [DEBUG] HandleInput: In editing mode, delegating to HandleEditingInput
[2025-08-02 17:54:30] [DEBUG] Console not available, using Read-Host fallback
[2025-08-02 17:54:30] [DEBUG] Main loop: Key received, calling HandleInput
[2025-08-02 17:54:30] [DEBUG] HandleInput: Key pressed: Q (Char: 'q') EditingIndex: 4
[2025-08-02 17:54:30] [DEBUG] HandleInput: In editing mode, delegating to HandleEditingInput
[2025-08-02 17:54:30] [DEBUG] Console not available, using Read-Host fallback
[2025-08-02 17:54:30] [DEBUG] Main loop: Key received, calling HandleInput
[2025-08-02 17:54:30] [DEBUG] HandleInput: Key pressed: Q (Char: 'q') EditingIndex: 4
[2025-08-02 17:54:30] [DEBUG] HandleInput: In editing mode, delegating to HandleEditingInput
[2025-08-02 17:54:30] [DEBUG] Console not available, using Read-Host fallback
[2025-08-02 17:54:30] [DEBUG] Main loop: Key received, calling HandleInput
[2025-08-02 17:54:30] [DEBUG] HandleInput: Key pressed: Q (Char: 'q') EditingIndex: 4
[2025-08-02 17:54:30] [DEBUG] HandleInput: In editing mode, delegating to HandleEditingInput
[2025-08-02 17:54:30] [DEBUG] Console not available, using Read-Host fallback
[2025-08-02 17:54:30] [DEBUG] Main loop: Key received, calling HandleInput
[2025-08-02 17:54:30] [DEBUG] HandleInput: Key pressed: Q (Char: 'q') EditingIndex: 4
[2025-08-02 17:54:30] [DEBUG] HandleInput: In editing mode, delegating to HandleEditingInput
[2025-08-02 17:54:30] [DEBUG] Console not available, using Read-Host fallback
[2025-08-02 17:54:30] [DEBUG] Main loop: Key received, calling HandleInput
[2025-08-02 17:54:30] [DEBUG] HandleInput: Key pressed: Q (Char: 'q') EditingIndex: 4
[2025-08-02 17:54:30] [DEBUG] HandleInput: In editing mode, delegating to HandleEditingInput
[2025-08-02 17:54:30] [DEBUG] Console not available, using Read-Host fallback
[2025-08-02 17:54:30] [DEBUG] Main loop: Key received, calling HandleInput
[2025-08-02 17:54:30] [DEBUG] HandleInput: Key pressed: Q (Char: 'q') EditingIndex: 4
[2025-08-02 17:54:30] [DEBUG] HandleInput: In editing mode, delegating to HandleEditingInput
[2025-08-02 17:54:30] [DEBUG] Console not available, using Read-Host fallback
[2025-08-02 17:54:30] [DEBUG] Main loop: Key received, calling HandleInput
[2025-08-02 17:54:30] [DEBUG] HandleInput: Key pressed: Q (Char: 'q') EditingIndex: 4
[2025-08-02 17:54:30] [DEBUG] HandleInput: In editing mode, delegating to HandleEditingInput
[2025-08-02 17:54:30] [DEBUG] Console not available, using Read-Host fallback
[2025-08-02 17:54:30] [DEBUG] Main loop: Key received, calling HandleInput
[2025-08-02 17:54:30] [DEBUG] HandleInput: Key pressed: Q (Char: 'q') EditingIndex: 4
[2025-08-02 17:54:30] [DEBUG] HandleInput: In editing mode, delegating to HandleEditingInput
[2025-08-02 17:54:30] [DEBUG] Console not available, using Read-Host fallback
[2025-08-02 17:54:30] [DEBUG] Main loop: Key received, calling HandleInput
[2025-08-02 17:54:30] [DEBUG] HandleInput: Key pressed: Q (Char: 'q') EditingIndex: 4
[2025-08-02 17:54:30] [DEBUG] HandleInput: In editing mode, delegating to HandleEditingInput
[2025-08-02 17:54:30] [DEBUG] Console not available, using Read-Host fallback
[2025-08-02 17:54:30] [DEBUG] Main loop: Key received, calling HandleInput
[2025-08-02 17:54:30] [DEBUG] HandleInput: Key pressed: Q (Char: 'q') EditingIndex: 4
[2025-08-02 17:54:30] [DEBUG] HandleInput: In editing mode, delegating to HandleEditingInput
[2025-08-02 17:54:30] [DEBUG] Console not available, using Read-Host fallback
[2025-08-02 17:54:30] [DEBUG] Main loop: Key received, calling HandleInput
[2025-08-02 17:54:30] [DEBUG] HandleInput: Key pressed: Q (Char: 'q') EditingIndex: 4
[2025-08-02 17:54:30] [DEBUG] HandleInput: In editing mode, delegating to HandleEditingInput
[2025-08-02 17:54:30] [DEBUG] Console not available, using Read-Host fallback
[2025-08-02 17:54:30] [DEBUG] Main loop: Key received, calling HandleInput
[2025-08-02 17:54:30] [DEBUG] HandleInput: Key pressed: Q (Char: 'q') EditingIndex: 4
[2025-08-02 17:54:30] [DEBUG] HandleInput: In editing mode, delegating to HandleEditingInput
[2025-08-02 17:54:30] [DEBUG] Console not available, using Read-Host fallback
[2025-08-02 17:54:30] [DEBUG] Main loop: Key received, calling HandleInput
[2025-08-02 17:54:30] [DEBUG] HandleInput: Key pressed: Q (Char: 'q') EditingIndex: 4
[2025-08-02 17:54:30] [DEBUG] HandleInput: In editing mode, delegating to HandleEditingInput
[2025-08-02 17:54:30] [DEBUG] Console not available, using Read-Host fallback
[2025-08-02 17:54:30] [DEBUG] Main loop: Key received, calling HandleInput
[2025-08-02 17:54:30] [DEBUG] HandleInput: Key pressed: Q (Char: 'q') EditingIndex: 4
[2025-08-02 17:54:30] [DEBUG] HandleInput: In editing mode, delegating to HandleEditingInput
[2025-08-02 17:54:30] [DEBUG] Console not available, using Read-Host fallback
[2025-08-02 17:54:30] [DEBUG] Main loop: Key received, calling HandleInput
[2025-08-02 17:54:30] [DEBUG] HandleInput: Key pressed: Q (Char: 'q') EditingIndex: 4
[2025-08-02 17:54:30] [DEBUG] HandleInput: In editing mode, delegating to HandleEditingInput
[2025-08-02 17:54:30] [DEBUG] Console not available, using Read-Host fallback
[2025-08-02 17:54:30] [DEBUG] Main loop: Key received, calling HandleInput
[2025-08-02 17:54:30] [DEBUG] HandleInput: Key pressed: Q (Char: 'q') EditingIndex: 4
[2025-08-02 17:54:30] [DEBUG] HandleInput: In editing mode, delegating to HandleEditingInput
[2025-08-02 17:54:30] [DEBUG] Console not available, using Read-Host fallback
[2025-08-02 17:54:30] [DEBUG] Main loop: Key received, calling HandleInput
[2025-08-02 17:54:30] [DEBUG] HandleInput: Key pressed: Q (Char: 'q') EditingIndex: 4
[2025-08-02 17:54:30] [DEBUG] HandleInput: In editing mode, delegating to HandleEditingInput
[2025-08-02 17:54:30] [DEBUG] Console not available, using Read-Host fallback
[2025-08-02 17:54:30] [DEBUG] Main loop: Key received, calling HandleInput
[2025-08-02 17:54:30] [DEBUG] HandleInput: Key pressed: Q (Char: 'q') EditingIndex: 4
[2025-08-02 17:54:30] [DEBUG] HandleInput: In editing mode, delegating to HandleEditingInput
[2025-08-02 17:54:30] [DEBUG] Console not available, using Read-Host fallback
[2025-08-02 17:54:30] [DEBUG] Main loop: Key received, calling HandleInput
[2025-08-02 17:54:30] [DEBUG] HandleInput: Key pressed: Q (Char: 'q') EditingIndex: 4
[2025-08-02 17:54:30] [DEBUG] HandleInput: In editing mode, delegating to HandleEditingInput
[2025-08-02 17:54:30] [DEBUG] Console not available, using Read-Host fallback
[2025-08-02 17:54:30] [DEBUG] Main loop: Key received, calling HandleInput
[2025-08-02 17:54:30] [DEBUG] HandleInput: Key pressed: Q (Char: 'q') EditingIndex: 4
[2025-08-02 17:54:30] [DEBUG] HandleInput: In editing mode, delegating to HandleEditingInput
[2025-08-02 17:54:30] [DEBUG] Console not available, using Read-Host fallback
[2025-08-02 17:54:30] [DEBUG] Main loop: Key received, calling HandleInput
[2025-08-02 17:54:30] [DEBUG] HandleInput: Key pressed: Q (Char: 'q') EditingIndex: 4
[2025-08-02 17:54:30] [DEBUG] HandleInput: In editing mode, delegating to HandleEditingInput
[2025-08-02 17:54:30] [DEBUG] Console not available, using Read-Host fallback
[2025-08-02 17:54:30] [DEBUG] Main loop: Key received, calling HandleInput
[2025-08-02 17:54:30] [DEBUG] HandleInput: Key pressed: Q (Char: 'q') EditingIndex: 4
[2025-08-02 17:54:30] [DEBUG] HandleInput: In editing mode, delegating to HandleEditingInput
[2025-08-02 17:54:30] [DEBUG] Console not available, using Read-Host fallback
[2025-08-02 17:54:30] [DEBUG] Main loop: Key received, calling HandleInput
[2025-08-02 17:54:30] [DEBUG] HandleInput: Key pressed: Q (Char: 'q') EditingIndex: 4
[2025-08-02 17:54:30] [DEBUG] HandleInput: In editing mode, delegating to HandleEditingInput
[2025-08-02 17:54:30] [DEBUG] Console not available, using Read-Host fallback
[2025-08-02 17:54:30] [DEBUG] Main loop: Key received, calling HandleInput
[2025-08-02 17:54:30] [DEBUG] HandleInput: Key pressed: Q (Char: 'q') EditingIndex: 4
[2025-08-02 17:54:30] [DEBUG] HandleInput: In editing mode, delegating to HandleEditingInput
[2025-08-02 17:54:31] [DEBUG] Console not available, using Read-Host fallback
[2025-08-02 17:54:31] [DEBUG] Main loop: Key received, calling HandleInput
[2025-08-02 17:54:31] [DEBUG] HandleInput: Key pressed: Q (Char: 'q') EditingIndex: 4
[2025-08-02 17:54:31] [DEBUG] HandleInput: In editing mode, delegating to HandleEditingInput
[2025-08-02 17:54:31] [DEBUG] Console not available, using Read-Host fallback
[2025-08-02 17:54:31] [DEBUG] Main loop: Key received, calling HandleInput
[2025-08-02 17:54:31] [DEBUG] HandleInput: Key pressed: Q (Char: 'q') EditingIndex: 4
[2025-08-02 17:54:31] [DEBUG] HandleInput: In editing mode, delegating to HandleEditingInput
[2025-08-02 17:54:31] [DEBUG] Console not available, using Read-Host fallback
[2025-08-02 17:54:31] [DEBUG] Main loop: Key received, calling HandleInput
[2025-08-02 17:54:31] [DEBUG] HandleInput: Key pressed: Q (Char: 'q') EditingIndex: 4
[2025-08-02 17:54:31] [DEBUG] HandleInput: In editing mode, delegating to HandleEditingInput
[2025-08-02 17:54:31] [DEBUG] Console not available, using Read-Host fallback
[2025-08-02 17:54:31] [DEBUG] Main loop: Key received, calling HandleInput
[2025-08-02 17:54:31] [DEBUG] HandleInput: Key pressed: Q (Char: 'q') EditingIndex: 4
[2025-08-02 17:54:31] [DEBUG] HandleInput: In editing mode, delegating to HandleEditingInput
[2025-08-02 17:54:31] [DEBUG] Console not available, using Read-Host fallback
[2025-08-02 17:54:31] [DEBUG] Main loop: Key received, calling HandleInput
[2025-08-02 17:54:31] [DEBUG] HandleInput: Key pressed: Q (Char: 'q') EditingIndex: 4
[2025-08-02 17:54:31] [DEBUG] HandleInput: In editing mode, delegating to HandleEditingInput
[2025-08-02 17:54:31] [DEBUG] Console not available, using Read-Host fallback
[2025-08-02 17:54:31] [DEBUG] Main loop: Key received, calling HandleInput
[2025-08-02 17:54:31] [DEBUG] HandleInput: Key pressed: Q (Char: 'q') EditingIndex: 4
[2025-08-02 17:54:31] [DEBUG] HandleInput: In editing mode, delegating to HandleEditingInput
[2025-08-02 17:54:31] [DEBUG] Console not available, using Read-Host fallback
[2025-08-02 17:54:31] [DEBUG] Main loop: Key received, calling HandleInput
[2025-08-02 17:54:31] [DEBUG] HandleInput: Key pressed: Q (Char: 'q') EditingIndex: 4
[2025-08-02 17:54:31] [DEBUG] HandleInput: In editing mode, delegating to HandleEditingInput
[2025-08-02 17:54:31] [DEBUG] Console not available, using Read-Host fallback
[2025-08-02 17:54:31] [DEBUG] Main loop: Key received, calling HandleInput
[2025-08-02 17:54:31] [DEBUG] HandleInput: Key pressed: Q (Char: 'q') EditingIndex: 4
[2025-08-02 17:54:31] [DEBUG] HandleInput: In editing mode, delegating to HandleEditingInput
[2025-08-02 17:54:31] [DEBUG] Console not available, using Read-Host fallback
[2025-08-02 17:54:31] [DEBUG] Main loop: Key received, calling HandleInput
[2025-08-02 17:54:31] [DEBUG] HandleInput: Key pressed: Q (Char: 'q') EditingIndex: 4
[2025-08-02 17:54:31] [DEBUG] HandleInput: In editing mode, delegating to HandleEditingInput
[2025-08-02 17:54:31] [DEBUG] Console not available, using Read-Host fallback
[2025-08-02 17:54:31] [DEBUG] Main loop: Key received, calling HandleInput
[2025-08-02 17:54:31] [DEBUG] HandleInput: Key pressed: Q (Char: 'q') EditingIndex: 4
[2025-08-02 17:54:31] [DEBUG] HandleInput: In editing mode, delegating to HandleEditingInput
[2025-08-02 17:54:31] [DEBUG] Console not available, using Read-Host fallback
[2025-08-02 17:54:31] [DEBUG] Main loop: Key received, calling HandleInput
[2025-08-02 17:54:31] [DEBUG] HandleInput: Key pressed: Q (Char: 'q') EditingIndex: 4
[2025-08-02 17:54:31] [DEBUG] HandleInput: In editing mode, delegating to HandleEditingInput
[2025-08-02 17:54:31] [DEBUG] Console not available, using Read-Host fallback
[2025-08-02 17:54:31] [DEBUG] Main loop: Key received, calling HandleInput
[2025-08-02 17:54:31] [DEBUG] HandleInput: Key pressed: Q (Char: 'q') EditingIndex: 4
[2025-08-02 17:54:31] [DEBUG] HandleInput: In editing mode, delegating to HandleEditingInput
[2025-08-02 17:54:31] [DEBUG] Console not available, using Read-Host fallback
[2025-08-02 17:54:31] [DEBUG] Main loop: Key received, calling HandleInput
[2025-08-02 17:54:31] [DEBUG] HandleInput: Key pressed: Q (Char: 'q') EditingIndex: 4
[2025-08-02 17:54:31] [DEBUG] HandleInput: In editing mode, delegating to HandleEditingInput
[2025-08-02 17:54:31] [DEBUG] Console not available, using Read-Host fallback
[2025-08-02 17:54:31] [DEBUG] Main loop: Key received, calling HandleInput
[2025-08-02 17:54:31] [DEBUG] HandleInput: Key pressed: Q (Char: 'q') EditingIndex: 4
[2025-08-02 17:54:31] [DEBUG] HandleInput: In editing mode, delegating to HandleEditingInput
[2025-08-02 17:54:31] [DEBUG] Console not available, using Read-Host fallback
[2025-08-02 17:54:31] [DEBUG] Main loop: Key received, calling HandleInput
[2025-08-02 17:54:31] [DEBUG] HandleInput: Key pressed: Q (Char: 'q') EditingIndex: 4
[2025-08-02 17:54:31] [DEBUG] HandleInput: In editing mode, delegating to HandleEditingInput
[2025-08-02 17:54:31] [DEBUG] Console not available, using Read-Host fallback
[2025-08-02 17:54:31] [DEBUG] Main loop: Key received, calling HandleInput
[2025-08-02 17:54:31] [DEBUG] HandleInput: Key pressed: Q (Char: 'q') EditingIndex: 4
[2025-08-02 17:54:31] [DEBUG] HandleInput: In editing mode, delegating to HandleEditingInput
[2025-08-02 17:54:31] [DEBUG] Console not available, using Read-Host fallback
[2025-08-02 17:54:31] [DEBUG] Main loop: Key received, calling HandleInput
[2025-08-02 17:54:31] [DEBUG] HandleInput: Key pressed: Q (Char: 'q') EditingIndex: 4
[2025-08-02 17:54:31] [DEBUG] HandleInput: In editing mode, delegating to HandleEditingInput
[2025-08-02 17:54:31] [DEBUG] Console not available, using Read-Host fallback
[2025-08-02 17:54:31] [DEBUG] Main loop: Key received, calling HandleInput
[2025-08-02 17:54:31] [DEBUG] HandleInput: Key pressed: Q (Char: 'q') EditingIndex: 4
[2025-08-02 17:54:31] [DEBUG] HandleInput: In editing mode, delegating to HandleEditingInput
[2025-08-02 17:54:31] [DEBUG] Console not available, using Read-Host fallback
[2025-08-02 17:54:31] [DEBUG] Main loop: Key received, calling HandleInput
[2025-08-02 17:54:31] [DEBUG] HandleInput: Key pressed: Q (Char: 'q') EditingIndex: 4
[2025-08-02 17:54:31] [DEBUG] HandleInput: In editing mode, delegating to HandleEditingInput
[2025-08-02 17:54:31] [DEBUG] Console not available, using Read-Host fallback
[2025-08-02 17:54:31] [DEBUG] Main loop: Key received, calling HandleInput
[2025-08-02 17:54:31] [DEBUG] HandleInput: Key pressed: Q (Char: 'q') EditingIndex: 4
[2025-08-02 17:54:31] [DEBUG] HandleInput: In editing mode, delegating to HandleEditingInput
[2025-08-02 17:54:31] [DEBUG] Console not available, using Read-Host fallback
[2025-08-02 17:54:31] [DEBUG] Main loop: Key received, calling HandleInput
[2025-08-02 17:54:31] [DEBUG] HandleInput: Key pressed: Q (Char: 'q') EditingIndex: 4
[2025-08-02 17:54:31] [DEBUG] HandleInput: In editing mode, delegating to HandleEditingInput
[2025-08-02 17:54:31] [DEBUG] Console not available, using Read-Host fallback
[2025-08-02 17:54:31] [DEBUG] Main loop: Key received, calling HandleInput
[2025-08-02 17:54:31] [DEBUG] HandleInput: Key pressed: Q (Char: 'q') EditingIndex: 4
[2025-08-02 17:54:31] [DEBUG] HandleInput: In editing mode, delegating to HandleEditingInput
[2025-08-02 17:54:31] [DEBUG] Console not available, using Read-Host fallback
[2025-08-02 17:54:31] [DEBUG] Main loop: Key received, calling HandleInput
[2025-08-02 17:54:31] [DEBUG] HandleInput: Key pressed: Q (Char: 'q') EditingIndex: 4
[2025-08-02 17:54:31] [DEBUG] HandleInput: In editing mode, delegating to HandleEditingInput
[2025-08-02 17:54:31] [DEBUG] Console not available, using Read-Host fallback
[2025-08-02 17:54:31] [DEBUG] Main loop: Key received, calling HandleInput
[2025-08-02 17:54:31] [DEBUG] HandleInput: Key pressed: Q (Char: 'q') EditingIndex: 4
[2025-08-02 17:54:31] [DEBUG] HandleInput: In editing mode, delegating to HandleEditingInput
[2025-08-02 17:54:31] [DEBUG] Console not available, using Read-Host fallback
[2025-08-02 17:54:31] [DEBUG] Main loop: Key received, calling HandleInput
[2025-08-02 17:54:31] [DEBUG] HandleInput: Key pressed: Q (Char: 'q') EditingIndex: 4
[2025-08-02 17:54:31] [DEBUG] HandleInput: In editing mode, delegating to HandleEditingInput
[2025-08-02 17:54:32] [DEBUG] Console not available, using Read-Host fallback
[2025-08-02 17:54:32] [DEBUG] Main loop: Key received, calling HandleInput
[2025-08-02 17:54:32] [DEBUG] HandleInput: Key pressed: Q (Char: 'q') EditingIndex: 4
[2025-08-02 17:54:32] [DEBUG] HandleInput: In editing mode, delegating to HandleEditingInput
[2025-08-02 17:54:32] [DEBUG] Console not available, using Read-Host fallback
[2025-08-02 17:54:32] [DEBUG] Main loop: Key received, calling HandleInput
[2025-08-02 17:54:32] [DEBUG] HandleInput: Key pressed: Q (Char: 'q') EditingIndex: 4
[2025-08-02 17:54:32] [DEBUG] HandleInput: In editing mode, delegating to HandleEditingInput
[2025-08-02 17:54:32] [DEBUG] Console not available, using Read-Host fallback
[2025-08-02 17:54:32] [DEBUG] Main loop: Key received, calling HandleInput
[2025-08-02 17:54:32] [DEBUG] HandleInput: Key pressed: Q (Char: 'q') EditingIndex: 4
[2025-08-02 17:54:32] [DEBUG] HandleInput: In editing mode, delegating to HandleEditingInput
[2025-08-02 17:54:32] [DEBUG] Console not available, using Read-Host fallback
[2025-08-02 17:54:32] [DEBUG] Main loop: Key received, calling HandleInput
[2025-08-02 17:54:32] [DEBUG] HandleInput: Key pressed: Q (Char: 'q') EditingIndex: 4
[2025-08-02 17:54:32] [DEBUG] HandleInput: In editing mode, delegating to HandleEditingInput
[2025-08-02 17:54:32] [DEBUG] Console not available, using Read-Host fallback
[2025-08-02 17:54:32] [DEBUG] Main loop: Key received, calling HandleInput
[2025-08-02 17:54:32] [DEBUG] HandleInput: Key pressed: Q (Char: 'q') EditingIndex: 4
[2025-08-02 17:54:32] [DEBUG] HandleInput: In editing mode, delegating to HandleEditingInput
[2025-08-02 17:54:32] [DEBUG] Console not available, using Read-Host fallback
[2025-08-02 17:54:32] [DEBUG] Main loop: Key received, calling HandleInput
[2025-08-02 17:54:32] [DEBUG] HandleInput: Key pressed: Q (Char: 'q') EditingIndex: 4
[2025-08-02 17:54:32] [DEBUG] HandleInput: In editing mode, delegating to HandleEditingInput
[2025-08-02 17:54:32] [DEBUG] Console not available, using Read-Host fallback
[2025-08-02 17:54:32] [DEBUG] Main loop: Key received, calling HandleInput
[2025-08-02 17:54:32] [DEBUG] HandleInput: Key pressed: Q (Char: 'q') EditingIndex: 4
[2025-08-02 17:54:32] [DEBUG] HandleInput: In editing mode, delegating to HandleEditingInput
[2025-08-02 17:54:32] [DEBUG] Console not available, using Read-Host fallback
[2025-08-02 17:54:32] [DEBUG] Main loop: Key received, calling HandleInput
[2025-08-02 17:54:32] [DEBUG] HandleInput: Key pressed: Q (Char: 'q') EditingIndex: 4
[2025-08-02 17:54:32] [DEBUG] HandleInput: In editing mode, delegating to HandleEditingInput
[2025-08-02 17:54:32] [DEBUG] Console not available, using Read-Host fallback
[2025-08-02 17:54:32] [DEBUG] Main loop: Key received, calling HandleInput
[2025-08-02 17:54:32] [DEBUG] HandleInput: Key pressed: Q (Char: 'q') EditingIndex: 4
[2025-08-02 17:54:32] [DEBUG] HandleInput: In editing mode, delegating to HandleEditingInput
[2025-08-02 17:54:32] [DEBUG] Console not available, using Read-Host fallback
[2025-08-02 17:54:32] [DEBUG] Main loop: Key received, calling HandleInput
[2025-08-02 17:54:32] [DEBUG] HandleInput: Key pressed: Q (Char: 'q') EditingIndex: 4
[2025-08-02 17:54:32] [DEBUG] HandleInput: In editing mode, delegating to HandleEditingInput
[2025-08-02 17:54:32] [DEBUG] Console not available, using Read-Host fallback
[2025-08-02 17:54:32] [DEBUG] Main loop: Key received, calling HandleInput
[2025-08-02 17:54:32] [DEBUG] HandleInput: Key pressed: Q (Char: 'q') EditingIndex: 4
[2025-08-02 17:54:32] [DEBUG] HandleInput: In editing mode, delegating to HandleEditingInput
[2025-08-02 17:54:32] [DEBUG] Console not available, using Read-Host fallback
[2025-08-02 17:54:32] [DEBUG] Main loop: Key received, calling HandleInput
[2025-08-02 17:54:32] [DEBUG] HandleInput: Key pressed: Q (Char: 'q') EditingIndex: 4
[2025-08-02 17:54:32] [DEBUG] HandleInput: In editing mode, delegating to HandleEditingInput
[2025-08-02 17:54:32] [DEBUG] Console not available, using Read-Host fallback
[2025-08-02 17:54:32] [DEBUG] Main loop: Key received, calling HandleInput
[2025-08-02 17:54:32] [DEBUG] HandleInput: Key pressed: Q (Char: 'q') EditingIndex: 4
[2025-08-02 17:54:32] [DEBUG] HandleInput: In editing mode, delegating to HandleEditingInput
[2025-08-02 17:54:32] [DEBUG] Console not available, using Read-Host fallback
[2025-08-02 17:54:32] [DEBUG] Main loop: Key received, calling HandleInput
[2025-08-02 17:54:32] [DEBUG] HandleInput: Key pressed: Q (Char: 'q') EditingIndex: 4
[2025-08-02 17:54:32] [DEBUG] HandleInput: In editing mode, delegating to HandleEditingInput
[2025-08-02 17:54:32] [DEBUG] Console not available, using Read-Host fallback
[2025-08-02 17:54:32] [DEBUG] Main loop: Key received, calling HandleInput
[2025-08-02 17:54:32] [DEBUG] HandleInput: Key pressed: Q (Char: 'q') EditingIndex: 4
[2025-08-02 17:54:32] [DEBUG] HandleInput: In editing mode, delegating to HandleEditingInput
[2025-08-02 17:55:13] [INFO] Initializing TimeTracker application
[2025-08-02 17:55:13] [DEBUG] Console cleared and cursor hidden
[2025-08-02 17:55:13] [DEBUG] Creating TimeListScreen
[2025-08-02 17:55:13] [INFO] Loaded 4 time entries
[2025-08-02 17:55:13] [DEBUG] Initializing screen with dimensions: 169 x 44
[2025-08-02 17:55:13] [INFO] TimeTracker initialization complete
[2025-08-02 17:55:13] [INFO] Starting TimeTracker main loop
[2025-08-02 17:55:14] [ERROR] Application error in main loop: You cannot call a method on a null-valued expression.
[2025-08-02 17:55:14] [ERROR] Stack trace: at RenderTimeContent, /home/teej/projects/github/praxis/TimeTracker/Screens/TimeListScreen.ps1: line 329
at RenderTimeList, /home/teej/projects/github/praxis/TimeTracker/Screens/TimeListScreen.ps1: line 286
at Render, /home/teej/projects/github/praxis/TimeTracker/Screens/TimeListScreen.ps1: line 179
at Start-TimeTracker, /home/teej/projects/github/praxis/TimeTracker/TimeTracker.ps1: line 83
at <ScriptBlock>, /home/teej/projects/github/praxis/TimeTracker/TimeTracker.ps1: line 113
[2025-08-02 17:55:14] [INFO] Cleaning up and closing TimeTracker
[2025-08-02 17:58:24] [INFO] Initializing TimeTracker application
[2025-08-02 17:58:24] [DEBUG] Console cleared and cursor hidden
[2025-08-02 17:58:24] [DEBUG] Creating TimeListScreen
[2025-08-02 17:58:25] [INFO] Loaded 4 time entries
[2025-08-02 17:58:25] [DEBUG] Initializing screen with dimensions: 169 x 44
[2025-08-02 17:58:25] [INFO] TimeTracker initialization complete
[2025-08-02 17:58:25] [INFO] Starting TimeTracker main loop
[2025-08-02 17:58:31] [DEBUG] Main loop: Key received, calling HandleInput
[2025-08-02 17:58:31] [DEBUG] HandleInput: Key pressed: A (Char: 'a') EditingIndex: -1
[2025-08-02 17:58:31] [DEBUG] HandleInput: A - Start inline add new entry
[2025-08-02 17:58:31] [DEBUG] StartInlineAdd: Beginning add new entry process
[2025-08-02 17:58:31] [DEBUG] StartInlineAdd: Creating new SimpleTimeEntry
[2025-08-02 17:58:31] [DEBUG] StartInlineAdd: New entry created with ID: c2a47686-f68c-4eb9-9a80-e0ef4ea43902
[2025-08-02 17:58:31] [DEBUG] StartInlineAdd: Using TimeService CurrentWeekFriday: 08/08/2025 00:00:00
[2025-08-02 17:58:31] [DEBUG] StartInlineAdd: Week set to: 20250808
[2025-08-02 17:58:31] [DEBUG] StartInlineAdd: Adding entry to FlatList (current count: 4)
[2025-08-02 17:58:31] [DEBUG] StartInlineAdd: State set - EditingIndex: 4, SelectedIndex: 4, Field: project
[2025-08-02 17:58:31] [DEBUG] StartInlineAdd: Calling EnsureVisible
[2025-08-02 17:58:31] [DEBUG] StartInlineAdd: Successfully completed
[2025-08-02 17:58:36] [DEBUG] Main loop: Key received, calling HandleInput
[2025-08-02 17:58:36] [DEBUG] HandleInput: Key pressed: A (Char: 'a') EditingIndex: 4
[2025-08-02 17:58:36] [DEBUG] HandleInput: In editing mode, delegating to HandleEditingInput
[2025-08-02 17:58:40] [DEBUG] Main loop: Key received, calling HandleInput
[2025-08-02 17:58:40] [DEBUG] HandleInput: Key pressed: Backspace (Char: '') EditingIndex: 4
[2025-08-02 17:58:40] [DEBUG] HandleInput: In editing mode, delegating to HandleEditingInput
[2025-08-02 17:58:45] [DEBUG] Main loop: Key received, calling HandleInput
[2025-08-02 17:58:45] [DEBUG] HandleInput: Key pressed: D0 (Char: '0') EditingIndex: 4
[2025-08-02 17:58:45] [DEBUG] HandleInput: In editing mode, delegating to HandleEditingInput
[2025-08-02 17:58:46] [DEBUG] Main loop: Key received, calling HandleInput
[2025-08-02 17:58:46] [DEBUG] HandleInput: Key pressed: D6 (Char: '6') EditingIndex: 4
[2025-08-02 17:58:46] [DEBUG] HandleInput: In editing mode, delegating to HandleEditingInput
[2025-08-02 17:58:47] [DEBUG] Main loop: Key received, calling HandleInput
[2025-08-02 17:58:47] [DEBUG] HandleInput: Key pressed: D0 (Char: '0') EditingIndex: 4
[2025-08-02 17:58:47] [DEBUG] HandleInput: In editing mode, delegating to HandleEditingInput
[2025-08-02 17:58:49] [DEBUG] Main loop: Key received, calling HandleInput
[2025-08-02 17:58:49] [DEBUG] HandleInput: Key pressed: Tab (Char: '	') EditingIndex: 4
[2025-08-02 17:58:49] [DEBUG] HandleInput: In editing mode, delegating to HandleEditingInput
[2025-08-02 17:58:52] [DEBUG] Main loop: Key received, calling HandleInput
[2025-08-02 17:58:52] [DEBUG] HandleInput: Key pressed: Tab (Char: '	') EditingIndex: 4
[2025-08-02 17:58:52] [DEBUG] HandleInput: In editing mode, delegating to HandleEditingInput
[2025-08-02 17:58:55] [DEBUG] Main loop: Key received, calling HandleInput
[2025-08-02 17:58:55] [DEBUG] HandleInput: Key pressed: Tab (Char: '	') EditingIndex: 4
[2025-08-02 17:58:55] [DEBUG] HandleInput: In editing mode, delegating to HandleEditingInput
[2025-08-02 17:58:58] [DEBUG] Main loop: Key received, calling HandleInput
[2025-08-02 17:58:58] [DEBUG] HandleInput: Key pressed: D1 (Char: '1') EditingIndex: 4
[2025-08-02 17:58:58] [DEBUG] HandleInput: In editing mode, delegating to HandleEditingInput
[2025-08-02 17:58:59] [DEBUG] Main loop: Key received, calling HandleInput
[2025-08-02 17:58:59] [DEBUG] HandleInput: Key pressed: Tab (Char: '	') EditingIndex: 4
[2025-08-02 17:58:59] [DEBUG] HandleInput: In editing mode, delegating to HandleEditingInput
[2025-08-02 17:59:02] [DEBUG] Main loop: Key received, calling HandleInput
[2025-08-02 17:59:02] [DEBUG] HandleInput: Key pressed: Enter (Char: '') EditingIndex: 4
[2025-08-02 17:59:02] [DEBUG] HandleInput: In editing mode, delegating to HandleEditingInput
[2025-08-02 17:59:03] [DEBUG] Main loop: Key received, calling HandleInput
[2025-08-02 17:59:03] [DEBUG] HandleInput: Key pressed: Enter (Char: '') EditingIndex: 4
[2025-08-02 17:59:03] [DEBUG] HandleInput: In editing mode, delegating to HandleEditingInput
[2025-08-02 17:59:04] [DEBUG] Main loop: Key received, calling HandleInput
[2025-08-02 17:59:04] [DEBUG] HandleInput: Key pressed: Enter (Char: '') EditingIndex: 4
[2025-08-02 17:59:04] [DEBUG] HandleInput: In editing mode, delegating to HandleEditingInput
[2025-08-02 17:59:04] [INFO] Saved 5 time entries
[2025-08-02 17:59:06] [DEBUG] Main loop: Key received, calling HandleInput
[2025-08-02 17:59:06] [DEBUG] HandleInput: Key pressed: Enter (Char: '') EditingIndex: -1
[2025-08-02 17:59:06] [DEBUG] HandleInput: Unhandled key: Enter
[2025-08-02 17:59:09] [DEBUG] Main loop: Key received, calling HandleInput
[2025-08-02 17:59:09] [DEBUG] HandleInput: Key pressed: UpArrow (Char: ' ') EditingIndex: -1
[2025-08-02 17:59:09] [DEBUG] HandleInput: UpArrow - SelectedIndex: 4
[2025-08-02 17:59:09] [DEBUG] Main loop: Key received, calling HandleInput
[2025-08-02 17:59:09] [DEBUG] HandleInput: Key pressed: UpArrow (Char: ' ') EditingIndex: -1
[2025-08-02 17:59:09] [DEBUG] HandleInput: UpArrow - SelectedIndex: 3
[2025-08-02 17:59:10] [DEBUG] Main loop: Key received, calling HandleInput
[2025-08-02 17:59:10] [DEBUG] HandleInput: Key pressed: UpArrow (Char: ' ') EditingIndex: -1
[2025-08-02 17:59:10] [DEBUG] HandleInput: UpArrow - SelectedIndex: 2
[2025-08-02 17:59:11] [DEBUG] Main loop: Key received, calling HandleInput
[2025-08-02 17:59:11] [DEBUG] HandleInput: Key pressed: UpArrow (Char: ' ') EditingIndex: -1
[2025-08-02 17:59:11] [DEBUG] HandleInput: UpArrow - SelectedIndex: 1
[2025-08-02 17:59:11] [DEBUG] Main loop: Key received, calling HandleInput
[2025-08-02 17:59:11] [DEBUG] HandleInput: Key pressed: UpArrow (Char: ' ') EditingIndex: -1
[2025-08-02 17:59:11] [DEBUG] HandleInput: UpArrow - SelectedIndex: 0
[2025-08-02 17:59:12] [DEBUG] Main loop: Key received, calling HandleInput
[2025-08-02 17:59:12] [DEBUG] HandleInput: Key pressed: UpArrow (Char: ' ') EditingIndex: -1
[2025-08-02 17:59:12] [DEBUG] HandleInput: UpArrow - SelectedIndex: 0
[2025-08-02 17:59:13] [DEBUG] Main loop: Key received, calling HandleInput
[2025-08-02 17:59:13] [DEBUG] HandleInput: Key pressed: DownArrow (Char: ' ') EditingIndex: -1
[2025-08-02 17:59:13] [DEBUG] HandleInput: DownArrow - SelectedIndex: 0, Count: 5
[2025-08-02 17:59:14] [DEBUG] Main loop: Key received, calling HandleInput
[2025-08-02 17:59:15] [DEBUG] HandleInput: Key pressed: DownArrow (Char: ' ') EditingIndex: -1
[2025-08-02 17:59:15] [DEBUG] HandleInput: DownArrow - SelectedIndex: 1, Count: 5
[2025-08-02 17:59:16] [DEBUG] Main loop: Key received, calling HandleInput
[2025-08-02 17:59:16] [DEBUG] HandleInput: Key pressed: DownArrow (Char: ' ') EditingIndex: -1
[2025-08-02 17:59:16] [DEBUG] HandleInput: DownArrow - SelectedIndex: 2, Count: 5
[2025-08-02 17:59:17] [DEBUG] Main loop: Key received, calling HandleInput
[2025-08-02 17:59:17] [DEBUG] HandleInput: Key pressed: DownArrow (Char: ' ') EditingIndex: -1
[2025-08-02 17:59:17] [DEBUG] HandleInput: DownArrow - SelectedIndex: 3, Count: 5
[2025-08-02 17:59:18] [DEBUG] Main loop: Key received, calling HandleInput
[2025-08-02 17:59:18] [DEBUG] HandleInput: Key pressed: DownArrow (Char: ' ') EditingIndex: -1
[2025-08-02 17:59:18] [DEBUG] HandleInput: DownArrow - SelectedIndex: 4, Count: 5
[2025-08-02 17:59:18] [DEBUG] Main loop: Key received, calling HandleInput
[2025-08-02 17:59:18] [DEBUG] HandleInput: Key pressed: UpArrow (Char: ' ') EditingIndex: -1
[2025-08-02 17:59:18] [DEBUG] HandleInput: UpArrow - SelectedIndex: 4
[2025-08-02 17:59:19] [DEBUG] Main loop: Key received, calling HandleInput
[2025-08-02 17:59:19] [DEBUG] HandleInput: Key pressed: UpArrow (Char: ' ') EditingIndex: -1
[2025-08-02 17:59:19] [DEBUG] HandleInput: UpArrow - SelectedIndex: 3
[2025-08-02 17:59:20] [DEBUG] Main loop: Key received, calling HandleInput
[2025-08-02 17:59:20] [DEBUG] HandleInput: Key pressed: UpArrow (Char: ' ') EditingIndex: -1
[2025-08-02 17:59:20] [DEBUG] HandleInput: UpArrow - SelectedIndex: 2
[2025-08-02 17:59:20] [DEBUG] Main loop: Key received, calling HandleInput
[2025-08-02 17:59:20] [DEBUG] HandleInput: Key pressed: UpArrow (Char: ' ') EditingIndex: -1
[2025-08-02 17:59:20] [DEBUG] HandleInput: UpArrow - SelectedIndex: 1
[2025-08-02 17:59:21] [DEBUG] Main loop: Key received, calling HandleInput
[2025-08-02 17:59:21] [DEBUG] HandleInput: Key pressed: UpArrow (Char: ' ') EditingIndex: -1
[2025-08-02 17:59:21] [DEBUG] HandleInput: UpArrow - SelectedIndex: 0
[2025-08-02 17:59:22] [DEBUG] Main loop: Key received, calling HandleInput
[2025-08-02 17:59:22] [DEBUG] HandleInput: Key pressed: UpArrow (Char: ' ') EditingIndex: -1
[2025-08-02 17:59:22] [DEBUG] HandleInput: UpArrow - SelectedIndex: 0
[2025-08-02 17:59:22] [DEBUG] Main loop: Key received, calling HandleInput
[2025-08-02 17:59:22] [DEBUG] HandleInput: Key pressed: DownArrow (Char: ' ') EditingIndex: -1
[2025-08-02 17:59:22] [DEBUG] HandleInput: DownArrow - SelectedIndex: 0, Count: 5
[2025-08-02 17:59:22] [DEBUG] Main loop: Key received, calling HandleInput
[2025-08-02 17:59:22] [DEBUG] HandleInput: Key pressed: DownArrow (Char: ' ') EditingIndex: -1
[2025-08-02 17:59:22] [DEBUG] HandleInput: DownArrow - SelectedIndex: 1, Count: 5
[2025-08-02 17:59:23] [DEBUG] Main loop: Key received, calling HandleInput
[2025-08-02 17:59:23] [DEBUG] HandleInput: Key pressed: DownArrow (Char: ' ') EditingIndex: -1
[2025-08-02 17:59:23] [DEBUG] HandleInput: DownArrow - SelectedIndex: 2, Count: 5
[2025-08-02 17:59:23] [DEBUG] Main loop: Key received, calling HandleInput
[2025-08-02 17:59:23] [DEBUG] HandleInput: Key pressed: DownArrow (Char: ' ') EditingIndex: -1
[2025-08-02 17:59:23] [DEBUG] HandleInput: DownArrow - SelectedIndex: 3, Count: 5
[2025-08-02 17:59:24] [DEBUG] Main loop: Key received, calling HandleInput
[2025-08-02 17:59:24] [DEBUG] HandleInput: Key pressed: DownArrow (Char: ' ') EditingIndex: -1
[2025-08-02 17:59:24] [DEBUG] HandleInput: DownArrow - SelectedIndex: 4, Count: 5
[2025-08-02 17:59:24] [DEBUG] Main loop: Key received, calling HandleInput
[2025-08-02 17:59:24] [DEBUG] HandleInput: Key pressed: UpArrow (Char: ' ') EditingIndex: -1
[2025-08-02 17:59:24] [DEBUG] HandleInput: UpArrow - SelectedIndex: 4
[2025-08-02 17:59:25] [DEBUG] Main loop: Key received, calling HandleInput
[2025-08-02 17:59:25] [DEBUG] HandleInput: Key pressed: UpArrow (Char: ' ') EditingIndex: -1
[2025-08-02 17:59:25] [DEBUG] HandleInput: UpArrow - SelectedIndex: 3
[2025-08-02 17:59:27] [DEBUG] Main loop: Key received, calling HandleInput
[2025-08-02 17:59:27] [DEBUG] HandleInput: Key pressed: UpArrow (Char: ' ') EditingIndex: -1
[2025-08-02 17:59:27] [DEBUG] HandleInput: UpArrow - SelectedIndex: 2
[2025-08-02 17:59:27] [DEBUG] Main loop: Key received, calling HandleInput
[2025-08-02 17:59:27] [DEBUG] HandleInput: Key pressed: UpArrow (Char: ' ') EditingIndex: -1
[2025-08-02 17:59:27] [DEBUG] HandleInput: UpArrow - SelectedIndex: 1
[2025-08-02 17:59:27] [DEBUG] Main loop: Key received, calling HandleInput
[2025-08-02 17:59:27] [DEBUG] HandleInput: Key pressed: UpArrow (Char: ' ') EditingIndex: -1
[2025-08-02 17:59:27] [DEBUG] HandleInput: UpArrow - SelectedIndex: 0
[2025-08-02 17:59:28] [DEBUG] Main loop: Key received, calling HandleInput
[2025-08-02 17:59:28] [DEBUG] HandleInput: Key pressed: UpArrow (Char: ' ') EditingIndex: -1
[2025-08-02 17:59:28] [DEBUG] HandleInput: UpArrow - SelectedIndex: 0
[2025-08-02 17:59:31] [DEBUG] Main loop: Key received, calling HandleInput
[2025-08-02 17:59:31] [DEBUG] HandleInput: Key pressed: DownArrow (Char: ' ') EditingIndex: -1
[2025-08-02 17:59:31] [DEBUG] HandleInput: DownArrow - SelectedIndex: 0, Count: 5
[2025-08-02 17:59:35] [DEBUG] Main loop: Key received, calling HandleInput
[2025-08-02 17:59:35] [DEBUG] HandleInput: Key pressed: UpArrow (Char: ' ') EditingIndex: -1
[2025-08-02 17:59:35] [DEBUG] HandleInput: UpArrow - SelectedIndex: 1
[2025-08-02 17:59:37] [DEBUG] Main loop: Key received, calling HandleInput
[2025-08-02 17:59:37] [DEBUG] HandleInput: Key pressed: DownArrow (Char: ' ') EditingIndex: -1
[2025-08-02 17:59:37] [DEBUG] HandleInput: DownArrow - SelectedIndex: 0, Count: 5
[2025-08-02 17:59:40] [DEBUG] Main loop: Key received, calling HandleInput
[2025-08-02 17:59:40] [DEBUG] HandleInput: Key pressed: UpArrow (Char: ' ') EditingIndex: -1
[2025-08-02 17:59:40] [DEBUG] HandleInput: UpArrow - SelectedIndex: 1
[2025-08-02 18:04:05] [INFO] Cleaning up and closing TimeTracker
[2025-08-02 18:04:10] [INFO] Initializing TimeTracker application
[2025-08-02 18:04:11] [DEBUG] Console cleared and cursor hidden
[2025-08-02 18:04:11] [DEBUG] Creating TimeListScreen
[2025-08-02 18:04:12] [INFO] Loaded 5 time entries
[2025-08-02 18:04:12] [DEBUG] Initializing screen with dimensions: 169 x 44
[2025-08-02 18:04:12] [INFO] TimeTracker initialization complete
[2025-08-02 18:04:12] [INFO] Starting TimeTracker main loop
[2025-08-02 18:04:12] [ERROR] Application error in main loop: Cannot find an overload for "RenderTimeContent" and the argument count: "3".
[2025-08-02 18:04:12] [ERROR] Stack trace: at RenderTimeList, /home/teej/projects/github/praxis/TimeTracker/Screens/TimeListScreen.ps1: line 287
at Render, /home/teej/projects/github/praxis/TimeTracker/Screens/TimeListScreen.ps1: line 179
at Start-TimeTracker, /home/teej/projects/github/praxis/TimeTracker/TimeTracker.ps1: line 83
at <ScriptBlock>, /home/teej/projects/github/praxis/TimeTracker/TimeTracker.ps1: line 113
[2025-08-02 18:04:12] [INFO] Cleaning up and closing TimeTracker
[2025-08-02 18:05:43] [INFO] Initializing TimeTracker application
[2025-08-02 18:05:43] [DEBUG] Console cleared and cursor hidden
[2025-08-02 18:05:43] [DEBUG] Creating TimeListScreen
[2025-08-02 18:05:43] [INFO] Loaded 5 time entries
[2025-08-02 18:05:43] [DEBUG] Initializing screen with dimensions: 169 x 44
[2025-08-02 18:05:44] [INFO] TimeTracker initialization complete
[2025-08-02 18:05:44] [INFO] Starting TimeTracker main loop
[2025-08-02 18:05:48] [DEBUG] Main loop: Key received, calling HandleInput
[2025-08-02 18:05:48] [DEBUG] HandleInput: Key pressed: DownArrow (Char: ' ') EditingIndex: -1
[2025-08-02 18:05:48] [DEBUG] HandleInput: DownArrow - SelectedIndex: 0, Count: 5
[2025-08-02 18:05:51] [DEBUG] Main loop: Key received, calling HandleInput
[2025-08-02 18:05:52] [DEBUG] HandleInput: Key pressed: DownArrow (Char: ' ') EditingIndex: -1
[2025-08-02 18:05:52] [DEBUG] HandleInput: DownArrow - SelectedIndex: 1, Count: 5
[2025-08-02 18:05:52] [DEBUG] Main loop: Key received, calling HandleInput
[2025-08-02 18:05:52] [DEBUG] HandleInput: Key pressed: DownArrow (Char: ' ') EditingIndex: -1
[2025-08-02 18:05:52] [DEBUG] HandleInput: DownArrow - SelectedIndex: 2, Count: 5
[2025-08-02 18:05:53] [DEBUG] Main loop: Key received, calling HandleInput
[2025-08-02 18:05:53] [DEBUG] HandleInput: Key pressed: DownArrow (Char: ' ') EditingIndex: -1
[2025-08-02 18:05:53] [DEBUG] HandleInput: DownArrow - SelectedIndex: 3, Count: 5
[2025-08-02 18:05:54] [DEBUG] Main loop: Key received, calling HandleInput
[2025-08-02 18:05:54] [DEBUG] HandleInput: Key pressed: UpArrow (Char: ' ') EditingIndex: -1
[2025-08-02 18:05:54] [DEBUG] HandleInput: UpArrow - SelectedIndex: 4
[2025-08-02 18:05:55] [DEBUG] Main loop: Key received, calling HandleInput
[2025-08-02 18:05:55] [DEBUG] HandleInput: Key pressed: UpArrow (Char: ' ') EditingIndex: -1
[2025-08-02 18:05:55] [DEBUG] HandleInput: UpArrow - SelectedIndex: 3
[2025-08-02 18:05:59] [DEBUG] Main loop: Key received, calling HandleInput
[2025-08-02 18:05:59] [DEBUG] HandleInput: Key pressed: UpArrow (Char: ' ') EditingIndex: -1
[2025-08-02 18:05:59] [DEBUG] HandleInput: UpArrow - SelectedIndex: 2
[2025-08-02 18:06:01] [DEBUG] Main loop: Key received, calling HandleInput
[2025-08-02 18:06:01] [DEBUG] HandleInput: Key pressed: UpArrow (Char: ' ') EditingIndex: -1
[2025-08-02 18:06:01] [DEBUG] HandleInput: UpArrow - SelectedIndex: 1
[2025-08-02 18:06:07] [DEBUG] Main loop: Key received, calling HandleInput
[2025-08-02 18:06:07] [DEBUG] HandleInput: Key pressed: DownArrow (Char: ' ') EditingIndex: -1
[2025-08-02 18:06:07] [DEBUG] HandleInput: DownArrow - SelectedIndex: 0, Count: 5
[2025-08-02 18:06:12] [DEBUG] Main loop: Key received, calling HandleInput
[2025-08-02 18:06:12] [DEBUG] HandleInput: Key pressed: UpArrow (Char: ' ') EditingIndex: -1
[2025-08-02 18:06:12] [DEBUG] HandleInput: UpArrow - SelectedIndex: 1
[2025-08-02 18:06:14] [DEBUG] Main loop: Key received, calling HandleInput
[2025-08-02 18:06:14] [DEBUG] HandleInput: Key pressed: DownArrow (Char: ' ') EditingIndex: -1
[2025-08-02 18:06:14] [DEBUG] HandleInput: DownArrow - SelectedIndex: 0, Count: 5
[2025-08-02 18:06:19] [DEBUG] Main loop: Key received, calling HandleInput
[2025-08-02 18:06:19] [DEBUG] HandleInput: Key pressed: UpArrow (Char: ' ') EditingIndex: -1
[2025-08-02 18:06:19] [DEBUG] HandleInput: UpArrow - SelectedIndex: 1
[2025-08-02 18:06:21] [DEBUG] Main loop: Key received, calling HandleInput
[2025-08-02 18:06:21] [DEBUG] HandleInput: Key pressed: DownArrow (Char: ' ') EditingIndex: -1
[2025-08-02 18:06:21] [DEBUG] HandleInput: DownArrow - SelectedIndex: 0, Count: 5
[2025-08-02 18:06:40] [DEBUG] Main loop: Key received, calling HandleInput
[2025-08-02 18:06:40] [DEBUG] HandleInput: Key pressed: UpArrow (Char: ' ') EditingIndex: -1
[2025-08-02 18:06:40] [DEBUG] HandleInput: UpArrow - SelectedIndex: 1
[2025-08-02 18:12:02] [INFO] Cleaning up and closing TimeTracker
[2025-08-02 18:12:06] [INFO] Initializing TimeTracker application
[2025-08-02 18:12:06] [DEBUG] Console cleared and cursor hidden
[2025-08-02 18:12:06] [DEBUG] Creating TimeListScreen
[2025-08-02 18:12:07] [INFO] Loaded 5 time entries
[2025-08-02 18:12:07] [DEBUG] Initializing screen with dimensions: 169 x 44
[2025-08-02 18:12:07] [INFO] TimeTracker initialization complete
[2025-08-02 18:12:07] [INFO] Starting TimeTracker main loop
[2025-08-02 18:12:14] [DEBUG] Main loop: Key received, calling HandleInput
[2025-08-02 18:12:15] [DEBUG] HandleInput: Key pressed: DownArrow (Char: ' ') EditingIndex: -1
[2025-08-02 18:12:15] [DEBUG] HandleInput: DownArrow - SelectedIndex: 0, Count: 5
[2025-08-02 18:12:15] [DEBUG] Main loop: Key received, calling HandleInput
[2025-08-02 18:12:15] [DEBUG] HandleInput: Key pressed: DownArrow (Char: ' ') EditingIndex: -1
[2025-08-02 18:12:15] [DEBUG] HandleInput: DownArrow - SelectedIndex: 1, Count: 5
[2025-08-02 18:12:16] [DEBUG] Main loop: Key received, calling HandleInput
[2025-08-02 18:12:16] [DEBUG] HandleInput: Key pressed: DownArrow (Char: ' ') EditingIndex: -1
[2025-08-02 18:12:16] [DEBUG] HandleInput: DownArrow - SelectedIndex: 2, Count: 5
[2025-08-02 18:12:17] [DEBUG] Main loop: Key received, calling HandleInput
[2025-08-02 18:12:17] [DEBUG] HandleInput: Key pressed: DownArrow (Char: ' ') EditingIndex: -1
[2025-08-02 18:12:17] [DEBUG] HandleInput: DownArrow - SelectedIndex: 3, Count: 5
[2025-08-02 18:12:19] [DEBUG] Main loop: Key received, calling HandleInput
[2025-08-02 18:12:19] [DEBUG] HandleInput: Key pressed: UpArrow (Char: ' ') EditingIndex: -1
[2025-08-02 18:12:19] [DEBUG] HandleInput: UpArrow - SelectedIndex: 4
[2025-08-02 18:12:19] [DEBUG] Main loop: Key received, calling HandleInput
[2025-08-02 18:12:19] [DEBUG] HandleInput: Key pressed: UpArrow (Char: ' ') EditingIndex: -1
[2025-08-02 18:12:19] [DEBUG] HandleInput: UpArrow - SelectedIndex: 3
[2025-08-02 18:12:20] [DEBUG] Main loop: Key received, calling HandleInput
[2025-08-02 18:12:20] [DEBUG] HandleInput: Key pressed: UpArrow (Char: ' ') EditingIndex: -1
[2025-08-02 18:12:20] [DEBUG] HandleInput: UpArrow - SelectedIndex: 2
[2025-08-02 18:12:21] [DEBUG] Main loop: Key received, calling HandleInput
[2025-08-02 18:12:21] [DEBUG] HandleInput: Key pressed: UpArrow (Char: ' ') EditingIndex: -1
[2025-08-02 18:12:21] [DEBUG] HandleInput: UpArrow - SelectedIndex: 1
[2025-08-02 18:12:22] [DEBUG] Main loop: Key received, calling HandleInput
[2025-08-02 18:12:22] [DEBUG] HandleInput: Key pressed: UpArrow (Char: ' ') EditingIndex: -1
[2025-08-02 18:12:22] [DEBUG] HandleInput: UpArrow - SelectedIndex: 0
[2025-08-02 18:12:23] [DEBUG] Main loop: Key received, calling HandleInput
[2025-08-02 18:12:23] [DEBUG] HandleInput: Key pressed: DownArrow (Char: ' ') EditingIndex: -1
[2025-08-02 18:12:23] [DEBUG] HandleInput: DownArrow - SelectedIndex: 0, Count: 5
[2025-08-02 18:12:23] [DEBUG] Main loop: Key received, calling HandleInput
[2025-08-02 18:12:23] [DEBUG] HandleInput: Key pressed: DownArrow (Char: ' ') EditingIndex: -1
[2025-08-02 18:12:23] [DEBUG] HandleInput: DownArrow - SelectedIndex: 1, Count: 5
[2025-08-02 18:12:24] [DEBUG] Main loop: Key received, calling HandleInput
[2025-08-02 18:12:24] [DEBUG] HandleInput: Key pressed: DownArrow (Char: ' ') EditingIndex: -1
[2025-08-02 18:12:24] [DEBUG] HandleInput: DownArrow - SelectedIndex: 2, Count: 5
[2025-08-02 18:12:24] [DEBUG] Main loop: Key received, calling HandleInput
[2025-08-02 18:12:24] [DEBUG] HandleInput: Key pressed: DownArrow (Char: ' ') EditingIndex: -1
[2025-08-02 18:12:24] [DEBUG] HandleInput: DownArrow - SelectedIndex: 3, Count: 5
[2025-08-02 18:12:25] [DEBUG] Main loop: Key received, calling HandleInput
[2025-08-02 18:12:25] [DEBUG] HandleInput: Key pressed: UpArrow (Char: ' ') EditingIndex: -1
[2025-08-02 18:12:25] [DEBUG] HandleInput: UpArrow - SelectedIndex: 4
[2025-08-02 18:12:26] [DEBUG] Main loop: Key received, calling HandleInput
[2025-08-02 18:12:26] [DEBUG] HandleInput: Key pressed: UpArrow (Char: ' ') EditingIndex: -1
[2025-08-02 18:12:26] [DEBUG] HandleInput: UpArrow - SelectedIndex: 3
[2025-08-02 18:12:27] [DEBUG] Main loop: Key received, calling HandleInput
[2025-08-02 18:12:27] [DEBUG] HandleInput: Key pressed: UpArrow (Char: ' ') EditingIndex: -1
[2025-08-02 18:12:27] [DEBUG] HandleInput: UpArrow - SelectedIndex: 2
[2025-08-02 18:12:28] [DEBUG] Main loop: Key received, calling HandleInput
[2025-08-02 18:12:28] [DEBUG] HandleInput: Key pressed: UpArrow (Char: ' ') EditingIndex: -1
[2025-08-02 18:12:28] [DEBUG] HandleInput: UpArrow - SelectedIndex: 1
[2025-08-02 18:12:29] [DEBUG] Main loop: Key received, calling HandleInput
[2025-08-02 18:12:29] [DEBUG] HandleInput: Key pressed: UpArrow (Char: ' ') EditingIndex: -1
[2025-08-02 18:12:29] [DEBUG] HandleInput: UpArrow - SelectedIndex: 0
[2025-08-02 18:12:30] [DEBUG] Main loop: Key received, calling HandleInput
[2025-08-02 18:12:30] [DEBUG] HandleInput: Key pressed: DownArrow (Char: ' ') EditingIndex: -1
[2025-08-02 18:12:30] [DEBUG] HandleInput: DownArrow - SelectedIndex: 0, Count: 5
[2025-08-02 18:12:31] [DEBUG] Main loop: Key received, calling HandleInput
[2025-08-02 18:12:31] [DEBUG] HandleInput: Key pressed: DownArrow (Char: ' ') EditingIndex: -1
[2025-08-02 18:12:31] [DEBUG] HandleInput: DownArrow - SelectedIndex: 1, Count: 5
[2025-08-02 18:12:32] [DEBUG] Main loop: Key received, calling HandleInput
[2025-08-02 18:12:32] [DEBUG] HandleInput: Key pressed: DownArrow (Char: ' ') EditingIndex: -1
[2025-08-02 18:12:32] [DEBUG] HandleInput: DownArrow - SelectedIndex: 2, Count: 5
[2025-08-02 18:12:32] [DEBUG] Main loop: Key received, calling HandleInput
[2025-08-02 18:12:32] [DEBUG] HandleInput: Key pressed: DownArrow (Char: ' ') EditingIndex: -1
[2025-08-02 18:12:32] [DEBUG] HandleInput: DownArrow - SelectedIndex: 3, Count: 5
[2025-08-02 18:12:33] [DEBUG] Main loop: Key received, calling HandleInput
[2025-08-02 18:12:33] [DEBUG] HandleInput: Key pressed: UpArrow (Char: ' ') EditingIndex: -1
[2025-08-02 18:12:33] [DEBUG] HandleInput: UpArrow - SelectedIndex: 4
[2025-08-02 18:12:34] [DEBUG] Main loop: Key received, calling HandleInput
[2025-08-02 18:12:34] [DEBUG] HandleInput: Key pressed: UpArrow (Char: ' ') EditingIndex: -1
[2025-08-02 18:12:34] [DEBUG] HandleInput: UpArrow - SelectedIndex: 3
[2025-08-02 18:12:34] [DEBUG] Main loop: Key received, calling HandleInput
[2025-08-02 18:12:34] [DEBUG] HandleInput: Key pressed: UpArrow (Char: ' ') EditingIndex: -1
[2025-08-02 18:12:34] [DEBUG] HandleInput: UpArrow - SelectedIndex: 2
[2025-08-02 18:12:34] [DEBUG] Main loop: Key received, calling HandleInput
[2025-08-02 18:12:34] [DEBUG] HandleInput: Key pressed: UpArrow (Char: ' ') EditingIndex: -1
[2025-08-02 18:12:34] [DEBUG] HandleInput: UpArrow - SelectedIndex: 1
[2025-08-02 18:12:34] [DEBUG] Main loop: Key received, calling HandleInput
[2025-08-02 18:12:34] [DEBUG] HandleInput: Key pressed: UpArrow (Char: ' ') EditingIndex: -1
[2025-08-02 18:12:34] [DEBUG] HandleInput: UpArrow - SelectedIndex: 0
[2025-08-02 18:12:55] [DEBUG] Main loop: Key received, calling HandleInput
[2025-08-02 18:12:55] [DEBUG] HandleInput: Key pressed: E (Char: 'e') EditingIndex: -1
[2025-08-02 18:12:55] [DEBUG] HandleInput: E - Start inline edit
[2025-08-02 18:12:58] [DEBUG] Main loop: Key received, calling HandleInput
[2025-08-02 18:12:58] [DEBUG] HandleInput: Key pressed: Tab (Char: '	') EditingIndex: 0
[2025-08-02 18:12:58] [DEBUG] HandleInput: In editing mode, delegating to HandleEditingInput
[2025-08-02 18:12:59] [DEBUG] Main loop: Key received, calling HandleInput
[2025-08-02 18:12:59] [DEBUG] HandleInput: Key pressed: Tab (Char: '	') EditingIndex: 0
[2025-08-02 18:12:59] [DEBUG] HandleInput: In editing mode, delegating to HandleEditingInput
[2025-08-02 18:12:59] [DEBUG] Main loop: Key received, calling HandleInput
[2025-08-02 18:12:59] [DEBUG] HandleInput: Key pressed: Tab (Char: '	') EditingIndex: 0
[2025-08-02 18:12:59] [DEBUG] HandleInput: In editing mode, delegating to HandleEditingInput
[2025-08-02 18:12:59] [DEBUG] Main loop: Key received, calling HandleInput
[2025-08-02 18:12:59] [DEBUG] HandleInput: Key pressed: Tab (Char: '	') EditingIndex: 0
[2025-08-02 18:12:59] [DEBUG] HandleInput: In editing mode, delegating to HandleEditingInput
[2025-08-02 18:13:00] [DEBUG] Main loop: Key received, calling HandleInput
[2025-08-02 18:13:00] [DEBUG] HandleInput: Key pressed: Tab (Char: '	') EditingIndex: 0
[2025-08-02 18:13:00] [DEBUG] HandleInput: In editing mode, delegating to HandleEditingInput
[2025-08-02 18:13:00] [DEBUG] Main loop: Key received, calling HandleInput
[2025-08-02 18:13:00] [DEBUG] HandleInput: Key pressed: Tab (Char: '	') EditingIndex: 0
[2025-08-02 18:13:00] [DEBUG] HandleInput: In editing mode, delegating to HandleEditingInput
[2025-08-02 18:13:00] [DEBUG] Main loop: Key received, calling HandleInput
[2025-08-02 18:13:01] [DEBUG] HandleInput: Key pressed: Tab (Char: '	') EditingIndex: 0
[2025-08-02 18:13:01] [DEBUG] HandleInput: In editing mode, delegating to HandleEditingInput
[2025-08-02 18:13:04] [DEBUG] Main loop: Key received, calling HandleInput
[2025-08-02 18:13:04] [DEBUG] HandleInput: Key pressed: Escape (Char: '') EditingIndex: 0
[2025-08-02 18:13:04] [DEBUG] HandleInput: In editing mode, delegating to HandleEditingInput
[2025-08-02 18:13:05] [DEBUG] Main loop: Key received, calling HandleInput
[2025-08-02 18:13:05] [DEBUG] HandleInput: Key pressed: DownArrow (Char: ' ') EditingIndex: -1
[2025-08-02 18:13:05] [DEBUG] HandleInput: DownArrow - SelectedIndex: 0, Count: 5
[2025-08-02 18:13:28] [DEBUG] Main loop: Key received, calling HandleInput
[2025-08-02 18:13:28] [DEBUG] HandleInput: Key pressed: Escape (Char: '') EditingIndex: -1
[2025-08-02 18:13:28] [DEBUG] HandleInput: Unhandled key: Escape
[2025-08-02 18:13:29] [DEBUG] Main loop: Key received, calling HandleInput
[2025-08-02 18:13:29] [DEBUG] HandleInput: Key pressed: DownArrow (Char: ' ') EditingIndex: -1
[2025-08-02 18:13:29] [DEBUG] HandleInput: DownArrow - SelectedIndex: 1, Count: 5
[2025-08-02 18:13:32] [DEBUG] Main loop: Key received, calling HandleInput
[2025-08-02 18:13:32] [DEBUG] HandleInput: Key pressed: Q (Char: 'q') EditingIndex: -1
[2025-08-02 18:13:32] [DEBUG] HandleInput: Q - Quit requested
[2025-08-02 18:13:32] [INFO] Exit requested from HandleInput
[2025-08-02 18:13:32] [INFO] Cleaning up and closing TimeTracker
[2025-08-02 18:20:17] [INFO] Loaded 5 time entries
