--- Log Initialized at 08/14/2025 06:39:12 ---
06:39:12 DEBUG - Registering all application services...
06:39:12 DEBUG - SimpleStateManager initialized with PowerShell-native state
06:39:12 DEBUG - InputProcessor: Default commands registered
06:39:12 DEBUG - InputProcessor: Default key mappings registered
06:39:12 INFO  - No user key mappings file found at /home/teej/projects/github/praxis/simpletaskpro/keymappings.json
06:39:12 INFO  - InputProcessor initialized
06:39:12 INFO  - RenderEngine initialized with 5 pooled string builders
06:39:14 INFO  - All application screens have been instantiated.
06:39:14 INFO  - SimpleTaskPro initialization complete.
06:39:14 INFO  - Application launcher running. Handing control to initial screen.
06:39:14 DEBUG - Screen TaskListScreen bounds set to 104x27
06:39:14 DEBUG - Screen TaskListScreen initializing...
06:39:14 DEBUG - TaskListScreen: OnInitialize START
06:39:14 ERROR - TaskListScreen: TaskService is null in LoadData
06:39:15 DEBUG - ListScreen TaskListScreen post-construction setup complete
06:39:15 DEBUG - TaskListScreen: Base OnInitialize complete
06:39:15 DEBUG - TaskListScreen: Services available: True
06:39:15 DEBUG - TaskListScreen: Getting SimpleTaskService from container...
06:39:15 DEBUG - TaskListScreen: Got TaskService: True
06:39:15 DEBUG - TaskListScreen: TaskService type: SimpleTaskService
06:39:15 DEBUG - TaskListScreen: Setting title to 'Tasks'
06:39:15 DEBUG - TaskListScreen: Title is now: 'Tasks'
06:39:15 DEBUG - TaskListScreen: Calling LoadData
06:39:15 DEBUG - TaskListScreen built flat list with 12 items
06:39:15 DEBUG - State changed: TaskList = SimpleTask[]
06:39:15 DEBUG - TaskListScreen loaded 7 tasks
06:39:15 DEBUG - TaskListScreen: LoadData complete
06:39:15 INFO  - TaskListScreen initialized with proper inheritance
06:39:15 DEBUG - Screen TaskListScreen OnInitialize hook completed.
06:39:15 DEBUG - DEBUG: RenderColumnHeaders() completed - columnLine: 'StatPri   Created     Due            Task                                                               '
06:39:16 DEBUG - DEBUG: RenderFooter() completed - footerY: 25
06:39:16 DEBUG - RENDER OUTPUT: Wrote 5508 bytes to ACTUAL-OUTPUT.txt
06:39:16 DEBUG - RENDER OUTPUT PREVIEW: [2J[H[1;1H[?25l[1;1H[48;2;100;150;255m[38;2;100;150;255m Tasks                                                                                                  [0m
[48;2;100;150;255m─────────
06:39:21 DEBUG - InputProcessor: Processing key 'Down'
06:39:21 DEBUG - InputProcessor: Executing command 'nav.down' for key 'Down'
06:39:21 DEBUG - DEBUG: RenderColumnHeaders() completed - columnLine: 'StatPri   Created     Due            Task                                                               '
06:39:21 DEBUG - DEBUG: RenderFooter() completed - footerY: 25
06:39:22 DEBUG - RENDER OUTPUT: Wrote 5508 bytes to ACTUAL-OUTPUT.txt
06:39:22 DEBUG - RENDER OUTPUT PREVIEW: [2J[H[1;1H[?25l[1;1H[48;2;100;150;255m[38;2;100;150;255m Tasks                                                                                                  [0m
[48;2;100;150;255m─────────
06:39:27 DEBUG - InputProcessor: Processing key 'q'
06:39:27 DEBUG - InputProcessor: No command found for key 'q'
06:39:27 DEBUG - DEBUG: RenderColumnHeaders() completed - columnLine: 'StatPri   Created     Due            Task                                                               '
06:39:27 DEBUG - DEBUG: RenderFooter() completed - footerY: 25
06:39:27 DEBUG - RENDER OUTPUT: Wrote 5508 bytes to ACTUAL-OUTPUT.txt
06:39:27 DEBUG - RENDER OUTPUT PREVIEW: [2J[H[1;1H[?25l[1;1H[48;2;100;150;255m[38;2;100;150;255m Tasks                                                                                                  [0m
[48;2;100;150;255m─────────
06:39:30 DEBUG - InputProcessor: Processing key 'Ctrl+V'
06:39:30 DEBUG - InputProcessor: Executing command 'edit.paste' for key 'Ctrl+V'
06:39:30 DEBUG - DEBUG: RenderColumnHeaders() completed - columnLine: 'StatPri   Created     Due            Task                                                               '
06:39:30 DEBUG - DEBUG: RenderFooter() completed - footerY: 25
06:39:30 DEBUG - RENDER OUTPUT: Wrote 5508 bytes to ACTUAL-OUTPUT.txt
06:39:30 DEBUG - RENDER OUTPUT PREVIEW: [2J[H[1;1H[?25l[1;1H[48;2;100;150;255m[38;2;100;150;255m Tasks                                                                                                  [0m
[48;2;100;150;255m─────────
06:39:32 INFO  - Bootstrapper: Beginning application cleanup
06:39:32 DEBUG - RenderEngine: Console state restored
--- Log Initialized at 08/14/2025 06:41:33 ---
06:41:33 DEBUG - Registering all application services...
06:41:33 DEBUG - SimpleStateManager initialized with PowerShell-native state
06:41:33 DEBUG - InputProcessor: Default commands registered
06:41:33 DEBUG - InputProcessor: Default key mappings registered
06:41:33 INFO  - No user key mappings file found at /home/teej/projects/github/praxis/simpletaskpro/keymappings.json
06:41:33 INFO  - InputProcessor initialized
06:41:33 INFO  - RenderEngine initialized with 5 pooled string builders
06:41:35 INFO  - All application screens have been instantiated.
06:41:35 INFO  - SimpleTaskPro initialization complete.
06:41:35 INFO  - Application launcher running. Handing control to initial screen.
06:41:35 DEBUG - Screen TaskListScreen bounds set to 104x27
06:41:35 DEBUG - Screen TaskListScreen initializing...
06:41:35 DEBUG - TaskListScreen: OnInitialize START
06:41:35 ERROR - TaskListScreen: TaskService is null in LoadData
06:41:35 DEBUG - ListScreen TaskListScreen post-construction setup complete
06:41:35 DEBUG - TaskListScreen: Base OnInitialize complete
06:41:35 DEBUG - TaskListScreen: Services available: True
06:41:35 DEBUG - TaskListScreen: Getting SimpleTaskService from container...
06:41:35 DEBUG - TaskListScreen: Got TaskService: True
06:41:35 DEBUG - TaskListScreen: TaskService type: SimpleTaskService
06:41:35 DEBUG - TaskListScreen: Setting title to 'Tasks'
06:41:35 DEBUG - TaskListScreen: Title is now: 'Tasks'
06:41:35 DEBUG - TaskListScreen: Calling LoadData
06:41:35 DEBUG - TaskListScreen built flat list with 12 items
06:41:35 DEBUG - State changed: TaskList = SimpleTask[]
06:41:35 DEBUG - TaskListScreen loaded 7 tasks
06:41:35 DEBUG - TaskListScreen: LoadData complete
06:41:35 INFO  - TaskListScreen initialized with proper inheritance
06:41:35 DEBUG - Screen TaskListScreen OnInitialize hook completed.
06:41:35 DEBUG - DEBUG: RenderColumnHeaders() completed - columnLine: 'StatPri   Created     Due            Task                                                               '
06:41:36 DEBUG - DEBUG: RenderFooter() completed - footerY: 25
06:41:36 DEBUG - RENDER OUTPUT: Wrote 5559 bytes to ACTUAL-OUTPUT.txt
06:41:36 DEBUG - RENDER OUTPUT PREVIEW: [2J[H[1;1H[?25l[1;1H[48;2;100;150;255m[38;2;100;150;255m Tasks                                                                                                  [0m
[48;2;100;150;255m─────────
06:41:42 DEBUG - InputProcessor: Processing key 'Down'
06:41:42 DEBUG - InputProcessor: Executing command 'nav.down' for key 'Down'
06:41:42 DEBUG - DEBUG: RenderColumnHeaders() completed - columnLine: 'StatPri   Created     Due            Task                                                               '
06:41:42 DEBUG - DEBUG: RenderFooter() completed - footerY: 25
06:41:43 DEBUG - RENDER OUTPUT: Wrote 5559 bytes to ACTUAL-OUTPUT.txt
06:41:43 DEBUG - RENDER OUTPUT PREVIEW: [2J[H[1;1H[?25l[1;1H[48;2;100;150;255m[38;2;100;150;255m Tasks                                                                                                  [0m
[48;2;100;150;255m─────────
06:41:47 INFO  - Bootstrapper: Beginning application cleanup
06:41:47 DEBUG - RenderEngine: Console state restored
--- Log Initialized at 08/14/2025 06:42:41 ---
06:42:41 DEBUG - Registering all application services...
06:42:41 DEBUG - SimpleStateManager initialized with PowerShell-native state
06:42:41 DEBUG - InputProcessor: Default commands registered
06:42:41 DEBUG - InputProcessor: Default key mappings registered
06:42:41 INFO  - No user key mappings file found at /home/teej/projects/github/praxis/simpletaskpro/keymappings.json
06:42:41 INFO  - InputProcessor initialized
06:42:42 INFO  - RenderEngine initialized with 5 pooled string builders
06:42:43 INFO  - All application screens have been instantiated.
06:42:43 INFO  - SimpleTaskPro initialization complete.
06:42:43 INFO  - Application launcher running. Handing control to initial screen.
06:42:44 DEBUG - Screen TaskListScreen bounds set to 104x27
06:42:44 DEBUG - Screen TaskListScreen initializing...
06:42:44 DEBUG - TaskListScreen: OnInitialize START
06:42:44 ERROR - TaskListScreen: TaskService is null in LoadData
06:42:44 DEBUG - ListScreen TaskListScreen post-construction setup complete
06:42:44 DEBUG - TaskListScreen: Base OnInitialize complete
06:42:44 DEBUG - TaskListScreen: Services available: True
06:42:44 DEBUG - TaskListScreen: Getting SimpleTaskService from container...
06:42:44 DEBUG - TaskListScreen: Got TaskService: True
06:42:44 DEBUG - TaskListScreen: TaskService type: SimpleTaskService
06:42:44 DEBUG - TaskListScreen: Setting title to 'Tasks'
06:42:44 DEBUG - TaskListScreen: Title is now: 'Tasks'
06:42:44 DEBUG - TaskListScreen: Calling LoadData
06:42:44 DEBUG - TaskListScreen built flat list with 12 items
06:42:44 DEBUG - State changed: TaskList = SimpleTask[]
06:42:44 DEBUG - TaskListScreen loaded 7 tasks
06:42:44 DEBUG - TaskListScreen: LoadData complete
06:42:44 INFO  - TaskListScreen initialized with proper inheritance
06:42:44 DEBUG - Screen TaskListScreen OnInitialize hook completed.
06:42:44 DEBUG - DEBUG: RenderColumnHeaders() completed - columnLine: 'StatPri   Created     Due            Task                                                               '
06:42:45 DEBUG - DEBUG: RenderFooter() completed - footerY: 25
06:42:45 DEBUG - RENDER OUTPUT: Wrote 5504 bytes to ACTUAL-OUTPUT.txt
06:42:45 DEBUG - RENDER OUTPUT PREVIEW: [2J[H[1;1H[?25l[1;1H[48;2;100;150;255m[38;2;100;150;255m Tasks                                                                                                  [0m
[48;2;100;150;255m─────────
06:42:50 DEBUG - InputProcessor: Processing key 'Down'
06:42:50 DEBUG - InputProcessor: Executing command 'nav.down' for key 'Down'
06:42:50 DEBUG - DEBUG: RenderColumnHeaders() completed - columnLine: 'StatPri   Created     Due            Task                                                               '
06:42:50 DEBUG - DEBUG: RenderFooter() completed - footerY: 25
06:42:50 DEBUG - RENDER OUTPUT: Wrote 5504 bytes to ACTUAL-OUTPUT.txt
06:42:50 DEBUG - RENDER OUTPUT PREVIEW: [2J[H[1;1H[?25l[1;1H[48;2;100;150;255m[38;2;100;150;255m Tasks                                                                                                  [0m
[48;2;100;150;255m─────────
06:42:54 INFO  - Bootstrapper: Beginning application cleanup
06:42:54 DEBUG - RenderEngine: Console state restored
--- Log Initialized at 08/14/2025 06:48:17 ---
06:48:17 DEBUG - Registering all application services...
06:48:17 DEBUG - SimpleStateManager initialized with PowerShell-native state
06:48:17 DEBUG - InputProcessor: Default commands registered
06:48:17 DEBUG - InputProcessor: Default key mappings registered
06:48:18 INFO  - No user key mappings file found at /home/teej/projects/github/praxis/simpletaskpro/keymappings.json
06:48:18 INFO  - InputProcessor initialized
06:48:18 INFO  - RenderEngine initialized with 5 pooled string builders
--- Log Initialized at 08/14/2025 06:49:15 ---
06:49:15 DEBUG - Registering all application services...
06:49:15 DEBUG - SimpleStateManager initialized with PowerShell-native state
06:49:16 DEBUG - InputProcessor: Default commands registered
06:49:16 DEBUG - InputProcessor: Default key mappings registered
06:49:16 INFO  - No user key mappings file found at /home/teej/projects/github/praxis/simpletaskpro/keymappings.json
06:49:16 INFO  - InputProcessor initialized
06:49:16 INFO  - RenderEngine initialized with 5 pooled string builders
06:49:18 INFO  - All application screens have been instantiated.
06:49:18 INFO  - SimpleTaskPro initialization complete.
06:49:18 INFO  - Application launcher running. Handing control to initial screen.
06:49:18 DEBUG - Screen TaskListScreen bounds set to 104x27
06:49:18 DEBUG - Screen TaskListScreen initializing...
06:49:18 DEBUG - TaskListScreen: OnInitialize START
06:49:18 ERROR - TaskListScreen: TaskService is null in LoadData
06:49:18 DEBUG - ListScreen TaskListScreen post-construction setup complete
06:49:18 DEBUG - TaskListScreen: Base OnInitialize complete
06:49:18 DEBUG - TaskListScreen: Services available: True
06:49:18 DEBUG - TaskListScreen: Getting SimpleTaskService from container...
06:49:18 DEBUG - TaskListScreen: Got TaskService: True
06:49:18 DEBUG - TaskListScreen: TaskService type: SimpleTaskService
06:49:18 DEBUG - TaskListScreen: Setting title to 'Tasks'
06:49:18 DEBUG - TaskListScreen: Title is now: 'Tasks'
06:49:18 DEBUG - TaskListScreen: Calling LoadData
06:49:18 DEBUG - TaskListScreen built flat list with 12 items
06:49:18 DEBUG - State changed: TaskList = SimpleTask[]
06:49:18 DEBUG - TaskListScreen loaded 7 tasks
06:49:18 DEBUG - TaskListScreen: LoadData complete
06:49:18 INFO  - TaskListScreen initialized with proper inheritance
06:49:18 DEBUG - Screen TaskListScreen OnInitialize hook completed.
06:49:19 DEBUG - DEBUG: RenderColumnHeaders() completed - columnLine: 'StatPri   Created     Due            Task                                                               '
06:49:19 DEBUG - DEBUG: RenderFooter() completed - footerY: 25
06:49:20 DEBUG - RENDER OUTPUT: Wrote 5521 bytes to ACTUAL-OUTPUT.txt
06:49:20 DEBUG - RENDER OUTPUT PREVIEW: [2J[H[1;1H[?25l[1;1H[48;2;100;150;255m[38;2;100;150;255m Tasks                                                                                                  [0m
[48;2;100;150;255m─────────
06:49:26 INFO  - Bootstrapper: Beginning application cleanup
06:49:26 DEBUG - RenderEngine: Console state restored
--- Log Initialized at 08/14/2025 06:51:57 ---
06:51:57 DEBUG - Registering all application services...
06:51:57 DEBUG - SimpleStateManager initialized with PowerShell-native state
06:51:57 DEBUG - InputProcessor: Default commands registered
06:51:57 DEBUG - InputProcessor: Default key mappings registered
06:51:57 INFO  - No user key mappings file found at /home/teej/projects/github/praxis/simpletaskpro/keymappings.json
06:51:57 INFO  - InputProcessor initialized
--- Log Initialized at 08/14/2025 06:52:21 ---
06:52:21 DEBUG - Registering all application services...
06:52:21 DEBUG - SimpleStateManager initialized with PowerShell-native state
06:52:22 DEBUG - InputProcessor: Default commands registered
06:52:22 DEBUG - InputProcessor: Default key mappings registered
06:52:22 INFO  - No user key mappings file found at /home/teej/projects/github/praxis/simpletaskpro/keymappings.json
06:52:22 INFO  - InputProcessor initialized
06:52:22 INFO  - RenderEngine initialized with 5 pooled string builders
06:52:24 INFO  - All application screens have been instantiated.
06:52:24 INFO  - SimpleTaskPro initialization complete.
06:52:24 INFO  - Application launcher running. Handing control to initial screen.
06:52:24 DEBUG - Screen TaskListScreen bounds set to 104x27
06:52:24 DEBUG - Screen TaskListScreen initializing...
06:52:24 DEBUG - TaskListScreen: OnInitialize START
06:52:24 ERROR - TaskListScreen: TaskService is null in LoadData
06:52:24 DEBUG - ListScreen TaskListScreen post-construction setup complete
06:52:24 DEBUG - TaskListScreen: Base OnInitialize complete
06:52:24 DEBUG - TaskListScreen: Services available: True
06:52:24 DEBUG - TaskListScreen: Getting SimpleTaskService from container...
06:52:24 DEBUG - TaskListScreen: Got TaskService: True
06:52:24 DEBUG - TaskListScreen: TaskService type: SimpleTaskService
06:52:24 DEBUG - TaskListScreen: Setting title to 'Tasks'
06:52:24 DEBUG - TaskListScreen: Title is now: 'Tasks'
06:52:24 DEBUG - TaskListScreen: Calling LoadData
06:52:24 DEBUG - TaskListScreen built flat list with 12 items
06:52:24 DEBUG - State changed: TaskList = SimpleTask[]
06:52:24 DEBUG - TaskListScreen loaded 7 tasks
06:52:24 DEBUG - TaskListScreen: LoadData complete
06:52:24 INFO  - TaskListScreen initialized with proper inheritance
06:52:24 DEBUG - Screen TaskListScreen OnInitialize hook completed.
06:52:25 DEBUG - DEBUG: RenderColumnHeaders() completed - columnLine: 'StatPri   Created     Due            Task                                                               '
06:52:25 DEBUG - DEBUG: RenderFooter() completed - footerY: 25
06:52:26 DEBUG - RENDER OUTPUT: Wrote 5508 bytes to ACTUAL-OUTPUT.txt
06:52:26 DEBUG - RENDER OUTPUT PREVIEW: [2J[H[1;1H[?25l[1;1H[48;2;100;150;255m[38;2;100;150;255m Tasks                                                                                                  [0m
[48;2;100;150;255m─────────
--- Log Initialized at 08/14/2025 06:57:40 ---
06:57:40 DEBUG - Registering all application services...
06:57:41 DEBUG - SimpleStateManager initialized with PowerShell-native state
06:57:41 DEBUG - InputProcessor: Default commands registered
06:57:41 DEBUG - InputProcessor: Default key mappings registered
06:57:41 INFO  - No user key mappings file found at /home/teej/projects/github/praxis/simpletaskpro/keymappings.json
06:57:41 INFO  - InputProcessor initialized
06:57:41 INFO  - RenderEngine initialized with 5 pooled string builders
07:02:01 DEBUG - InputProcessor: Processing key 'Up'
07:02:01 DEBUG - InputProcessor: Executing command 'nav.up' for key 'Up'
07:02:01 DEBUG - DEBUG: RenderColumnHeaders() completed - columnLine: 'StatPri   Created     Due            Task                                                               '
07:02:01 DEBUG - DEBUG: RenderFooter() completed - footerY: 25
07:02:01 DEBUG - RENDER OUTPUT: Wrote 5508 bytes to ACTUAL-OUTPUT.txt
07:02:01 DEBUG - RENDER OUTPUT PREVIEW: [2J[H[1;1H[?25l[1;1H[48;2;100;150;255m[38;2;100;150;255m Tasks                                                                                                  [0m
[48;2;100;150;255m─────────
07:02:02 DEBUG - InputProcessor: Processing key 'Up'
07:02:02 DEBUG - InputProcessor: Executing command 'nav.up' for key 'Up'
07:02:02 DEBUG - DEBUG: RenderColumnHeaders() completed - columnLine: 'StatPri   Created     Due            Task                                                               '
07:02:02 DEBUG - DEBUG: RenderFooter() completed - footerY: 25
07:02:02 DEBUG - RENDER OUTPUT: Wrote 5508 bytes to ACTUAL-OUTPUT.txt
07:02:02 DEBUG - RENDER OUTPUT PREVIEW: [2J[H[1;1H[?25l[1;1H[48;2;100;150;255m[38;2;100;150;255m Tasks                                                                                                  [0m
[48;2;100;150;255m─────────
07:02:04 INFO  - Bootstrapper: Beginning application cleanup
07:02:04 DEBUG - RenderEngine: Console state restored
--- Log Initialized at 08/14/2025 07:02:09 ---
07:02:09 DEBUG - Registering all application services...
07:02:09 DEBUG - SimpleStateManager initialized with PowerShell-native state
07:02:09 DEBUG - InputProcessor: Default commands registered
07:02:09 DEBUG - InputProcessor: Default key mappings registered
07:02:09 INFO  - No user key mappings file found at /home/teej/projects/github/praxis/simpletaskpro/keymappings.json
07:02:09 INFO  - InputProcessor initialized
07:02:09 INFO  - RenderEngine initialized with 5 pooled string builders
07:02:11 INFO  - All application screens have been instantiated.
07:02:11 INFO  - SimpleTaskPro initialization complete.
07:02:11 INFO  - Application launcher running. Handing control to initial screen.
07:02:11 DEBUG - Screen TaskListScreen bounds set to 104x27
07:02:11 DEBUG - Screen TaskListScreen initializing...
07:02:12 DEBUG - TaskListScreen: OnInitialize START
07:02:12 ERROR - TaskListScreen: TaskService is null in LoadData
07:02:12 DEBUG - ListScreen TaskListScreen post-construction setup complete
07:02:12 DEBUG - TaskListScreen: Base OnInitialize complete
07:02:12 DEBUG - TaskListScreen: Services available: True
07:02:12 DEBUG - TaskListScreen: Getting SimpleTaskService from container...
07:02:12 DEBUG - TaskListScreen: Got TaskService: True
07:02:12 DEBUG - TaskListScreen: TaskService type: SimpleTaskService
07:02:12 DEBUG - TaskListScreen: Setting title to 'Tasks'
07:02:12 DEBUG - TaskListScreen: Title is now: 'Tasks'
07:02:12 DEBUG - TaskListScreen: Calling LoadData
07:02:12 DEBUG - TaskListScreen built flat list with 12 items
07:02:12 DEBUG - State changed: TaskList = SimpleTask[]
07:02:12 DEBUG - TaskListScreen loaded 7 tasks
07:02:12 DEBUG - TaskListScreen: LoadData complete
07:02:12 INFO  - TaskListScreen initialized with proper inheritance
07:02:12 DEBUG - Screen TaskListScreen OnInitialize hook completed.
07:02:12 DEBUG - DEBUG: RenderColumnHeaders() completed - columnLine: 'ID1 ID2           Created     Due            Task                                                       '
07:02:13 DEBUG - DEBUG: RenderFooter() completed - footerY: 25
07:02:13 DEBUG - RENDER OUTPUT: Wrote 5501 bytes to ACTUAL-OUTPUT.txt
07:02:13 DEBUG - RENDER OUTPUT PREVIEW: [2J[H[1;1H[?25l[1;1H[48;2;100;150;255m[38;2;100;150;255m Tasks                                                                                                  [0m
[48;2;100;150;255m─────────
07:02:16 DEBUG - InputProcessor: Processing key 'Down'
07:02:16 DEBUG - InputProcessor: Executing command 'nav.down' for key 'Down'
07:02:16 DEBUG - DEBUG: RenderColumnHeaders() completed - columnLine: 'ID1 ID2           Created     Due            Task                                                       '
07:02:16 DEBUG - DEBUG: RenderFooter() completed - footerY: 25
07:02:17 DEBUG - RENDER OUTPUT: Wrote 5501 bytes to ACTUAL-OUTPUT.txt
07:02:17 DEBUG - RENDER OUTPUT PREVIEW: [2J[H[1;1H[?25l[1;1H[48;2;100;150;255m[38;2;100;150;255m Tasks                                                                                                  [0m
[48;2;100;150;255m─────────
07:02:18 INFO  - Bootstrapper: Beginning application cleanup
07:02:18 DEBUG - RenderEngine: Console state restored
--- Log Initialized at 08/14/2025 07:08:01 ---
07:08:01 DEBUG - Registering all application services...
07:08:01 DEBUG - SimpleStateManager initialized with PowerShell-native state
07:08:01 DEBUG - InputProcessor: Default commands registered
07:08:01 DEBUG - InputProcessor: Default key mappings registered
07:08:01 INFO  - No user key mappings file found at /home/teej/projects/github/praxis/simpletaskpro/keymappings.json
07:08:01 INFO  - InputProcessor initialized
07:08:02 INFO  - RenderEngine initialized with 5 pooled string builders
07:08:04 INFO  - All application screens have been instantiated.
07:08:04 INFO  - SimpleTaskPro initialization complete.
07:08:04 INFO  - Application launcher running. Handing control to initial screen.
07:08:04 DEBUG - Screen TaskListScreen bounds set to 80x24
07:08:04 DEBUG - Screen TaskListScreen initializing...
07:08:04 DEBUG - TaskListScreen: OnInitialize START
07:08:04 ERROR - TaskListScreen: TaskService is null in LoadData
07:08:04 DEBUG - ListScreen TaskListScreen post-construction setup complete
07:08:04 DEBUG - TaskListScreen: Base OnInitialize complete
07:08:04 DEBUG - TaskListScreen: Services available: True
07:08:04 DEBUG - TaskListScreen: Getting SimpleTaskService from container...
07:08:04 DEBUG - TaskListScreen: Got TaskService: True
07:08:04 DEBUG - TaskListScreen: TaskService type: SimpleTaskService
07:08:04 DEBUG - TaskListScreen: Setting title to 'Tasks'
07:08:04 DEBUG - TaskListScreen: Title is now: 'Tasks'
07:08:04 DEBUG - TaskListScreen: Calling LoadData
07:08:04 DEBUG - TaskListScreen built flat list with 12 items
07:08:04 DEBUG - State changed: TaskList = SimpleTask[]
07:08:04 DEBUG - TaskListScreen loaded 7 tasks
07:08:04 DEBUG - TaskListScreen: LoadData complete
07:08:04 INFO  - TaskListScreen initialized with proper inheritance
07:08:04 DEBUG - Screen TaskListScreen OnInitialize hook completed.
07:08:04 DEBUG - DEBUG: RenderColumnHeaders() completed - columnLine: 'ID1 ID2           Created     Due            Task                               '
07:08:05 DEBUG - DEBUG: RenderFooter() completed - footerY: 22
07:08:06 DEBUG - RENDER OUTPUT: Wrote 4135 bytes to ACTUAL-OUTPUT.txt
07:08:06 DEBUG - RENDER OUTPUT PREVIEW: [2J[H[1;1H[?25l[1;1H[48;2;100;150;255m[38;2;100;150;255m Tasks                                                                          [0m
[48;2;100;150;255m─────────────────────────────────
07:08:06 INFO  - Bootstrapper: Beginning application cleanup
07:08:06 DEBUG - RenderEngine: Console state restored
--- Log Initialized at 08/14/2025 07:11:56 ---
07:11:56 DEBUG - Registering all application services...
07:11:56 DEBUG - SimpleStateManager initialized with PowerShell-native state
07:11:56 DEBUG - InputProcessor: Default commands registered
07:11:56 DEBUG - InputProcessor: Default key mappings registered
07:11:56 INFO  - No user key mappings file found at /home/teej/projects/github/praxis/simpletaskpro/keymappings.json
07:11:56 INFO  - InputProcessor initialized
07:11:56 INFO  - RenderEngine initialized with 5 pooled string builders
07:11:58 INFO  - All application screens have been instantiated.
07:11:58 INFO  - SimpleTaskPro initialization complete.
07:11:58 INFO  - Application launcher running. Handing control to initial screen.
07:11:58 DEBUG - Screen TaskListScreen bounds set to 104x27
07:11:58 DEBUG - Screen TaskListScreen initializing...
07:11:58 DEBUG - TaskListScreen: OnInitialize START
07:11:58 ERROR - TaskListScreen: TaskService is null in LoadData
07:11:58 DEBUG - ListScreen TaskListScreen post-construction setup complete
07:11:58 DEBUG - TaskListScreen: Base OnInitialize complete
07:11:58 DEBUG - TaskListScreen: Services available: True
07:11:58 DEBUG - TaskListScreen: Getting SimpleTaskService from container...
07:11:58 DEBUG - TaskListScreen: Got TaskService: True
07:11:58 DEBUG - TaskListScreen: TaskService type: SimpleTaskService
07:11:58 DEBUG - TaskListScreen: Setting title to 'Tasks'
07:11:58 DEBUG - TaskListScreen: Title is now: 'Tasks'
07:11:58 DEBUG - TaskListScreen: Calling LoadData
07:11:59 DEBUG - TaskListScreen built flat list with 12 items
07:11:59 DEBUG - State changed: TaskList = SimpleTask[]
07:11:59 DEBUG - TaskListScreen loaded 7 tasks
07:11:59 DEBUG - TaskListScreen: LoadData complete
07:11:59 INFO  - TaskListScreen initialized with proper inheritance
07:11:59 DEBUG - Screen TaskListScreen OnInitialize hook completed.
07:11:59 DEBUG - DEBUG: RenderColumnHeaders() completed - columnLine: 'ID1 ID2           Created     Due            Task                                                       '
07:11:59 DEBUG - DEBUG: RenderFooter() completed - footerY: 25
07:12:00 DEBUG - RENDER OUTPUT: Wrote 5528 bytes to ACTUAL-OUTPUT.txt
07:12:00 DEBUG - RENDER OUTPUT PREVIEW: [2J[H[1;1H[?25l[1;1H[48;2;100;150;255m[38;2;100;150;255m Tasks                                                                                                  [0m
[48;2;100;150;255m─────────
07:12:24 DEBUG - InputProcessor: Processing key 'Down'
07:12:24 DEBUG - InputProcessor: Executing command 'nav.down' for key 'Down'
07:12:25 DEBUG - DEBUG: RenderColumnHeaders() completed - columnLine: 'ID1 ID2           Created     Due            Task                                                       '
07:12:25 DEBUG - DEBUG: RenderFooter() completed - footerY: 25
07:12:25 DEBUG - RENDER OUTPUT: Wrote 5528 bytes to ACTUAL-OUTPUT.txt
07:12:25 DEBUG - RENDER OUTPUT PREVIEW: [2J[H[1;1H[?25l[1;1H[48;2;100;150;255m[38;2;100;150;255m Tasks                                                                                                  [0m
[48;2;100;150;255m─────────
07:12:27 DEBUG - InputProcessor: Processing key 'Down'
07:12:27 DEBUG - InputProcessor: Executing command 'nav.down' for key 'Down'
07:12:27 DEBUG - DEBUG: RenderColumnHeaders() completed - columnLine: 'ID1 ID2           Created     Due            Task                                                       '
07:12:27 DEBUG - DEBUG: RenderFooter() completed - footerY: 25
07:12:27 DEBUG - RENDER OUTPUT: Wrote 5528 bytes to ACTUAL-OUTPUT.txt
07:12:27 DEBUG - RENDER OUTPUT PREVIEW: [2J[H[1;1H[?25l[1;1H[48;2;100;150;255m[38;2;100;150;255m Tasks                                                                                                  [0m
[48;2;100;150;255m─────────
07:12:37 INFO  - Bootstrapper: Beginning application cleanup
07:12:37 DEBUG - RenderEngine: Console state restored
--- Log Initialized at 08/14/2025 07:20:22 ---
07:20:22 DEBUG - Registering all application services...
07:20:22 DEBUG - SimpleStateManager initialized with PowerShell-native state
07:20:22 DEBUG - InputProcessor: Default commands registered
07:20:22 DEBUG - InputProcessor: Default key mappings registered
07:20:22 INFO  - No user key mappings file found at /home/teej/projects/github/praxis/simpletaskpro/keymappings.json
07:20:22 INFO  - InputProcessor initialized
07:20:22 INFO  - RenderEngine initialized with 5 pooled string builders
07:20:24 INFO  - All application screens have been instantiated.
07:20:24 INFO  - SimpleTaskPro initialization complete.
07:20:24 INFO  - Application launcher running. Handing control to initial screen.
07:20:24 DEBUG - Screen TaskListScreen bounds set to 104x27
07:20:24 DEBUG - Screen TaskListScreen initializing...
07:20:24 DEBUG - TaskListScreen: OnInitialize START
07:20:24 ERROR - TaskListScreen: TaskService is null in LoadData
07:20:24 DEBUG - ListScreen TaskListScreen post-construction setup complete
07:20:24 DEBUG - TaskListScreen: Base OnInitialize complete
07:20:24 DEBUG - TaskListScreen: Services available: True
07:20:24 DEBUG - TaskListScreen: Getting SimpleTaskService from container...
07:20:24 DEBUG - TaskListScreen: Got TaskService: True
07:20:24 DEBUG - TaskListScreen: TaskService type: SimpleTaskService
07:20:24 DEBUG - TaskListScreen: Setting title to 'Tasks'
07:20:24 DEBUG - TaskListScreen: Title is now: 'Tasks'
07:20:24 DEBUG - TaskListScreen: Calling LoadData
07:20:25 DEBUG - TaskListScreen built flat list with 12 items
07:20:25 DEBUG - State changed: TaskList = SimpleTask[]
07:20:25 DEBUG - TaskListScreen loaded 7 tasks
07:20:25 DEBUG - TaskListScreen: LoadData complete
07:20:25 INFO  - TaskListScreen initialized with proper inheritance
07:20:25 DEBUG - Screen TaskListScreen OnInitialize hook completed.
07:20:25 DEBUG - DEBUG: RenderColumnHeaders() completed - columnLine: 'ID1 ID2           Created     Due            Task                                                       '
07:20:25 DEBUG - DEBUG: RenderFooter() completed - footerY: 25
07:20:26 DEBUG - RENDER OUTPUT: Wrote 5572 bytes to ACTUAL-OUTPUT.txt
07:20:26 DEBUG - RENDER OUTPUT PREVIEW: [2J[H[1;1H[?25l[1;1H[48;2;100;150;255m[38;2;100;150;255m Tasks                                                                                                  [0m
[48;2;100;150;255m─────────
07:20:27 DEBUG - InputProcessor: Processing key 'Down'
07:20:27 DEBUG - InputProcessor: Executing command 'nav.down' for key 'Down'
07:20:27 DEBUG - DEBUG: RenderColumnHeaders() completed - columnLine: 'ID1 ID2           Created     Due            Task                                                       '
07:20:27 DEBUG - DEBUG: RenderFooter() completed - footerY: 25
07:20:27 DEBUG - RENDER OUTPUT: Wrote 5572 bytes to ACTUAL-OUTPUT.txt
07:20:27 DEBUG - RENDER OUTPUT PREVIEW: [2J[H[1;1H[?25l[1;1H[48;2;100;150;255m[38;2;100;150;255m Tasks                                                                                                  [0m
[48;2;100;150;255m─────────
07:20:30 INFO  - Bootstrapper: Beginning application cleanup
07:20:30 DEBUG - RenderEngine: Console state restored
--- Log Initialized at 08/14/2025 07:24:01 ---
07:24:01 DEBUG - Registering all application services...
07:24:01 DEBUG - SimpleStateManager initialized with PowerShell-native state
07:24:01 DEBUG - InputProcessor: Default commands registered
07:24:01 DEBUG - InputProcessor: Default key mappings registered
07:24:01 INFO  - No user key mappings file found at /home/teej/projects/github/praxis/simpletaskpro/keymappings.json
07:24:01 INFO  - InputProcessor initialized
07:24:01 INFO  - RenderEngine initialized with 5 pooled string builders
07:24:03 INFO  - All application screens have been instantiated.
07:24:03 INFO  - SimpleTaskPro initialization complete.
07:24:03 INFO  - Application launcher running. Handing control to initial screen.
07:24:03 DEBUG - Screen TaskListScreen bounds set to 104x27
07:24:03 DEBUG - Screen TaskListScreen initializing...
07:24:03 DEBUG - TaskListScreen: OnInitialize START
07:24:03 ERROR - TaskListScreen: TaskService is null in LoadData
07:24:03 DEBUG - ListScreen TaskListScreen post-construction setup complete
07:24:03 DEBUG - TaskListScreen: Base OnInitialize complete
07:24:03 DEBUG - TaskListScreen: Services available: True
07:24:03 DEBUG - TaskListScreen: Getting SimpleTaskService from container...
07:24:03 DEBUG - TaskListScreen: Got TaskService: True
07:24:03 DEBUG - TaskListScreen: TaskService type: SimpleTaskService
07:24:03 DEBUG - TaskListScreen: Setting title to 'Tasks'
07:24:03 DEBUG - TaskListScreen: Title is now: 'Tasks'
07:24:03 DEBUG - TaskListScreen: Calling LoadData
07:24:03 DEBUG - TaskListScreen built flat list with 12 items
07:24:03 DEBUG - State changed: TaskList = SimpleTask[]
07:24:03 DEBUG - TaskListScreen loaded 7 tasks
07:24:03 DEBUG - TaskListScreen: LoadData complete
07:24:03 INFO  - TaskListScreen initialized with proper inheritance
07:24:03 DEBUG - Screen TaskListScreen OnInitialize hook completed.
07:24:04 DEBUG - DEBUG: RenderColumnHeaders() completed - columnLine: 'ID1 ID2           Created     Due            Task                                                       '
07:24:04 DEBUG - DEBUG: RenderFooter() completed - footerY: 25
07:24:05 DEBUG - RENDER OUTPUT: Wrote 5498 bytes to ACTUAL-OUTPUT.txt
07:24:05 DEBUG - RENDER OUTPUT PREVIEW: [2J[H[1;1H[?25l[1;1H[48;2;100;150;255m[38;2;100;150;255m Tasks                                                                                                  [0m
[48;2;100;150;255m─────────
07:24:08 DEBUG - InputProcessor: Processing key 'Down'
07:24:08 DEBUG - InputProcessor: Executing command 'nav.down' for key 'Down'
07:24:08 DEBUG - DEBUG: RenderColumnHeaders() completed - columnLine: 'ID1 ID2           Created     Due            Task                                                       '
07:24:08 DEBUG - DEBUG: RenderFooter() completed - footerY: 25
07:24:08 DEBUG - RENDER OUTPUT: Wrote 5498 bytes to ACTUAL-OUTPUT.txt
07:24:08 DEBUG - RENDER OUTPUT PREVIEW: [2J[H[1;1H[?25l[1;1H[48;2;100;150;255m[38;2;100;150;255m Tasks                                                                                                  [0m
[48;2;100;150;255m─────────
07:24:10 INFO  - Bootstrapper: Beginning application cleanup
07:24:10 DEBUG - RenderEngine: Console state restored
--- Log Initialized at 08/14/2025 07:27:29 ---
07:27:29 DEBUG - Registering all application services...
07:27:29 DEBUG - SimpleStateManager initialized with PowerShell-native state
07:27:29 DEBUG - InputProcessor: Default commands registered
07:27:29 DEBUG - InputProcessor: Default key mappings registered
07:27:29 INFO  - No user key mappings file found at /home/teej/projects/github/praxis/simpletaskpro/keymappings.json
07:27:29 INFO  - InputProcessor initialized
07:27:29 INFO  - RenderEngine initialized with 5 pooled string builders
07:27:31 INFO  - All application screens have been instantiated.
07:27:31 INFO  - SimpleTaskPro initialization complete.
07:27:31 INFO  - Application launcher running. Handing control to initial screen.
07:27:31 DEBUG - Screen TaskListScreen bounds set to 104x27
07:27:31 DEBUG - Screen TaskListScreen initializing...
07:27:31 DEBUG - TaskListScreen: OnInitialize START
07:27:31 ERROR - TaskListScreen: TaskService is null in LoadData
07:27:31 DEBUG - ListScreen TaskListScreen post-construction setup complete
07:27:31 DEBUG - TaskListScreen: Base OnInitialize complete
07:27:31 DEBUG - TaskListScreen: Services available: True
07:27:31 DEBUG - TaskListScreen: Getting SimpleTaskService from container...
07:27:31 DEBUG - TaskListScreen: Got TaskService: True
07:27:31 DEBUG - TaskListScreen: TaskService type: SimpleTaskService
07:27:31 DEBUG - TaskListScreen: Setting title to 'Tasks'
07:27:31 DEBUG - TaskListScreen: Title is now: 'Tasks'
07:27:31 DEBUG - TaskListScreen: Calling LoadData
07:27:32 DEBUG - TaskListScreen built flat list with 12 items
07:27:32 DEBUG - State changed: TaskList = SimpleTask[]
07:27:32 DEBUG - TaskListScreen loaded 7 tasks
07:27:32 DEBUG - TaskListScreen: LoadData complete
07:27:32 INFO  - TaskListScreen initialized with proper inheritance
07:27:32 DEBUG - Screen TaskListScreen OnInitialize hook completed.
07:27:32 DEBUG - DEBUG: RenderColumnHeaders() completed - columnLine: 'ID1 ID2           Created     Due            Task                                                       '
07:27:32 DEBUG - DEBUG: RenderFooter() completed - footerY: 25
07:27:33 DEBUG - RENDER OUTPUT: Wrote 5488 bytes to ACTUAL-OUTPUT.txt
07:27:33 DEBUG - RENDER OUTPUT PREVIEW: [2J[H[1;1H[?25l[1;1H[48;2;100;150;255m[38;2;100;150;255m Tasks                                                                                                  [0m
[48;2;100;150;255m─────────
07:27:34 DEBUG - InputProcessor: Processing key 'Down'
07:27:34 DEBUG - InputProcessor: Executing command 'nav.down' for key 'Down'
07:27:34 DEBUG - DEBUG: RenderColumnHeaders() completed - columnLine: 'ID1 ID2           Created     Due            Task                                                       '
07:27:34 DEBUG - DEBUG: RenderFooter() completed - footerY: 25
07:27:35 DEBUG - RENDER OUTPUT: Wrote 5488 bytes to ACTUAL-OUTPUT.txt
07:27:35 DEBUG - RENDER OUTPUT PREVIEW: [2J[H[1;1H[?25l[1;1H[48;2;100;150;255m[38;2;100;150;255m Tasks                                                                                                  [0m
[48;2;100;150;255m─────────
07:27:37 INFO  - Bootstrapper: Beginning application cleanup
07:27:37 DEBUG - RenderEngine: Console state restored
--- Log Initialized at 08/14/2025 07:30:37 ---
07:30:37 DEBUG - Registering all application services...
07:30:37 DEBUG - SimpleStateManager initialized with PowerShell-native state
07:30:37 DEBUG - InputProcessor: Default commands registered
07:30:37 DEBUG - InputProcessor: Default key mappings registered
07:30:37 INFO  - No user key mappings file found at /home/teej/projects/github/praxis/simpletaskpro/keymappings.json
07:30:37 INFO  - InputProcessor initialized
07:30:38 INFO  - RenderEngine initialized with 5 pooled string builders
07:30:39 INFO  - All application screens have been instantiated.
07:30:39 INFO  - SimpleTaskPro initialization complete.
07:30:39 INFO  - Application launcher running. Handing control to initial screen.
07:30:39 DEBUG - Screen TaskListScreen bounds set to 104x27
07:30:39 DEBUG - Screen TaskListScreen initializing...
07:30:39 DEBUG - TaskListScreen: OnInitialize START
07:30:40 ERROR - TaskListScreen: TaskService is null in LoadData
07:30:40 DEBUG - ListScreen TaskListScreen post-construction setup complete
07:30:40 DEBUG - TaskListScreen: Base OnInitialize complete
07:30:40 DEBUG - TaskListScreen: Services available: True
07:30:40 DEBUG - TaskListScreen: Getting SimpleTaskService from container...
07:30:40 DEBUG - TaskListScreen: Got TaskService: True
07:30:40 DEBUG - TaskListScreen: TaskService type: SimpleTaskService
07:30:40 DEBUG - TaskListScreen: Setting title to 'Tasks'
07:30:40 DEBUG - TaskListScreen: Title is now: 'Tasks'
07:30:40 DEBUG - TaskListScreen: Calling LoadData
07:30:40 DEBUG - TaskListScreen built flat list with 12 items
07:30:40 DEBUG - State changed: TaskList = SimpleTask[]
07:30:40 DEBUG - TaskListScreen loaded 7 tasks
07:30:40 DEBUG - TaskListScreen: LoadData complete
07:30:40 INFO  - TaskListScreen initialized with proper inheritance
07:30:40 DEBUG - Screen TaskListScreen OnInitialize hook completed.
07:30:40 DEBUG - DEBUG: RenderColumnHeaders() completed - columnLine: 'ID1 ID2           Created     Due            Task                                                       '
07:30:41 DEBUG - DEBUG: RenderFooter() completed - footerY: 25
07:30:41 DEBUG - RENDER OUTPUT: Wrote 5492 bytes to ACTUAL-OUTPUT.txt
07:30:41 DEBUG - RENDER OUTPUT PREVIEW: [2J[H[1;1H[?25l[1;1H[48;2;100;150;255m[38;2;100;150;255m Tasks                                                                                                  [0m
[48;2;100;150;255m─────────
07:30:41 DEBUG - InputProcessor: Processing key 'Down'
07:30:41 DEBUG - InputProcessor: Executing command 'nav.down' for key 'Down'
07:30:41 DEBUG - DEBUG: RenderColumnHeaders() completed - columnLine: 'ID1 ID2           Created     Due            Task                                                       '
07:30:42 DEBUG - DEBUG: RenderFooter() completed - footerY: 25
07:30:42 DEBUG - RENDER OUTPUT: Wrote 5492 bytes to ACTUAL-OUTPUT.txt
07:30:42 DEBUG - RENDER OUTPUT PREVIEW: [2J[H[1;1H[?25l[1;1H[48;2;100;150;255m[38;2;100;150;255m Tasks                                                                                                  [0m
[48;2;100;150;255m─────────
07:30:46 INFO  - Bootstrapper: Beginning application cleanup
07:30:46 DEBUG - RenderEngine: Console state restored
--- Log Initialized at 08/14/2025 07:33:31 ---
07:33:31 DEBUG - Registering all application services...
07:33:31 DEBUG - SimpleStateManager initialized with PowerShell-native state
07:33:31 DEBUG - InputProcessor: Default commands registered
07:33:31 DEBUG - InputProcessor: Default key mappings registered
07:33:31 INFO  - No user key mappings file found at /home/teej/projects/github/praxis/simpletaskpro/keymappings.json
07:33:31 INFO  - InputProcessor initialized
07:33:31 INFO  - RenderEngine initialized with 5 pooled string builders
07:33:33 INFO  - All application screens have been instantiated.
07:33:33 INFO  - SimpleTaskPro initialization complete.
07:33:33 INFO  - Application launcher running. Handing control to initial screen.
07:33:33 DEBUG - Screen TaskListScreen bounds set to 104x27
07:33:33 DEBUG - Screen TaskListScreen initializing...
07:33:33 DEBUG - TaskListScreen: OnInitialize START
07:33:33 ERROR - TaskListScreen: TaskService is null in LoadData
07:33:33 DEBUG - ListScreen TaskListScreen post-construction setup complete
07:33:33 DEBUG - TaskListScreen: Base OnInitialize complete
07:33:33 DEBUG - TaskListScreen: Services available: True
07:33:33 DEBUG - TaskListScreen: Getting SimpleTaskService from container...
07:33:33 DEBUG - TaskListScreen: Got TaskService: True
07:33:34 DEBUG - TaskListScreen: TaskService type: SimpleTaskService
07:33:34 DEBUG - TaskListScreen: Setting title to 'Tasks'
07:33:34 DEBUG - TaskListScreen: Title is now: 'Tasks'
07:33:34 DEBUG - TaskListScreen: Calling LoadData
07:33:34 DEBUG - TaskListScreen built flat list with 12 items
07:33:34 DEBUG - State changed: TaskList = SimpleTask[]
07:33:34 DEBUG - TaskListScreen loaded 7 tasks
07:33:34 DEBUG - TaskListScreen: LoadData complete
07:33:34 INFO  - TaskListScreen initialized with proper inheritance
07:33:34 DEBUG - Screen TaskListScreen OnInitialize hook completed.
07:33:34 DEBUG - DEBUG: RenderColumnHeaders() completed - columnLine: 'ID1 ID2           Created     Due            Task                                                       '
07:33:35 DEBUG - DEBUG: RenderFooter() completed - footerY: 25
07:33:35 DEBUG - RENDER OUTPUT: Wrote 5552 bytes to ACTUAL-OUTPUT.txt
07:33:35 DEBUG - RENDER OUTPUT PREVIEW: [2J[H[1;1H[?25l[1;1H[48;2;100;150;255m[38;2;100;150;255m Tasks                                                                                                  [0m
[48;2;100;150;255m─────────
07:33:36 DEBUG - InputProcessor: Processing key 'Down'
07:33:36 DEBUG - InputProcessor: Executing command 'nav.down' for key 'Down'
07:33:36 DEBUG - DEBUG: RenderColumnHeaders() completed - columnLine: 'ID1 ID2           Created     Due            Task                                                       '
07:33:36 DEBUG - DEBUG: RenderFooter() completed - footerY: 25
07:33:36 DEBUG - RENDER OUTPUT: Wrote 5552 bytes to ACTUAL-OUTPUT.txt
07:33:36 DEBUG - RENDER OUTPUT PREVIEW: [2J[H[1;1H[?25l[1;1H[48;2;100;150;255m[38;2;100;150;255m Tasks                                                                                                  [0m
[48;2;100;150;255m─────────
07:33:40 INFO  - Bootstrapper: Beginning application cleanup
07:33:40 DEBUG - RenderEngine: Console state restored
--- Log Initialized at 08/14/2025 07:36:39 ---
07:36:39 DEBUG - Registering all application services...
07:36:39 DEBUG - SimpleStateManager initialized with PowerShell-native state
07:36:39 DEBUG - InputProcessor: Default commands registered
07:36:39 DEBUG - InputProcessor: Default key mappings registered
07:36:39 INFO  - No user key mappings file found at /home/teej/projects/github/praxis/simpletaskpro/keymappings.json
07:36:39 INFO  - InputProcessor initialized
07:36:39 INFO  - RenderEngine initialized with 5 pooled string builders
07:36:41 INFO  - All application screens have been instantiated.
07:36:41 INFO  - SimpleTaskPro initialization complete.
07:36:41 INFO  - Application launcher running. Handing control to initial screen.
07:36:41 DEBUG - Screen TaskListScreen bounds set to 90x23
07:36:41 DEBUG - Screen TaskListScreen initializing...
07:36:41 DEBUG - TaskListScreen: OnInitialize START
07:36:42 ERROR - TaskListScreen: TaskService is null in LoadData
07:36:42 DEBUG - ListScreen TaskListScreen post-construction setup complete
07:36:42 DEBUG - TaskListScreen: Base OnInitialize complete
07:36:42 DEBUG - TaskListScreen: Services available: True
07:36:42 DEBUG - TaskListScreen: Getting SimpleTaskService from container...
07:36:42 DEBUG - TaskListScreen: Got TaskService: True
07:36:42 DEBUG - TaskListScreen: TaskService type: SimpleTaskService
07:36:42 DEBUG - TaskListScreen: Setting title to 'Tasks'
07:36:42 DEBUG - TaskListScreen: Title is now: 'Tasks'
07:36:42 DEBUG - TaskListScreen: Calling LoadData
07:36:42 DEBUG - TaskListScreen built flat list with 12 items
07:36:42 DEBUG - State changed: TaskList = SimpleTask[]
07:36:42 DEBUG - TaskListScreen loaded 7 tasks
07:36:42 DEBUG - TaskListScreen: LoadData complete
07:36:42 INFO  - TaskListScreen initialized with proper inheritance
07:36:42 DEBUG - Screen TaskListScreen OnInitialize hook completed.
07:36:42 DEBUG - DEBUG: RenderColumnHeaders() completed - columnLine: 'ID1 ID2           Created     Due            Task                                         '
07:36:43 DEBUG - DEBUG: RenderFooter() completed - footerY: 21
07:36:43 DEBUG - RENDER OUTPUT: Wrote 4377 bytes to ACTUAL-OUTPUT.txt
07:36:43 DEBUG - RENDER OUTPUT PREVIEW: [2J[H[1;1H[?25l[1;1H[48;2;100;150;255m[38;2;100;150;255m Tasks                                                                                    [0m
[48;2;100;150;255m───────────────────────
07:36:45 DEBUG - InputProcessor: Processing key 'Down'
07:36:45 DEBUG - InputProcessor: Executing command 'nav.down' for key 'Down'
07:36:45 DEBUG - DEBUG: RenderColumnHeaders() completed - columnLine: 'ID1 ID2           Created     Due            Task                                         '
07:36:45 DEBUG - DEBUG: RenderFooter() completed - footerY: 21
07:36:45 DEBUG - RENDER OUTPUT: Wrote 4377 bytes to ACTUAL-OUTPUT.txt
07:36:45 DEBUG - RENDER OUTPUT PREVIEW: [2J[H[1;1H[?25l[1;1H[48;2;100;150;255m[38;2;100;150;255m Tasks                                                                                    [0m
[48;2;100;150;255m───────────────────────
07:36:53 INFO  - Bootstrapper: Beginning application cleanup
07:36:53 DEBUG - RenderEngine: Console state restored
--- Log Initialized at 08/14/2025 07:42:18 ---
07:42:19 DEBUG - Registering all application services...
07:42:19 DEBUG - SimpleStateManager initialized with PowerShell-native state
07:42:19 DEBUG - InputProcessor: Default commands registered
07:42:19 DEBUG - InputProcessor: Default key mappings registered
07:42:19 INFO  - No user key mappings file found at /home/teej/projects/github/praxis/simpletaskpro/keymappings.json
07:42:19 INFO  - InputProcessor initialized
07:42:19 INFO  - RenderEngine initialized with 5 pooled string builders
07:42:21 INFO  - All application screens have been instantiated.
07:42:21 INFO  - SimpleTaskPro initialization complete.
07:42:21 INFO  - Application launcher running. Handing control to initial screen.
07:42:21 DEBUG - Screen TaskListScreen bounds set to 90x23
07:42:21 DEBUG - Screen TaskListScreen initializing...
07:42:21 DEBUG - Screen subscribing to command.executed events
07:42:21 DEBUG - TaskListScreen: OnInitialize START
07:42:21 ERROR - TaskListScreen: TaskService is null in LoadData
07:42:21 DEBUG - ListScreen TaskListScreen post-construction setup complete
07:42:21 DEBUG - TaskListScreen: Base OnInitialize complete
07:42:21 DEBUG - TaskListScreen: Services available: True
07:42:21 DEBUG - TaskListScreen: Getting SimpleTaskService from container...
07:42:21 DEBUG - TaskListScreen: Got TaskService: True
07:42:21 DEBUG - TaskListScreen: TaskService type: SimpleTaskService
07:42:21 DEBUG - TaskListScreen: Setting title to 'Tasks'
07:42:21 DEBUG - TaskListScreen: Title is now: 'Tasks'
07:42:21 DEBUG - TaskListScreen: Calling LoadData
07:42:21 DEBUG - TaskListScreen built flat list with 12 items
07:42:21 DEBUG - State changed: TaskList = SimpleTask[]
07:42:21 DEBUG - TaskListScreen loaded 7 tasks
07:42:21 DEBUG - TaskListScreen: LoadData complete
07:42:21 INFO  - TaskListScreen initialized with proper inheritance
07:42:21 DEBUG - Screen TaskListScreen OnInitialize hook completed.
07:42:22 DEBUG - DEBUG: RenderColumnHeaders() completed - columnLine: 'ID1 ID2           Created     Due            Task                                         '
07:42:22 DEBUG - DEBUG: RenderFooter() completed - footerY: 21
07:42:22 DEBUG - RENDER OUTPUT: Wrote 4300 bytes to ACTUAL-OUTPUT.txt
07:42:22 DEBUG - RENDER OUTPUT PREVIEW: [2J[H[1;1H[?25l[1;1H[48;2;100;150;255m[38;2;100;150;255m Tasks                                                                                    [0m
[48;2;100;150;255m───────────────────────
07:42:24 DEBUG - InputProcessor: Processing key 'Down'
07:42:24 DEBUG - InputProcessor: Executing command 'nav.down' for key 'Down'
07:42:24 DEBUG - InputProcessor: About to publish command.executed for 'nav.down'
07:42:24 DEBUG - EventBus received command.executed: nav.down
07:42:24 DEBUG - Screen.HandleCommand called with: 'nav.down'
07:42:24 DEBUG - InputProcessor: Published command.executed for 'nav.down'
07:42:24 DEBUG - DEBUG: RenderColumnHeaders() completed - columnLine: 'ID1 ID2           Created     Due            Task                                         '
07:42:25 DEBUG - DEBUG: RenderFooter() completed - footerY: 21
07:42:25 DEBUG - RENDER OUTPUT: Wrote 4300 bytes to ACTUAL-OUTPUT.txt
07:42:25 DEBUG - RENDER OUTPUT PREVIEW: [2J[H[1;1H[?25l[1;1H[48;2;100;150;255m[38;2;100;150;255m Tasks                                                                                    [0m
[48;2;100;150;255m───────────────────────
07:42:26 DEBUG - InputProcessor: Processing key 'Down'
07:42:26 DEBUG - InputProcessor: Executing command 'nav.down' for key 'Down'
07:42:26 DEBUG - InputProcessor: About to publish command.executed for 'nav.down'
07:42:26 DEBUG - EventBus received command.executed: nav.down
07:42:26 DEBUG - Screen.HandleCommand called with: 'nav.down'
07:42:26 DEBUG - InputProcessor: Published command.executed for 'nav.down'
07:42:26 DEBUG - DEBUG: RenderColumnHeaders() completed - columnLine: 'ID1 ID2           Created     Due            Task                                         '
07:42:26 DEBUG - DEBUG: RenderFooter() completed - footerY: 21
07:42:26 DEBUG - RENDER OUTPUT: Wrote 4300 bytes to ACTUAL-OUTPUT.txt
07:42:26 DEBUG - RENDER OUTPUT PREVIEW: [2J[H[1;1H[?25l[1;1H[48;2;100;150;255m[38;2;100;150;255m Tasks                                                                                    [0m
[48;2;100;150;255m───────────────────────
07:42:27 DEBUG - InputProcessor: Processing key 'Down'
07:42:27 DEBUG - InputProcessor: Executing command 'nav.down' for key 'Down'
07:42:27 DEBUG - InputProcessor: About to publish command.executed for 'nav.down'
07:42:27 DEBUG - EventBus received command.executed: nav.down
07:42:27 DEBUG - Screen.HandleCommand called with: 'nav.down'
07:42:27 DEBUG - InputProcessor: Published command.executed for 'nav.down'
07:42:27 DEBUG - DEBUG: RenderColumnHeaders() completed - columnLine: 'ID1 ID2           Created     Due            Task                                         '
07:42:27 DEBUG - DEBUG: RenderFooter() completed - footerY: 21
07:42:27 DEBUG - RENDER OUTPUT: Wrote 4300 bytes to ACTUAL-OUTPUT.txt
07:42:27 DEBUG - RENDER OUTPUT PREVIEW: [2J[H[1;1H[?25l[1;1H[48;2;100;150;255m[38;2;100;150;255m Tasks                                                                                    [0m
[48;2;100;150;255m───────────────────────
07:42:27 DEBUG - InputProcessor: Processing key 'Down'
07:42:27 DEBUG - InputProcessor: Executing command 'nav.down' for key 'Down'
07:42:27 DEBUG - InputProcessor: About to publish command.executed for 'nav.down'
07:42:27 DEBUG - EventBus received command.executed: nav.down
07:42:27 DEBUG - Screen.HandleCommand called with: 'nav.down'
07:42:28 DEBUG - InputProcessor: Published command.executed for 'nav.down'
07:42:28 DEBUG - DEBUG: RenderColumnHeaders() completed - columnLine: 'ID1 ID2           Created     Due            Task                                         '
07:42:28 DEBUG - DEBUG: RenderFooter() completed - footerY: 21
07:42:28 DEBUG - RENDER OUTPUT: Wrote 4300 bytes to ACTUAL-OUTPUT.txt
07:42:28 DEBUG - RENDER OUTPUT PREVIEW: [2J[H[1;1H[?25l[1;1H[48;2;100;150;255m[38;2;100;150;255m Tasks                                                                                    [0m
[48;2;100;150;255m───────────────────────
07:42:31 DEBUG - InputProcessor: Processing key 'n'
07:42:31 DEBUG - InputProcessor: Executing command 'action.new' for key 'n'
07:42:31 DEBUG - InputProcessor: About to publish command.executed for 'action.new'
07:42:31 DEBUG - EventBus received command.executed: action.new
07:42:31 DEBUG - Screen.HandleCommand called with: 'action.new'
07:42:31 DEBUG - TaskListScreen received unhandled command: action.new
07:42:31 DEBUG - InputProcessor: Published command.executed for 'action.new'
07:42:31 DEBUG - DEBUG: RenderColumnHeaders() completed - columnLine: 'ID1 ID2           Created     Due            Task                                         '
07:42:31 DEBUG - DEBUG: RenderFooter() completed - footerY: 21
07:42:31 DEBUG - RENDER OUTPUT: Wrote 4300 bytes to ACTUAL-OUTPUT.txt
07:42:31 DEBUG - RENDER OUTPUT PREVIEW: [2J[H[1;1H[?25l[1;1H[48;2;100;150;255m[38;2;100;150;255m Tasks                                                                                    [0m
[48;2;100;150;255m───────────────────────
07:42:33 DEBUG - InputProcessor: Processing key 'e'
07:42:33 DEBUG - InputProcessor: Executing command 'action.edit' for key 'e'
07:42:33 DEBUG - InputProcessor: About to publish command.executed for 'action.edit'
07:42:33 DEBUG - EventBus received command.executed: action.edit
07:42:33 DEBUG - Screen.HandleCommand called with: 'action.edit'
07:42:33 DEBUG - TaskListScreen received unhandled command: action.edit
07:42:33 DEBUG - InputProcessor: Published command.executed for 'action.edit'
07:42:33 DEBUG - DEBUG: RenderColumnHeaders() completed - columnLine: 'ID1 ID2           Created     Due            Task                                         '
07:42:33 DEBUG - DEBUG: RenderFooter() completed - footerY: 21
07:42:33 DEBUG - RENDER OUTPUT: Wrote 4300 bytes to ACTUAL-OUTPUT.txt
07:42:33 DEBUG - RENDER OUTPUT PREVIEW: [2J[H[1;1H[?25l[1;1H[48;2;100;150;255m[38;2;100;150;255m Tasks                                                                                    [0m
[48;2;100;150;255m───────────────────────
07:42:40 INFO  - Bootstrapper: Beginning application cleanup
07:42:40 DEBUG - RenderEngine: Console state restored
--- Log Initialized at 08/14/2025 07:54:43 ---
07:54:43 DEBUG - Registering all application services...
07:54:44 DEBUG - SimpleStateManager initialized with PowerShell-native state
07:54:44 DEBUG - InputProcessor: Default commands registered
07:54:44 DEBUG - InputProcessor: Default key mappings registered
07:54:44 INFO  - No user key mappings file found at /home/teej/projects/github/praxis/simpletaskpro/keymappings.json
07:54:44 INFO  - InputProcessor initialized
07:54:44 INFO  - RenderEngine initialized with 5 pooled string builders
07:54:46 INFO  - All application screens have been instantiated.
07:54:46 INFO  - SimpleTaskPro initialization complete.
07:54:46 INFO  - Application launcher running. Handing control to initial screen.
07:54:46 DEBUG - Screen TaskListScreen bounds set to 90x23
07:54:46 DEBUG - Screen TaskListScreen initializing...
07:54:46 DEBUG - Screen subscribing to command.executed events
07:54:46 DEBUG - TaskListScreen: OnInitialize START
07:54:46 ERROR - TaskListScreen: TaskService is null in LoadData
07:54:46 DEBUG - ListScreen TaskListScreen post-construction setup complete
07:54:46 DEBUG - TaskListScreen: Base OnInitialize complete
07:54:46 DEBUG - TaskListScreen: Services available: True
07:54:46 DEBUG - TaskListScreen: Getting SimpleTaskService from container...
07:54:46 DEBUG - TaskListScreen: Got TaskService: True
07:54:46 DEBUG - TaskListScreen: TaskService type: SimpleTaskService
07:54:46 DEBUG - TaskListScreen: Setting title to 'Tasks'
07:54:46 DEBUG - TaskListScreen: Title is now: 'Tasks'
07:54:46 DEBUG - TaskListScreen: Calling LoadData
07:54:46 DEBUG - TaskListScreen built flat list with 12 items
07:54:46 DEBUG - State changed: TaskList = SimpleTask[]
07:54:46 DEBUG - TaskListScreen loaded 7 tasks
07:54:46 DEBUG - TaskListScreen: LoadData complete
07:54:46 INFO  - TaskListScreen initialized with proper inheritance
07:54:46 DEBUG - Screen TaskListScreen OnInitialize hook completed.
07:54:46 DEBUG - DEBUG: RenderColumnHeaders() completed - columnLine: 'ID1 ID2           Created     Due            Task                                         '
07:54:47 DEBUG - DEBUG: RenderFooter() completed - footerY: 21
07:54:47 DEBUG - RENDER OUTPUT: Wrote 4358 bytes to ACTUAL-OUTPUT.txt
07:54:47 DEBUG - RENDER OUTPUT PREVIEW: [2J[H[1;1H[?25l[1;1H[48;2;100;150;255m[38;2;100;150;255m Tasks                                                                                    [0m
[48;2;100;150;255m───────────────────────
07:54:52 DEBUG - InputProcessor: Processing key 'Down'
07:54:52 DEBUG - InputProcessor: Executing command 'nav.down' for key 'Down'
07:54:52 DEBUG - InputProcessor: About to publish command.executed for 'nav.down'
07:54:52 DEBUG - EventBus received command.executed: nav.down
07:54:52 DEBUG - Screen.HandleCommand called with: 'nav.down'
07:54:52 DEBUG - ListScreen.HandleScreenCommand called with: nav.down
07:54:52 DEBUG - Moving down
07:54:52 DEBUG - InputProcessor: Published command.executed for 'nav.down'
07:54:52 DEBUG - DEBUG: RenderColumnHeaders() completed - columnLine: 'ID1 ID2           Created     Due            Task                                         '
07:54:52 DEBUG - DEBUG: RenderFooter() completed - footerY: 21
07:54:52 DEBUG - RENDER OUTPUT: Wrote 4358 bytes to ACTUAL-OUTPUT.txt
07:54:52 DEBUG - RENDER OUTPUT PREVIEW: [2J[H[1;1H[?25l[1;1H[48;2;100;150;255m[38;2;100;150;255m Tasks                                                                                    [0m
[48;2;100;150;255m───────────────────────
07:54:52 DEBUG - InputProcessor: Processing key 'Down'
07:54:52 DEBUG - InputProcessor: Executing command 'nav.down' for key 'Down'
07:54:52 DEBUG - InputProcessor: About to publish command.executed for 'nav.down'
07:54:52 DEBUG - EventBus received command.executed: nav.down
07:54:52 DEBUG - Screen.HandleCommand called with: 'nav.down'
07:54:52 DEBUG - ListScreen.HandleScreenCommand called with: nav.down
07:54:52 DEBUG - Moving down
07:54:52 DEBUG - InputProcessor: Published command.executed for 'nav.down'
07:54:52 DEBUG - DEBUG: RenderColumnHeaders() completed - columnLine: 'ID1 ID2           Created     Due            Task                                         '
07:54:53 DEBUG - DEBUG: RenderFooter() completed - footerY: 21
07:54:53 DEBUG - RENDER OUTPUT: Wrote 4358 bytes to ACTUAL-OUTPUT.txt
07:54:53 DEBUG - RENDER OUTPUT PREVIEW: [2J[H[1;1H[?25l[1;1H[48;2;100;150;255m[38;2;100;150;255m Tasks                                                                                    [0m
[48;2;100;150;255m───────────────────────
07:54:53 DEBUG - InputProcessor: Processing key 'Down'
07:54:53 DEBUG - InputProcessor: Executing command 'nav.down' for key 'Down'
07:54:53 DEBUG - InputProcessor: About to publish command.executed for 'nav.down'
07:54:53 DEBUG - EventBus received command.executed: nav.down
07:54:53 DEBUG - Screen.HandleCommand called with: 'nav.down'
07:54:53 DEBUG - ListScreen.HandleScreenCommand called with: nav.down
07:54:53 DEBUG - Moving down
07:54:53 DEBUG - InputProcessor: Published command.executed for 'nav.down'
07:54:53 DEBUG - DEBUG: RenderColumnHeaders() completed - columnLine: 'ID1 ID2           Created     Due            Task                                         '
07:54:53 DEBUG - DEBUG: RenderFooter() completed - footerY: 21
07:54:54 DEBUG - RENDER OUTPUT: Wrote 4358 bytes to ACTUAL-OUTPUT.txt
07:54:54 DEBUG - RENDER OUTPUT PREVIEW: [2J[H[1;1H[?25l[1;1H[48;2;100;150;255m[38;2;100;150;255m Tasks                                                                                    [0m
[48;2;100;150;255m───────────────────────
07:54:54 DEBUG - InputProcessor: Processing key 'Down'
07:54:54 DEBUG - InputProcessor: Executing command 'nav.down' for key 'Down'
07:54:54 DEBUG - InputProcessor: About to publish command.executed for 'nav.down'
07:54:54 DEBUG - EventBus received command.executed: nav.down
07:54:54 DEBUG - Screen.HandleCommand called with: 'nav.down'
07:54:54 DEBUG - ListScreen.HandleScreenCommand called with: nav.down
07:54:54 DEBUG - Moving down
07:54:54 DEBUG - InputProcessor: Published command.executed for 'nav.down'
07:54:54 DEBUG - DEBUG: RenderColumnHeaders() completed - columnLine: 'ID1 ID2           Created     Due            Task                                         '
07:54:54 DEBUG - DEBUG: RenderFooter() completed - footerY: 21
07:54:55 DEBUG - RENDER OUTPUT: Wrote 4358 bytes to ACTUAL-OUTPUT.txt
07:54:55 DEBUG - RENDER OUTPUT PREVIEW: [2J[H[1;1H[?25l[1;1H[48;2;100;150;255m[38;2;100;150;255m Tasks                                                                                    [0m
[48;2;100;150;255m───────────────────────
07:54:57 DEBUG - InputProcessor: Processing key 'Up'
07:54:57 DEBUG - InputProcessor: Executing command 'nav.up' for key 'Up'
07:54:57 DEBUG - InputProcessor: About to publish command.executed for 'nav.up'
07:54:57 DEBUG - EventBus received command.executed: nav.up
07:54:57 DEBUG - Screen.HandleCommand called with: 'nav.up'
07:54:57 DEBUG - ListScreen.HandleScreenCommand called with: nav.up
07:54:57 DEBUG - Moving up
07:54:57 DEBUG - InputProcessor: Published command.executed for 'nav.up'
07:54:57 DEBUG - DEBUG: RenderColumnHeaders() completed - columnLine: 'ID1 ID2           Created     Due            Task                                         '
07:54:57 DEBUG - DEBUG: RenderFooter() completed - footerY: 21
07:54:57 DEBUG - RENDER OUTPUT: Wrote 4358 bytes to ACTUAL-OUTPUT.txt
07:54:57 DEBUG - RENDER OUTPUT PREVIEW: [2J[H[1;1H[?25l[1;1H[48;2;100;150;255m[38;2;100;150;255m Tasks                                                                                    [0m
[48;2;100;150;255m───────────────────────
07:54:57 DEBUG - InputProcessor: Processing key 'Up'
07:54:57 DEBUG - InputProcessor: Executing command 'nav.up' for key 'Up'
07:54:57 DEBUG - InputProcessor: About to publish command.executed for 'nav.up'
07:54:57 DEBUG - EventBus received command.executed: nav.up
07:54:57 DEBUG - Screen.HandleCommand called with: 'nav.up'
07:54:57 DEBUG - ListScreen.HandleScreenCommand called with: nav.up
07:54:57 DEBUG - Moving up
07:54:57 DEBUG - InputProcessor: Published command.executed for 'nav.up'
07:54:57 DEBUG - DEBUG: RenderColumnHeaders() completed - columnLine: 'ID1 ID2           Created     Due            Task                                         '
07:54:57 DEBUG - DEBUG: RenderFooter() completed - footerY: 21
07:54:58 DEBUG - RENDER OUTPUT: Wrote 4358 bytes to ACTUAL-OUTPUT.txt
07:54:58 DEBUG - RENDER OUTPUT PREVIEW: [2J[H[1;1H[?25l[1;1H[48;2;100;150;255m[38;2;100;150;255m Tasks                                                                                    [0m
[48;2;100;150;255m───────────────────────
07:54:58 DEBUG - InputProcessor: Processing key 'Up'
07:54:58 DEBUG - InputProcessor: Executing command 'nav.up' for key 'Up'
07:54:58 DEBUG - InputProcessor: About to publish command.executed for 'nav.up'
07:54:58 DEBUG - EventBus received command.executed: nav.up
07:54:58 DEBUG - Screen.HandleCommand called with: 'nav.up'
07:54:58 DEBUG - ListScreen.HandleScreenCommand called with: nav.up
07:54:58 DEBUG - Moving up
07:54:58 DEBUG - InputProcessor: Published command.executed for 'nav.up'
07:54:58 DEBUG - DEBUG: RenderColumnHeaders() completed - columnLine: 'ID1 ID2           Created     Due            Task                                         '
07:54:58 DEBUG - DEBUG: RenderFooter() completed - footerY: 21
07:54:58 DEBUG - RENDER OUTPUT: Wrote 4358 bytes to ACTUAL-OUTPUT.txt
07:54:58 DEBUG - RENDER OUTPUT PREVIEW: [2J[H[1;1H[?25l[1;1H[48;2;100;150;255m[38;2;100;150;255m Tasks                                                                                    [0m
[48;2;100;150;255m───────────────────────
07:54:58 DEBUG - InputProcessor: Processing key 'Up'
07:54:58 DEBUG - InputProcessor: Executing command 'nav.up' for key 'Up'
07:54:58 DEBUG - InputProcessor: About to publish command.executed for 'nav.up'
07:54:58 DEBUG - EventBus received command.executed: nav.up
07:54:58 DEBUG - Screen.HandleCommand called with: 'nav.up'
07:54:58 DEBUG - ListScreen.HandleScreenCommand called with: nav.up
07:54:58 DEBUG - Moving up
07:54:58 DEBUG - InputProcessor: Published command.executed for 'nav.up'
07:54:58 DEBUG - DEBUG: RenderColumnHeaders() completed - columnLine: 'ID1 ID2           Created     Due            Task                                         '
07:54:58 DEBUG - DEBUG: RenderFooter() completed - footerY: 21
07:54:58 DEBUG - RENDER OUTPUT: Wrote 4358 bytes to ACTUAL-OUTPUT.txt
07:54:58 DEBUG - RENDER OUTPUT PREVIEW: [2J[H[1;1H[?25l[1;1H[48;2;100;150;255m[38;2;100;150;255m Tasks                                                                                    [0m
[48;2;100;150;255m───────────────────────
07:55:35 DEBUG - InputProcessor: Processing key 'n'
07:55:35 DEBUG - InputProcessor: Executing command 'action.new' for key 'n'
07:55:35 DEBUG - InputProcessor: About to publish command.executed for 'action.new'
07:55:35 DEBUG - EventBus received command.executed: action.new
07:55:35 DEBUG - Screen.HandleCommand called with: 'action.new'
07:55:35 DEBUG - ListScreen.HandleScreenCommand called with: action.new
07:55:35 DEBUG - TaskListScreen received unhandled command: action.new
07:55:35 DEBUG - InputProcessor: Published command.executed for 'action.new'
07:55:35 DEBUG - DEBUG: RenderColumnHeaders() completed - columnLine: 'ID1 ID2           Created     Due            Task                                         '
07:55:35 DEBUG - DEBUG: RenderFooter() completed - footerY: 21
07:55:35 DEBUG - RENDER OUTPUT: Wrote 4358 bytes to ACTUAL-OUTPUT.txt
07:55:35 DEBUG - RENDER OUTPUT PREVIEW: [2J[H[1;1H[?25l[1;1H[48;2;100;150;255m[38;2;100;150;255m Tasks                                                                                    [0m
[48;2;100;150;255m───────────────────────
07:55:37 DEBUG - InputProcessor: Processing key 'Down'
07:55:37 DEBUG - InputProcessor: Executing command 'nav.down' for key 'Down'
07:55:37 DEBUG - InputProcessor: About to publish command.executed for 'nav.down'
07:55:37 DEBUG - EventBus received command.executed: nav.down
07:55:37 DEBUG - Screen.HandleCommand called with: 'nav.down'
07:55:37 DEBUG - ListScreen.HandleScreenCommand called with: nav.down
07:55:37 DEBUG - Moving down
07:55:37 DEBUG - InputProcessor: Published command.executed for 'nav.down'
07:55:37 DEBUG - DEBUG: RenderColumnHeaders() completed - columnLine: 'ID1 ID2           Created     Due            Task                                         '
07:55:37 DEBUG - DEBUG: RenderFooter() completed - footerY: 21
07:55:37 DEBUG - RENDER OUTPUT: Wrote 4358 bytes to ACTUAL-OUTPUT.txt
07:55:37 DEBUG - RENDER OUTPUT PREVIEW: [2J[H[1;1H[?25l[1;1H[48;2;100;150;255m[38;2;100;150;255m Tasks                                                                                    [0m
[48;2;100;150;255m───────────────────────
07:55:38 DEBUG - InputProcessor: Processing key 'e'
07:55:38 DEBUG - InputProcessor: Executing command 'action.edit' for key 'e'
07:55:38 DEBUG - InputProcessor: About to publish command.executed for 'action.edit'
07:55:38 DEBUG - EventBus received command.executed: action.edit
07:55:38 DEBUG - Screen.HandleCommand called with: 'action.edit'
07:55:38 DEBUG - ListScreen.HandleScreenCommand called with: action.edit
07:55:38 DEBUG - TaskListScreen received unhandled command: action.edit
07:55:38 DEBUG - InputProcessor: Published command.executed for 'action.edit'
07:55:38 DEBUG - DEBUG: RenderColumnHeaders() completed - columnLine: 'ID1 ID2           Created     Due            Task                                         '
07:55:38 DEBUG - DEBUG: RenderFooter() completed - footerY: 21
07:55:38 DEBUG - RENDER OUTPUT: Wrote 4358 bytes to ACTUAL-OUTPUT.txt
07:55:38 DEBUG - RENDER OUTPUT PREVIEW: [2J[H[1;1H[?25l[1;1H[48;2;100;150;255m[38;2;100;150;255m Tasks                                                                                    [0m
[48;2;100;150;255m───────────────────────
07:55:43 INFO  - Bootstrapper: Beginning application cleanup
07:55:43 DEBUG - RenderEngine: Console state restored
--- Log Initialized at 08/14/2025 07:58:38 ---
07:58:38 DEBUG - Registering all application services...
07:58:38 DEBUG - SimpleStateManager initialized with PowerShell-native state
07:58:38 DEBUG - InputProcessor: Default commands registered
07:58:38 DEBUG - InputProcessor: Default key mappings registered
07:58:38 INFO  - No user key mappings file found at /home/teej/projects/github/praxis/simpletaskpro/keymappings.json
07:58:38 INFO  - InputProcessor initialized
07:58:38 INFO  - RenderEngine initialized with 5 pooled string builders
07:58:40 INFO  - All application screens have been instantiated.
07:58:40 INFO  - SimpleTaskPro initialization complete.
07:58:40 INFO  - Application launcher running. Handing control to initial screen.
07:58:40 DEBUG - Screen TaskListScreen bounds set to 90x23
07:58:40 DEBUG - Screen TaskListScreen initializing...
07:58:40 DEBUG - Screen subscribing to command.executed events
07:58:40 DEBUG - TaskListScreen: OnInitialize START
07:58:40 ERROR - TaskListScreen: TaskService is null in LoadData
07:58:40 DEBUG - ListScreen TaskListScreen post-construction setup complete
07:58:40 DEBUG - TaskListScreen: Base OnInitialize complete
07:58:40 DEBUG - TaskListScreen: Services available: True
07:58:40 DEBUG - TaskListScreen: Getting SimpleTaskService from container...
07:58:40 DEBUG - TaskListScreen: Got TaskService: True
07:58:40 DEBUG - TaskListScreen: TaskService type: SimpleTaskService
07:58:40 DEBUG - TaskListScreen: Setting title to 'Tasks'
07:58:40 DEBUG - TaskListScreen: Title is now: 'Tasks'
07:58:40 DEBUG - TaskListScreen: Calling LoadData
07:58:40 DEBUG - TaskListScreen built flat list with 12 items
07:58:41 DEBUG - State changed: TaskList = SimpleTask[]
07:58:41 DEBUG - TaskListScreen loaded 7 tasks
07:58:41 DEBUG - TaskListScreen: LoadData complete
07:58:41 INFO  - TaskListScreen initialized with proper inheritance
07:58:41 DEBUG - Screen TaskListScreen OnInitialize hook completed.
07:58:41 DEBUG - DEBUG: RenderColumnHeaders() completed - columnLine: 'ID1 ID2           Created     Due            Task                                         '
07:58:41 DEBUG - DEBUG: RenderFooter() completed - footerY: 21
07:58:42 DEBUG - RENDER OUTPUT: Wrote 4395 bytes to ACTUAL-OUTPUT.txt
07:58:42 DEBUG - RENDER OUTPUT PREVIEW: [2J[H[1;1H[?25l[1;1H[48;2;100;150;255m[38;2;100;150;255m Tasks                                                                                    [0m
[48;2;100;150;255m───────────────────────
07:58:43 DEBUG - InputProcessor: Processing key 'Up'
07:58:43 DEBUG - InputProcessor: Executing command 'nav.up' for key 'Up'
07:58:43 DEBUG - InputProcessor: About to publish command.executed for 'nav.up'
07:58:43 DEBUG - EventBus received command.executed: nav.up
07:58:43 DEBUG - Screen.HandleCommand called with: 'nav.up'
07:58:43 DEBUG - ListScreen.HandleScreenCommand called with: nav.up
07:58:43 DEBUG - Moving up
07:58:43 DEBUG - InputProcessor: Published command.executed for 'nav.up'
07:58:43 DEBUG - DEBUG: RenderColumnHeaders() completed - columnLine: 'ID1 ID2           Created     Due            Task                                         '
07:58:43 DEBUG - DEBUG: RenderFooter() completed - footerY: 21
07:58:44 DEBUG - RENDER OUTPUT: Wrote 4395 bytes to ACTUAL-OUTPUT.txt
07:58:44 DEBUG - RENDER OUTPUT PREVIEW: [2J[H[1;1H[?25l[1;1H[48;2;100;150;255m[38;2;100;150;255m Tasks                                                                                    [0m
[48;2;100;150;255m───────────────────────
07:58:44 DEBUG - InputProcessor: Processing key 'Down'
07:58:44 DEBUG - InputProcessor: Executing command 'nav.down' for key 'Down'
07:58:44 DEBUG - InputProcessor: About to publish command.executed for 'nav.down'
07:58:44 DEBUG - EventBus received command.executed: nav.down
07:58:44 DEBUG - Screen.HandleCommand called with: 'nav.down'
07:58:44 DEBUG - ListScreen.HandleScreenCommand called with: nav.down
07:58:44 DEBUG - Moving down
07:58:44 DEBUG - InputProcessor: Published command.executed for 'nav.down'
07:58:44 DEBUG - DEBUG: RenderColumnHeaders() completed - columnLine: 'ID1 ID2           Created     Due            Task                                         '
07:58:44 DEBUG - DEBUG: RenderFooter() completed - footerY: 21
07:58:45 DEBUG - RENDER OUTPUT: Wrote 4395 bytes to ACTUAL-OUTPUT.txt
07:58:45 DEBUG - RENDER OUTPUT PREVIEW: [2J[H[1;1H[?25l[1;1H[48;2;100;150;255m[38;2;100;150;255m Tasks                                                                                    [0m
[48;2;100;150;255m───────────────────────
07:58:47 DEBUG - InputProcessor: Processing key 'n'
07:58:47 DEBUG - InputProcessor: Executing command 'action.new' for key 'n'
07:58:47 DEBUG - InputProcessor: About to publish command.executed for 'action.new'
07:58:47 DEBUG - EventBus received command.executed: action.new
07:58:47 DEBUG - Screen.HandleCommand called with: 'action.new'
07:58:47 DEBUG - ListScreen.HandleScreenCommand called with: action.new
07:58:47 DEBUG - TaskListScreen: HandleDerivedCommand called with 'action.new' - handlers count: 0
07:58:47 DEBUG - TaskListScreen received unhandled command: action.new - available commands: 
07:58:47 DEBUG - InputProcessor: Published command.executed for 'action.new'
07:58:47 DEBUG - DEBUG: RenderColumnHeaders() completed - columnLine: 'ID1 ID2           Created     Due            Task                                         '
07:58:47 DEBUG - DEBUG: RenderFooter() completed - footerY: 21
07:58:47 DEBUG - RENDER OUTPUT: Wrote 4395 bytes to ACTUAL-OUTPUT.txt
07:58:47 DEBUG - RENDER OUTPUT PREVIEW: [2J[H[1;1H[?25l[1;1H[48;2;100;150;255m[38;2;100;150;255m Tasks                                                                                    [0m
[48;2;100;150;255m───────────────────────
07:58:49 DEBUG - InputProcessor: Processing key 'e'
07:58:49 DEBUG - InputProcessor: Executing command 'action.edit' for key 'e'
07:58:49 DEBUG - InputProcessor: About to publish command.executed for 'action.edit'
07:58:49 DEBUG - EventBus received command.executed: action.edit
07:58:49 DEBUG - Screen.HandleCommand called with: 'action.edit'
07:58:49 DEBUG - ListScreen.HandleScreenCommand called with: action.edit
07:58:49 DEBUG - TaskListScreen: HandleDerivedCommand called with 'action.edit' - handlers count: 0
07:58:49 DEBUG - TaskListScreen received unhandled command: action.edit - available commands: 
07:58:49 DEBUG - InputProcessor: Published command.executed for 'action.edit'
07:58:49 DEBUG - DEBUG: RenderColumnHeaders() completed - columnLine: 'ID1 ID2           Created     Due            Task                                         '
07:58:49 DEBUG - DEBUG: RenderFooter() completed - footerY: 21
07:58:50 DEBUG - RENDER OUTPUT: Wrote 4395 bytes to ACTUAL-OUTPUT.txt
07:58:50 DEBUG - RENDER OUTPUT PREVIEW: [2J[H[1;1H[?25l[1;1H[48;2;100;150;255m[38;2;100;150;255m Tasks                                                                                    [0m
[48;2;100;150;255m───────────────────────
07:58:51 INFO  - Bootstrapper: Beginning application cleanup
07:58:51 DEBUG - RenderEngine: Console state restored
--- Log Initialized at 08/14/2025 07:59:46 ---
07:59:46 DEBUG - Registering all application services...
07:59:46 DEBUG - SimpleStateManager initialized with PowerShell-native state
07:59:46 DEBUG - InputProcessor: Default commands registered
07:59:46 DEBUG - InputProcessor: Default key mappings registered
07:59:46 INFO  - No user key mappings file found at /home/teej/projects/github/praxis/simpletaskpro/keymappings.json
07:59:46 INFO  - InputProcessor initialized
07:59:46 INFO  - RenderEngine initialized with 5 pooled string builders
07:59:48 INFO  - All application screens have been instantiated.
07:59:48 INFO  - SimpleTaskPro initialization complete.
07:59:48 INFO  - Application launcher running. Handing control to initial screen.
07:59:48 DEBUG - Screen TaskListScreen bounds set to 90x23
07:59:48 DEBUG - Screen TaskListScreen initializing...
07:59:48 DEBUG - Screen subscribing to command.executed events
07:59:48 DEBUG - TaskListScreen: OnInitialize START
07:59:48 ERROR - TaskListScreen: TaskService is null in LoadData
07:59:48 DEBUG - ListScreen TaskListScreen post-construction setup complete
07:59:48 DEBUG - TaskListScreen: Base OnInitialize complete
07:59:48 DEBUG - TaskListScreen: Services available: True
07:59:48 DEBUG - TaskListScreen: Getting SimpleTaskService from container...
07:59:48 DEBUG - TaskListScreen: Got TaskService: True
07:59:48 DEBUG - TaskListScreen: TaskService type: SimpleTaskService
07:59:48 DEBUG - TaskListScreen: Setting title to 'Tasks'
07:59:48 DEBUG - TaskListScreen: Title is now: 'Tasks'
07:59:48 DEBUG - TaskListScreen: Calling LoadData
07:59:49 DEBUG - TaskListScreen built flat list with 12 items
07:59:49 DEBUG - State changed: TaskList = SimpleTask[]
07:59:49 DEBUG - TaskListScreen loaded 7 tasks
07:59:49 DEBUG - TaskListScreen: LoadData complete
07:59:49 INFO  - TaskListScreen initialized with proper inheritance
07:59:49 DEBUG - Screen TaskListScreen OnInitialize hook completed.
07:59:49 DEBUG - DEBUG: RenderColumnHeaders() completed - columnLine: 'ID1 ID2           Created     Due            Task                                         '
07:59:49 DEBUG - DEBUG: RenderFooter() completed - footerY: 21
07:59:50 DEBUG - RENDER OUTPUT: Wrote 4321 bytes to ACTUAL-OUTPUT.txt
07:59:50 DEBUG - RENDER OUTPUT PREVIEW: [2J[H[1;1H[?25l[1;1H[48;2;100;150;255m[38;2;100;150;255m Tasks                                                                                    [0m
[48;2;100;150;255m───────────────────────
07:59:52 DEBUG - InputProcessor: Processing key 'Down'
07:59:52 DEBUG - InputProcessor: Executing command 'nav.down' for key 'Down'
07:59:52 DEBUG - InputProcessor: About to publish command.executed for 'nav.down'
07:59:52 DEBUG - EventBus received command.executed: nav.down
07:59:52 DEBUG - Screen.HandleCommand called with: 'nav.down'
07:59:52 DEBUG - ListScreen.HandleScreenCommand called with: nav.down
07:59:52 DEBUG - Moving down
07:59:52 DEBUG - InputProcessor: Published command.executed for 'nav.down'
07:59:52 DEBUG - DEBUG: RenderColumnHeaders() completed - columnLine: 'ID1 ID2           Created     Due            Task                                         '
07:59:52 DEBUG - DEBUG: RenderFooter() completed - footerY: 21
07:59:52 DEBUG - RENDER OUTPUT: Wrote 4321 bytes to ACTUAL-OUTPUT.txt
07:59:52 DEBUG - RENDER OUTPUT PREVIEW: [2J[H[1;1H[?25l[1;1H[48;2;100;150;255m[38;2;100;150;255m Tasks                                                                                    [0m
[48;2;100;150;255m───────────────────────
07:59:53 DEBUG - InputProcessor: Processing key 'Down'
07:59:53 DEBUG - InputProcessor: Executing command 'nav.down' for key 'Down'
07:59:53 DEBUG - InputProcessor: About to publish command.executed for 'nav.down'
07:59:53 DEBUG - EventBus received command.executed: nav.down
07:59:53 DEBUG - Screen.HandleCommand called with: 'nav.down'
07:59:53 DEBUG - ListScreen.HandleScreenCommand called with: nav.down
07:59:53 DEBUG - Moving down
07:59:53 DEBUG - InputProcessor: Published command.executed for 'nav.down'
07:59:53 DEBUG - DEBUG: RenderColumnHeaders() completed - columnLine: 'ID1 ID2           Created     Due            Task                                         '
07:59:53 DEBUG - DEBUG: RenderFooter() completed - footerY: 21
07:59:53 DEBUG - RENDER OUTPUT: Wrote 4321 bytes to ACTUAL-OUTPUT.txt
07:59:53 DEBUG - RENDER OUTPUT PREVIEW: [2J[H[1;1H[?25l[1;1H[48;2;100;150;255m[38;2;100;150;255m Tasks                                                                                    [0m
[48;2;100;150;255m───────────────────────
07:59:54 DEBUG - InputProcessor: Processing key 'Down'
07:59:54 DEBUG - InputProcessor: Executing command 'nav.down' for key 'Down'
07:59:54 DEBUG - InputProcessor: About to publish command.executed for 'nav.down'
07:59:54 DEBUG - EventBus received command.executed: nav.down
07:59:54 DEBUG - Screen.HandleCommand called with: 'nav.down'
07:59:54 DEBUG - ListScreen.HandleScreenCommand called with: nav.down
07:59:54 DEBUG - Moving down
07:59:54 DEBUG - InputProcessor: Published command.executed for 'nav.down'
07:59:54 DEBUG - DEBUG: RenderColumnHeaders() completed - columnLine: 'ID1 ID2           Created     Due            Task                                         '
07:59:54 DEBUG - DEBUG: RenderFooter() completed - footerY: 21
07:59:54 DEBUG - RENDER OUTPUT: Wrote 4321 bytes to ACTUAL-OUTPUT.txt
07:59:54 DEBUG - RENDER OUTPUT PREVIEW: [2J[H[1;1H[?25l[1;1H[48;2;100;150;255m[38;2;100;150;255m Tasks                                                                                    [0m
[48;2;100;150;255m───────────────────────
07:59:55 DEBUG - InputProcessor: Processing key 'Down'
07:59:55 DEBUG - InputProcessor: Executing command 'nav.down' for key 'Down'
07:59:55 DEBUG - InputProcessor: About to publish command.executed for 'nav.down'
07:59:55 DEBUG - EventBus received command.executed: nav.down
07:59:55 DEBUG - Screen.HandleCommand called with: 'nav.down'
07:59:55 DEBUG - ListScreen.HandleScreenCommand called with: nav.down
07:59:55 DEBUG - Moving down
07:59:55 DEBUG - InputProcessor: Published command.executed for 'nav.down'
07:59:55 DEBUG - DEBUG: RenderColumnHeaders() completed - columnLine: 'ID1 ID2           Created     Due            Task                                         '
07:59:55 DEBUG - DEBUG: RenderFooter() completed - footerY: 21
07:59:55 DEBUG - RENDER OUTPUT: Wrote 4321 bytes to ACTUAL-OUTPUT.txt
07:59:55 DEBUG - RENDER OUTPUT PREVIEW: [2J[H[1;1H[?25l[1;1H[48;2;100;150;255m[38;2;100;150;255m Tasks                                                                                    [0m
[48;2;100;150;255m───────────────────────
07:59:56 DEBUG - InputProcessor: Processing key 'n'
07:59:56 DEBUG - InputProcessor: Executing command 'action.new' for key 'n'
07:59:56 DEBUG - InputProcessor: About to publish command.executed for 'action.new'
07:59:56 DEBUG - EventBus received command.executed: action.new
07:59:56 DEBUG - Screen.HandleCommand called with: 'action.new'
07:59:56 DEBUG - ListScreen.HandleScreenCommand called with: action.new
07:59:56 DEBUG - TaskListScreen: Initializing command handlers
07:59:56 DEBUG - TaskListScreen: HandleDerivedCommand called with 'action.new' - handlers count: 23
07:59:56 DEBUG - TaskListScreen: Executing handler for 'action.new'
07:59:56 ERROR - TaskListScreen: Failed to create new task
Method invocation failed because [SimpleTaskService] does not contain a method named 'SaveTask'.
Stack Trace:
at HandleNewTask, /home/teej/projects/github/praxis/simpletaskpro/Screens/TaskListScreen.ps1: line 334
at <ScriptBlock>, /home/teej/projects/github/praxis/simpletaskpro/Screens/TaskListScreen.ps1: line 275
at HandleDerivedCommand, /home/teej/projects/github/praxis/simpletaskpro/Screens/TaskListScreen.ps1: line 318
at HandleScreenCommand, /home/teej/projects/github/praxis/simpletaskpro/Base/ListScreen.ps1: line 121
at HandleCommand, /home/teej/projects/github/praxis/simpletaskpro/Base/Screen.ps1: line 103
at <ScriptBlock>, /home/teej/projects/github/praxis/simpletaskpro/Base/Screen.ps1: line 47
at Publish, /home/teej/projects/github/praxis/simpletaskpro/Core/EventBus.ps1: line 79
at ExecuteCommand, /home/teej/projects/github/praxis/simpletaskpro/Core/InputProcessor.ps1: line 168
at ProcessKey, /home/teej/projects/github/praxis/simpletaskpro/Core/InputProcessor.ps1: line 62
at HandleInput, /home/teej/projects/github/praxis/simpletaskpro/Base/Screen.ps1: line 86
at Show, /home/teej/projects/github/praxis/simpletaskpro/Base/ListScreen.ps1: line 34
at Run, /home/teej/projects/github/praxis/simpletaskpro/Core/SimpleTaskProApp.ps1: line 27
at <ScriptBlock>, /home/teej/projects/github/praxis/simpletaskpro/SimpleTaskPro.ps1: line 74
07:59:56 DEBUG - InputProcessor: Published command.executed for 'action.new'
07:59:56 DEBUG - DEBUG: RenderColumnHeaders() completed - columnLine: 'ID1 ID2           Created     Due            Task                                         '
07:59:57 DEBUG - DEBUG: RenderFooter() completed - footerY: 21
07:59:57 DEBUG - RENDER OUTPUT: Wrote 4432 bytes to ACTUAL-OUTPUT.txt
07:59:57 DEBUG - RENDER OUTPUT PREVIEW: [2J[H[1;1H[?25l[1;1H[48;2;100;150;255m[38;2;100;150;255m Tasks                                                                                    [0m
[48;2;100;150;255m───────────────────────
08:00:09 DEBUG - InputProcessor: Processing key 'Up'
08:00:09 DEBUG - InputProcessor: Executing command 'nav.up' for key 'Up'
08:00:09 DEBUG - InputProcessor: About to publish command.executed for 'nav.up'
08:00:09 DEBUG - EventBus received command.executed: nav.up
08:00:09 DEBUG - Screen.HandleCommand called with: 'nav.up'
08:00:09 DEBUG - ListScreen.HandleScreenCommand called with: nav.up
08:00:09 DEBUG - Moving up
08:00:09 DEBUG - InputProcessor: Published command.executed for 'nav.up'
08:00:09 DEBUG - DEBUG: RenderColumnHeaders() completed - columnLine: 'ID1 ID2           Created     Due            Task                                         '
08:00:09 DEBUG - DEBUG: RenderFooter() completed - footerY: 21
08:00:09 DEBUG - RENDER OUTPUT: Wrote 4432 bytes to ACTUAL-OUTPUT.txt
08:00:09 DEBUG - RENDER OUTPUT PREVIEW: [2J[H[1;1H[?25l[1;1H[48;2;100;150;255m[38;2;100;150;255m Tasks                                                                                    [0m
[48;2;100;150;255m───────────────────────
08:00:10 DEBUG - InputProcessor: Processing key 'Down'
08:00:10 DEBUG - InputProcessor: Executing command 'nav.down' for key 'Down'
08:00:10 DEBUG - InputProcessor: About to publish command.executed for 'nav.down'
08:00:10 DEBUG - EventBus received command.executed: nav.down
08:00:10 DEBUG - Screen.HandleCommand called with: 'nav.down'
08:00:10 DEBUG - ListScreen.HandleScreenCommand called with: nav.down
08:00:10 DEBUG - Moving down
08:00:10 DEBUG - InputProcessor: Published command.executed for 'nav.down'
08:00:10 DEBUG - DEBUG: RenderColumnHeaders() completed - columnLine: 'ID1 ID2           Created     Due            Task                                         '
08:00:10 DEBUG - DEBUG: RenderFooter() completed - footerY: 21
08:00:10 DEBUG - RENDER OUTPUT: Wrote 4432 bytes to ACTUAL-OUTPUT.txt
08:00:10 DEBUG - RENDER OUTPUT PREVIEW: [2J[H[1;1H[?25l[1;1H[48;2;100;150;255m[38;2;100;150;255m Tasks                                                                                    [0m
[48;2;100;150;255m───────────────────────
08:00:11 DEBUG - InputProcessor: Processing key 'e'
08:00:11 DEBUG - InputProcessor: Executing command 'action.edit' for key 'e'
08:00:11 DEBUG - InputProcessor: About to publish command.executed for 'action.edit'
08:00:11 DEBUG - EventBus received command.executed: action.edit
08:00:11 DEBUG - Screen.HandleCommand called with: 'action.edit'
08:00:11 DEBUG - ListScreen.HandleScreenCommand called with: action.edit
08:00:11 DEBUG - TaskListScreen: HandleDerivedCommand called with 'action.edit' - handlers count: 23
08:00:11 DEBUG - TaskListScreen: Executing handler for 'action.edit'
08:00:11 DEBUG - TaskListScreen: Edit task requested for: Future project       
08:00:11 DEBUG - InputProcessor: Published command.executed for 'action.edit'
08:00:11 DEBUG - DEBUG: RenderColumnHeaders() completed - columnLine: 'ID1 ID2           Created     Due            Task                                         '
08:00:11 DEBUG - DEBUG: RenderFooter() completed - footerY: 21
08:00:12 DEBUG - RENDER OUTPUT: Wrote 4351 bytes to ACTUAL-OUTPUT.txt
08:00:12 DEBUG - RENDER OUTPUT PREVIEW: [2J[H[1;1H[?25l[1;1H[48;2;100;150;255m[38;2;100;150;255m Tasks                                                                                    [0m
[48;2;100;150;255m───────────────────────
08:45:37 DEBUG - InputProcessor: Processing key 'Up'
08:45:37 DEBUG - InputProcessor: Executing command 'nav.up' for key 'Up'
08:45:37 DEBUG - InputProcessor: About to publish command.executed for 'nav.up'
08:45:37 DEBUG - EventBus received command.executed: nav.up
08:45:37 DEBUG - Screen.HandleCommand called with: 'nav.up'
08:45:37 DEBUG - ListScreen.HandleScreenCommand called with: nav.up
08:45:37 DEBUG - Moving up
08:45:37 DEBUG - InputProcessor: Published command.executed for 'nav.up'
08:45:37 DEBUG - DEBUG: RenderColumnHeaders() completed - columnLine: 'ID1 ID2           Created     Due            Task                                         '
08:45:37 DEBUG - DEBUG: RenderFooter() completed - footerY: 21
08:45:37 DEBUG - RENDER OUTPUT: Wrote 4351 bytes to ACTUAL-OUTPUT.txt
08:45:37 DEBUG - RENDER OUTPUT PREVIEW: [2J[H[1;1H[?25l[1;1H[48;2;100;150;255m[38;2;100;150;255m Tasks                                                                                    [0m
[48;2;100;150;255m───────────────────────
08:45:39 INFO  - Bootstrapper: Beginning application cleanup
08:45:39 DEBUG - RenderEngine: Console state restored
--- Log Initialized at 08/14/2025 09:12:33 ---
09:12:33 DEBUG - Registering all application services...
09:12:33 DEBUG - SimpleStateManager initialized with PowerShell-native state
09:12:33 DEBUG - InputProcessor: Default commands registered
09:12:33 DEBUG - InputProcessor: Default key mappings registered
09:12:33 INFO  - No user key mappings file found at /home/teej/projects/github/praxis/simpletaskpro/keymappings.json
09:12:33 INFO  - InputProcessor initialized
09:12:33 INFO  - RenderEngine initialized with 5 pooled string builders
09:12:35 INFO  - All application screens have been instantiated.
09:12:35 INFO  - SimpleTaskPro initialization complete.
09:12:35 INFO  - Application launcher running. Handing control to initial screen.
09:12:35 DEBUG - Screen TaskListScreen bounds set to 90x23
09:12:35 DEBUG - Screen TaskListScreen initializing...
09:12:35 DEBUG - Screen subscribing to command.executed events
09:12:35 DEBUG - TaskListScreen: OnInitialize START
09:12:35 ERROR - TaskListScreen: TaskService is null in LoadData
09:12:35 DEBUG - ListScreen TaskListScreen post-construction setup complete
09:12:35 DEBUG - TaskListScreen: Base OnInitialize complete
09:12:35 DEBUG - TaskListScreen: Services available: True
09:12:35 DEBUG - TaskListScreen: Getting SimpleTaskService from container...
09:12:35 DEBUG - TaskListScreen: Got TaskService: True
09:12:35 DEBUG - TaskListScreen: TaskService type: SimpleTaskService
09:12:35 DEBUG - TaskListScreen: Setting title to 'Tasks'
09:12:35 DEBUG - TaskListScreen: Title is now: 'Tasks'
09:12:35 DEBUG - TaskListScreen: Calling LoadData
09:12:35 DEBUG - TaskListScreen built flat list with 12 items
09:12:35 DEBUG - State changed: TaskList = SimpleTask[]
09:12:35 DEBUG - TaskListScreen loaded 7 tasks
09:12:35 DEBUG - TaskListScreen: LoadData complete
09:12:35 INFO  - TaskListScreen initialized with proper inheritance
09:12:35 DEBUG - Screen TaskListScreen OnInitialize hook completed.
09:12:35 DEBUG - DEBUG: RenderColumnHeaders() completed - columnLine: 'ID1 ID2           Created     Due            Task                                         '
09:12:36 DEBUG - DEBUG: RenderFooter() completed - footerY: 21
09:12:36 DEBUG - RENDER OUTPUT: Wrote 4285 bytes to ACTUAL-OUTPUT.txt
09:12:36 DEBUG - RENDER OUTPUT PREVIEW: [2J[H[1;1H[?25l[1;1H[48;2;100;150;255m[38;2;100;150;255m Tasks                                                                                    [0m
[48;2;100;150;255m───────────────────────
09:12:39 DEBUG - InputProcessor: Processing key 'Down'
09:12:39 DEBUG - InputProcessor: Executing command 'nav.down' for key 'Down'
09:12:39 DEBUG - InputProcessor: About to publish command.executed for 'nav.down'
09:12:39 DEBUG - EventBus received command.executed: nav.down
09:12:39 DEBUG - Screen.HandleCommand called with: 'nav.down'
09:12:39 DEBUG - ListScreen.HandleScreenCommand called with: nav.down
09:12:39 DEBUG - Moving down
09:12:39 DEBUG - InputProcessor: Published command.executed for 'nav.down'
09:12:39 DEBUG - DEBUG: RenderColumnHeaders() completed - columnLine: 'ID1 ID2           Created     Due            Task                                         '
09:12:39 DEBUG - DEBUG: RenderFooter() completed - footerY: 21
09:12:39 DEBUG - RENDER OUTPUT: Wrote 4285 bytes to ACTUAL-OUTPUT.txt
09:12:39 DEBUG - RENDER OUTPUT PREVIEW: [2J[H[1;1H[?25l[1;1H[48;2;100;150;255m[38;2;100;150;255m Tasks                                                                                    [0m
[48;2;100;150;255m───────────────────────
09:12:40 DEBUG - InputProcessor: Processing key 'Down'
09:12:40 DEBUG - InputProcessor: Executing command 'nav.down' for key 'Down'
09:12:40 DEBUG - InputProcessor: About to publish command.executed for 'nav.down'
09:12:40 DEBUG - EventBus received command.executed: nav.down
09:12:40 DEBUG - Screen.HandleCommand called with: 'nav.down'
09:12:40 DEBUG - ListScreen.HandleScreenCommand called with: nav.down
09:12:40 DEBUG - Moving down
09:12:40 DEBUG - InputProcessor: Published command.executed for 'nav.down'
09:12:40 DEBUG - DEBUG: RenderColumnHeaders() completed - columnLine: 'ID1 ID2           Created     Due            Task                                         '
09:12:40 DEBUG - DEBUG: RenderFooter() completed - footerY: 21
09:12:40 DEBUG - RENDER OUTPUT: Wrote 4285 bytes to ACTUAL-OUTPUT.txt
09:12:40 DEBUG - RENDER OUTPUT PREVIEW: [2J[H[1;1H[?25l[1;1H[48;2;100;150;255m[38;2;100;150;255m Tasks                                                                                    [0m
[48;2;100;150;255m───────────────────────
09:12:40 DEBUG - InputProcessor: Processing key 'Down'
09:12:40 DEBUG - InputProcessor: Executing command 'nav.down' for key 'Down'
09:12:40 DEBUG - InputProcessor: About to publish command.executed for 'nav.down'
09:12:40 DEBUG - EventBus received command.executed: nav.down
09:12:40 DEBUG - Screen.HandleCommand called with: 'nav.down'
09:12:40 DEBUG - ListScreen.HandleScreenCommand called with: nav.down
09:12:40 DEBUG - Moving down
09:12:40 DEBUG - InputProcessor: Published command.executed for 'nav.down'
09:12:40 DEBUG - DEBUG: RenderColumnHeaders() completed - columnLine: 'ID1 ID2           Created     Due            Task                                         '
09:12:40 DEBUG - DEBUG: RenderFooter() completed - footerY: 21
09:12:41 DEBUG - RENDER OUTPUT: Wrote 4285 bytes to ACTUAL-OUTPUT.txt
09:12:41 DEBUG - RENDER OUTPUT PREVIEW: [2J[H[1;1H[?25l[1;1H[48;2;100;150;255m[38;2;100;150;255m Tasks                                                                                    [0m
[48;2;100;150;255m───────────────────────
09:12:41 DEBUG - InputProcessor: Processing key 'Down'
09:12:41 DEBUG - InputProcessor: Executing command 'nav.down' for key 'Down'
09:12:41 DEBUG - InputProcessor: About to publish command.executed for 'nav.down'
09:12:41 DEBUG - EventBus received command.executed: nav.down
09:12:41 DEBUG - Screen.HandleCommand called with: 'nav.down'
09:12:41 DEBUG - ListScreen.HandleScreenCommand called with: nav.down
09:12:41 DEBUG - Moving down
09:12:41 DEBUG - InputProcessor: Published command.executed for 'nav.down'
09:12:41 DEBUG - DEBUG: RenderColumnHeaders() completed - columnLine: 'ID1 ID2           Created     Due            Task                                         '
09:12:41 DEBUG - DEBUG: RenderFooter() completed - footerY: 21
09:12:41 DEBUG - RENDER OUTPUT: Wrote 4285 bytes to ACTUAL-OUTPUT.txt
09:12:41 DEBUG - RENDER OUTPUT PREVIEW: [2J[H[1;1H[?25l[1;1H[48;2;100;150;255m[38;2;100;150;255m Tasks                                                                                    [0m
[48;2;100;150;255m───────────────────────
09:12:45 INFO  - Bootstrapper: Beginning application cleanup
09:12:45 DEBUG - RenderEngine: Console state restored
--- Log Initialized at 08/14/2025 09:21:17 ---
09:21:17 DEBUG - Registering all application services...
09:21:17 DEBUG - SimpleStateManager initialized with PowerShell-native state
09:21:17 DEBUG - InputProcessor: Default commands registered
09:21:17 DEBUG - InputProcessor: Default key mappings registered
09:21:17 INFO  - No user key mappings file found at /home/teej/projects/github/praxis/simpletaskpro/keymappings.json
09:21:17 INFO  - InputProcessor initialized
09:21:17 INFO  - RenderEngine initialized with 5 pooled string builders
09:21:18 DEBUG - Bootstrapper: Creating SimpleTaskService...
09:21:18 DEBUG - Bootstrapper: SimpleTaskService created, registering...
09:21:18 DEBUG - Bootstrapper: SimpleTaskService registered successfully
09:21:19 DEBUG - SimpleTaskProApp: Creating TaskListScreen with services: True
09:21:19 DEBUG - SimpleTaskProApp: Available services before TaskListScreen creation: KeyMappingService, RenderEngine, CommandService, SimpleTaskService, TimeTrackingService, ContentBuilder, Logger, InputProcessor, EventBus, ExcelMappingService, StateManager
09:21:20 DEBUG - Screen constructor: Services injected successfully
09:21:20 DEBUG - Screen constructor: Available services: KeyMappingService, RenderEngine, CommandService, SimpleTaskService, TimeTrackingService, ContentBuilder, Logger, InputProcessor, EventBus, ExcelMappingService, StateManager
09:21:20 INFO  - All application screens have been instantiated.
09:21:20 INFO  - SimpleTaskPro initialization complete.
09:21:20 INFO  - Application launcher running. Handing control to initial screen.
09:21:20 DEBUG - Screen TaskListScreen bounds set to 90x23
09:21:20 DEBUG - Screen TaskListScreen initializing...
09:21:20 DEBUG - Screen subscribing to command.executed events
09:21:20 DEBUG - TaskListScreen: OnInitialize START
09:21:20 ERROR - TaskListScreen: TaskService is null in LoadData
09:21:20 DEBUG - ListScreen TaskListScreen post-construction setup complete
09:21:20 DEBUG - TaskListScreen: Base OnInitialize complete
09:21:20 DEBUG - TaskListScreen: Services available: True
09:21:20 DEBUG - TaskListScreen: Getting SimpleTaskService from container...
09:21:20 DEBUG - TaskListScreen: ServiceContainer type: ServiceContainer
09:21:20 DEBUG - TaskListScreen: Registered services: KeyMappingService, RenderEngine, CommandService, SimpleTaskService, TimeTrackingService, ContentBuilder, Logger, InputProcessor, EventBus, ExcelMappingService, StateManager
09:21:20 DEBUG - TaskListScreen: Got TaskService: True
09:21:20 DEBUG - TaskListScreen: TaskService type: SimpleTaskService
09:21:20 DEBUG - TaskListScreen: Setting title to 'Tasks'
09:21:20 DEBUG - TaskListScreen: Title is now: 'Tasks'
09:21:20 DEBUG - TaskListScreen: Calling LoadData
09:21:20 DEBUG - TaskListScreen built flat list with 12 items
09:21:20 DEBUG - State changed: TaskList = SimpleTask[]
09:21:20 DEBUG - TaskListScreen loaded 7 tasks
09:21:20 DEBUG - TaskListScreen: LoadData complete
09:21:20 INFO  - TaskListScreen initialized with proper inheritance
09:21:20 DEBUG - Screen TaskListScreen OnInitialize hook completed.
09:21:20 DEBUG - DEBUG: RenderColumnHeaders() completed - columnLine: 'ID1 ID2           Created     Due            Task                                         '
09:21:21 DEBUG - DEBUG: RenderFooter() completed - footerY: 21
09:21:21 DEBUG - RENDER OUTPUT: Wrote 4338 bytes to ACTUAL-OUTPUT.txt
09:21:21 DEBUG - RENDER OUTPUT PREVIEW: [2J[H[1;1H[?25l[1;1H[48;2;100;150;255m[38;2;100;150;255m Tasks                                                                                    [0m
[48;2;100;150;255m───────────────────────
09:21:23 DEBUG - InputProcessor: Processing key 'Down'
09:21:23 DEBUG - InputProcessor: Executing command 'nav.down' for key 'Down'
09:21:23 DEBUG - InputProcessor: About to publish command.executed for 'nav.down'
09:21:23 DEBUG - EventBus received command.executed: nav.down
09:21:23 DEBUG - Screen.HandleCommand called with: 'nav.down'
09:21:23 DEBUG - ListScreen.HandleScreenCommand called with: nav.down
09:21:23 DEBUG - Moving down
09:21:23 DEBUG - InputProcessor: Published command.executed for 'nav.down'
09:21:23 DEBUG - DEBUG: RenderColumnHeaders() completed - columnLine: 'ID1 ID2           Created     Due            Task                                         '
09:21:23 DEBUG - DEBUG: RenderFooter() completed - footerY: 21
09:21:24 DEBUG - RENDER OUTPUT: Wrote 4338 bytes to ACTUAL-OUTPUT.txt
09:21:24 DEBUG - RENDER OUTPUT PREVIEW: [2J[H[1;1H[?25l[1;1H[48;2;100;150;255m[38;2;100;150;255m Tasks                                                                                    [0m
[48;2;100;150;255m───────────────────────
09:21:28 INFO  - Bootstrapper: Beginning application cleanup
09:21:28 DEBUG - RenderEngine: Console state restored
--- Log Initialized at 08/14/2025 09:26:49 ---
09:26:49 DEBUG - Registering all application services...
09:26:49 DEBUG - SimpleStateManager initialized with PowerShell-native state
09:26:49 DEBUG - InputProcessor: Default commands registered
09:26:49 DEBUG - InputProcessor: Default key mappings registered
09:26:49 INFO  - No user key mappings file found at /home/teej/projects/github/praxis/simpletaskpro/keymappings.json
09:26:49 INFO  - InputProcessor initialized
09:26:49 INFO  - RenderEngine initialized with 5 pooled string builders
09:26:51 INFO  - All application screens have been instantiated.
09:26:51 INFO  - SimpleTaskPro initialization complete.
09:26:51 INFO  - Application launcher running. Handing control to initial screen.
09:26:51 DEBUG - Screen TaskListScreen bounds set to 90x23
09:26:51 DEBUG - Screen TaskListScreen initializing...
09:26:51 DEBUG - Screen subscribing to command.executed events
09:26:51 DEBUG - TaskListScreen: OnInitialize START
09:26:51 DEBUG - ListScreen TaskListScreen post-construction setup complete
09:26:51 DEBUG - TaskListScreen: Base OnInitialize complete
09:26:51 DEBUG - TaskListScreen: TaskService initialized successfully
09:26:51 DEBUG - TaskListScreen: Setting title to 'Tasks'
09:26:51 DEBUG - TaskListScreen: Title is now: 'Tasks'
09:26:51 DEBUG - TaskListScreen: Calling LoadData
09:26:51 DEBUG - TaskListScreen built flat list with 12 items
09:26:51 DEBUG - State changed: TaskList = SimpleTask[]
09:26:51 DEBUG - TaskListScreen loaded 7 tasks
09:26:51 DEBUG - TaskListScreen: LoadData complete
09:26:51 INFO  - TaskListScreen initialized with proper inheritance
09:26:51 DEBUG - Screen TaskListScreen OnInitialize hook completed.
09:26:52 DEBUG - DEBUG: RenderColumnHeaders() completed - columnLine: 'ID1 ID2           Created     Due            Task                                         '
09:26:52 DEBUG - DEBUG: RenderFooter() completed - footerY: 21
09:26:53 DEBUG - RENDER OUTPUT: Wrote 4344 bytes to ACTUAL-OUTPUT.txt
09:26:53 DEBUG - RENDER OUTPUT PREVIEW: [2J[H[1;1H[?25l[1;1H[48;2;100;150;255m[38;2;100;150;255m Tasks                                                                                    [0m
[48;2;100;150;255m───────────────────────
09:26:54 DEBUG - InputProcessor: Processing key 'Down'
09:26:54 DEBUG - InputProcessor: Executing command 'nav.down' for key 'Down'
09:26:54 DEBUG - InputProcessor: About to publish command.executed for 'nav.down'
09:26:54 DEBUG - EventBus received command.executed: nav.down
09:26:54 DEBUG - Screen.HandleCommand called with: 'nav.down'
09:26:54 DEBUG - ListScreen.HandleScreenCommand called with: nav.down
09:26:54 DEBUG - Moving down
09:26:54 DEBUG - InputProcessor: Published command.executed for 'nav.down'
09:26:54 DEBUG - DEBUG: RenderColumnHeaders() completed - columnLine: 'ID1 ID2           Created     Due            Task                                         '
09:26:54 DEBUG - DEBUG: RenderFooter() completed - footerY: 21
09:26:55 DEBUG - RENDER OUTPUT: Wrote 4344 bytes to ACTUAL-OUTPUT.txt
09:26:55 DEBUG - RENDER OUTPUT PREVIEW: [2J[H[1;1H[?25l[1;1H[48;2;100;150;255m[38;2;100;150;255m Tasks                                                                                    [0m
[48;2;100;150;255m───────────────────────
09:26:55 DEBUG - InputProcessor: Processing key 'Down'
09:26:55 DEBUG - InputProcessor: Executing command 'nav.down' for key 'Down'
09:26:55 DEBUG - InputProcessor: About to publish command.executed for 'nav.down'
09:26:55 DEBUG - EventBus received command.executed: nav.down
09:26:55 DEBUG - Screen.HandleCommand called with: 'nav.down'
09:26:55 DEBUG - ListScreen.HandleScreenCommand called with: nav.down
09:26:55 DEBUG - Moving down
09:26:55 DEBUG - InputProcessor: Published command.executed for 'nav.down'
09:26:55 DEBUG - DEBUG: RenderColumnHeaders() completed - columnLine: 'ID1 ID2           Created     Due            Task                                         '
09:26:55 DEBUG - DEBUG: RenderFooter() completed - footerY: 21
09:26:56 DEBUG - RENDER OUTPUT: Wrote 4344 bytes to ACTUAL-OUTPUT.txt
09:26:56 DEBUG - RENDER OUTPUT PREVIEW: [2J[H[1;1H[?25l[1;1H[48;2;100;150;255m[38;2;100;150;255m Tasks                                                                                    [0m
[48;2;100;150;255m───────────────────────
09:26:56 DEBUG - InputProcessor: Processing key 'Down'
09:26:56 DEBUG - InputProcessor: Executing command 'nav.down' for key 'Down'
09:26:56 DEBUG - InputProcessor: About to publish command.executed for 'nav.down'
09:26:56 DEBUG - EventBus received command.executed: nav.down
09:26:56 DEBUG - Screen.HandleCommand called with: 'nav.down'
09:26:56 DEBUG - ListScreen.HandleScreenCommand called with: nav.down
09:26:56 DEBUG - Moving down
09:26:56 DEBUG - InputProcessor: Published command.executed for 'nav.down'
09:26:56 DEBUG - DEBUG: RenderColumnHeaders() completed - columnLine: 'ID1 ID2           Created     Due            Task                                         '
09:26:56 DEBUG - DEBUG: RenderFooter() completed - footerY: 21
09:26:57 DEBUG - RENDER OUTPUT: Wrote 4344 bytes to ACTUAL-OUTPUT.txt
09:26:57 DEBUG - RENDER OUTPUT PREVIEW: [2J[H[1;1H[?25l[1;1H[48;2;100;150;255m[38;2;100;150;255m Tasks                                                                                    [0m
[48;2;100;150;255m───────────────────────
09:26:57 DEBUG - InputProcessor: Processing key 'Down'
09:26:57 DEBUG - InputProcessor: Executing command 'nav.down' for key 'Down'
09:26:57 DEBUG - InputProcessor: About to publish command.executed for 'nav.down'
09:26:57 DEBUG - EventBus received command.executed: nav.down
09:26:57 DEBUG - Screen.HandleCommand called with: 'nav.down'
09:26:57 DEBUG - ListScreen.HandleScreenCommand called with: nav.down
09:26:57 DEBUG - Moving down
09:26:57 DEBUG - InputProcessor: Published command.executed for 'nav.down'
09:26:57 DEBUG - DEBUG: RenderColumnHeaders() completed - columnLine: 'ID1 ID2           Created     Due            Task                                         '
09:26:57 DEBUG - DEBUG: RenderFooter() completed - footerY: 21
09:26:57 DEBUG - RENDER OUTPUT: Wrote 4344 bytes to ACTUAL-OUTPUT.txt
09:26:57 DEBUG - RENDER OUTPUT PREVIEW: [2J[H[1;1H[?25l[1;1H[48;2;100;150;255m[38;2;100;150;255m Tasks                                                                                    [0m
[48;2;100;150;255m───────────────────────
09:26:57 DEBUG - InputProcessor: Processing key 'Down'
09:26:57 DEBUG - InputProcessor: Executing command 'nav.down' for key 'Down'
09:26:57 DEBUG - InputProcessor: About to publish command.executed for 'nav.down'
09:26:57 DEBUG - EventBus received command.executed: nav.down
09:26:57 DEBUG - Screen.HandleCommand called with: 'nav.down'
09:26:57 DEBUG - ListScreen.HandleScreenCommand called with: nav.down
09:26:57 DEBUG - Moving down
09:26:57 DEBUG - InputProcessor: Published command.executed for 'nav.down'
09:26:57 DEBUG - DEBUG: RenderColumnHeaders() completed - columnLine: 'ID1 ID2           Created     Due            Task                                         '
09:26:57 DEBUG - DEBUG: RenderFooter() completed - footerY: 21
09:26:58 DEBUG - RENDER OUTPUT: Wrote 4344 bytes to ACTUAL-OUTPUT.txt
09:26:58 DEBUG - RENDER OUTPUT PREVIEW: [2J[H[1;1H[?25l[1;1H[48;2;100;150;255m[38;2;100;150;255m Tasks                                                                                    [0m
[48;2;100;150;255m───────────────────────
09:27:00 DEBUG - InputProcessor: Processing key 'Up'
09:27:00 DEBUG - InputProcessor: Executing command 'nav.up' for key 'Up'
09:27:00 DEBUG - InputProcessor: About to publish command.executed for 'nav.up'
09:27:00 DEBUG - EventBus received command.executed: nav.up
09:27:00 DEBUG - Screen.HandleCommand called with: 'nav.up'
09:27:00 DEBUG - ListScreen.HandleScreenCommand called with: nav.up
09:27:00 DEBUG - Moving up
09:27:00 DEBUG - InputProcessor: Published command.executed for 'nav.up'
09:27:00 DEBUG - DEBUG: RenderColumnHeaders() completed - columnLine: 'ID1 ID2           Created     Due            Task                                         '
09:27:00 DEBUG - DEBUG: RenderFooter() completed - footerY: 21
09:27:01 DEBUG - RENDER OUTPUT: Wrote 4344 bytes to ACTUAL-OUTPUT.txt
09:27:01 DEBUG - RENDER OUTPUT PREVIEW: [2J[H[1;1H[?25l[1;1H[48;2;100;150;255m[38;2;100;150;255m Tasks                                                                                    [0m
[48;2;100;150;255m───────────────────────
09:27:05 INFO  - Bootstrapper: Beginning application cleanup
09:27:05 DEBUG - RenderEngine: Console state restored
--- Log Initialized at 08/14/2025 09:39:16 ---
09:39:16 DEBUG - Registering all application services...
09:39:16 DEBUG - SimpleStateManager initialized with PowerShell-native state
09:39:16 DEBUG - InputProcessor: Default commands registered
09:39:16 DEBUG - InputProcessor: Default key mappings registered
09:39:16 INFO  - No user key mappings file found at /home/teej/projects/github/praxis/simpletaskpro/keymappings.json
09:39:16 INFO  - InputProcessor initialized
09:39:16 INFO  - RenderEngine initialized with 5 pooled string builders
09:39:18 INFO  - All application screens have been instantiated.
09:39:18 INFO  - SimpleTaskPro initialization complete.
09:39:18 INFO  - Application launcher running. Handing control to initial screen.
09:39:18 DEBUG - Screen TaskListScreen bounds set to 90x23
09:39:18 DEBUG - Screen TaskListScreen initializing...
09:39:18 DEBUG - Screen subscribing to command.executed events
09:39:18 DEBUG - ListScreen TaskListScreen post-construction setup complete
09:39:18 DEBUG - Screen TaskListScreen OnInitialize hook completed.
09:39:18 DEBUG - DEBUG: RenderColumnHeaders() completed - columnLine: 'ID1 ID2           Created     Due            Task                                         '
09:39:19 DEBUG - DEBUG: RenderFooter() completed - footerY: 21
09:39:19 DEBUG - RENDER OUTPUT: Wrote 4297 bytes to ACTUAL-OUTPUT.txt
09:39:19 DEBUG - RENDER OUTPUT PREVIEW: [2J[H[1;1H[?25l[1;1H[48;2;100;150;255m[38;2;100;150;255m Tasks                                                                                    [0m
[48;2;100;150;255m───────────────────────
09:39:22 DEBUG - InputProcessor: Processing key 'Down'
09:39:22 DEBUG - InputProcessor: Executing command 'nav.down' for key 'Down'
09:39:22 DEBUG - InputProcessor: About to publish command.executed for 'nav.down'
09:39:22 DEBUG - EventBus received command.executed: nav.down
09:39:22 DEBUG - Screen.HandleCommand called with: 'nav.down'
09:39:22 DEBUG - ListScreen.HandleScreenCommand called with: nav.down
09:39:22 DEBUG - Moving down
09:39:22 DEBUG - InputProcessor: Published command.executed for 'nav.down'
09:39:22 DEBUG - DEBUG: RenderColumnHeaders() completed - columnLine: 'ID1 ID2           Created     Due            Task                                         '
09:39:22 DEBUG - DEBUG: RenderFooter() completed - footerY: 21
09:39:22 DEBUG - RENDER OUTPUT: Wrote 4297 bytes to ACTUAL-OUTPUT.txt
09:39:22 DEBUG - RENDER OUTPUT PREVIEW: [2J[H[1;1H[?25l[1;1H[48;2;100;150;255m[38;2;100;150;255m Tasks                                                                                    [0m
[48;2;100;150;255m───────────────────────
09:39:23 DEBUG - InputProcessor: Processing key 'Down'
09:39:23 DEBUG - InputProcessor: Executing command 'nav.down' for key 'Down'
09:39:23 DEBUG - InputProcessor: About to publish command.executed for 'nav.down'
09:39:23 DEBUG - EventBus received command.executed: nav.down
09:39:23 DEBUG - Screen.HandleCommand called with: 'nav.down'
09:39:23 DEBUG - ListScreen.HandleScreenCommand called with: nav.down
09:39:23 DEBUG - Moving down
09:39:23 DEBUG - InputProcessor: Published command.executed for 'nav.down'
09:39:23 DEBUG - DEBUG: RenderColumnHeaders() completed - columnLine: 'ID1 ID2           Created     Due            Task                                         '
09:39:23 DEBUG - DEBUG: RenderFooter() completed - footerY: 21
09:39:23 DEBUG - RENDER OUTPUT: Wrote 4297 bytes to ACTUAL-OUTPUT.txt
09:39:23 DEBUG - RENDER OUTPUT PREVIEW: [2J[H[1;1H[?25l[1;1H[48;2;100;150;255m[38;2;100;150;255m Tasks                                                                                    [0m
[48;2;100;150;255m───────────────────────
09:39:23 DEBUG - InputProcessor: Processing key 'Down'
09:39:23 DEBUG - InputProcessor: Executing command 'nav.down' for key 'Down'
09:39:23 DEBUG - InputProcessor: About to publish command.executed for 'nav.down'
09:39:23 DEBUG - EventBus received command.executed: nav.down
09:39:23 DEBUG - Screen.HandleCommand called with: 'nav.down'
09:39:23 DEBUG - ListScreen.HandleScreenCommand called with: nav.down
09:39:23 DEBUG - Moving down
09:39:23 DEBUG - InputProcessor: Published command.executed for 'nav.down'
09:39:23 DEBUG - DEBUG: RenderColumnHeaders() completed - columnLine: 'ID1 ID2           Created     Due            Task                                         '
09:39:23 DEBUG - DEBUG: RenderFooter() completed - footerY: 21
09:39:23 DEBUG - RENDER OUTPUT: Wrote 4297 bytes to ACTUAL-OUTPUT.txt
09:39:23 DEBUG - RENDER OUTPUT PREVIEW: [2J[H[1;1H[?25l[1;1H[48;2;100;150;255m[38;2;100;150;255m Tasks                                                                                    [0m
[48;2;100;150;255m───────────────────────
09:39:23 DEBUG - InputProcessor: Processing key 'Down'
09:39:23 DEBUG - InputProcessor: Executing command 'nav.down' for key 'Down'
09:39:23 DEBUG - InputProcessor: About to publish command.executed for 'nav.down'
09:39:23 DEBUG - EventBus received command.executed: nav.down
09:39:23 DEBUG - Screen.HandleCommand called with: 'nav.down'
09:39:23 DEBUG - ListScreen.HandleScreenCommand called with: nav.down
09:39:23 DEBUG - Moving down
09:39:23 DEBUG - InputProcessor: Published command.executed for 'nav.down'
09:39:23 DEBUG - DEBUG: RenderColumnHeaders() completed - columnLine: 'ID1 ID2           Created     Due            Task                                         '
09:39:23 DEBUG - DEBUG: RenderFooter() completed - footerY: 21
09:39:24 DEBUG - RENDER OUTPUT: Wrote 4297 bytes to ACTUAL-OUTPUT.txt
09:39:24 DEBUG - RENDER OUTPUT PREVIEW: [2J[H[1;1H[?25l[1;1H[48;2;100;150;255m[38;2;100;150;255m Tasks                                                                                    [0m
[48;2;100;150;255m───────────────────────
09:39:24 DEBUG - InputProcessor: Processing key 'Down'
09:39:24 DEBUG - InputProcessor: Executing command 'nav.down' for key 'Down'
09:39:24 DEBUG - InputProcessor: About to publish command.executed for 'nav.down'
09:39:24 DEBUG - EventBus received command.executed: nav.down
09:39:24 DEBUG - Screen.HandleCommand called with: 'nav.down'
09:39:24 DEBUG - ListScreen.HandleScreenCommand called with: nav.down
09:39:24 DEBUG - Moving down
09:39:24 DEBUG - InputProcessor: Published command.executed for 'nav.down'
09:39:24 DEBUG - DEBUG: RenderColumnHeaders() completed - columnLine: 'ID1 ID2           Created     Due            Task                                         '
09:39:24 DEBUG - DEBUG: RenderFooter() completed - footerY: 21
09:39:24 DEBUG - RENDER OUTPUT: Wrote 4297 bytes to ACTUAL-OUTPUT.txt
09:39:24 DEBUG - RENDER OUTPUT PREVIEW: [2J[H[1;1H[?25l[1;1H[48;2;100;150;255m[38;2;100;150;255m Tasks                                                                                    [0m
[48;2;100;150;255m───────────────────────
09:39:25 DEBUG - InputProcessor: Processing key 'Up'
09:39:25 DEBUG - InputProcessor: Executing command 'nav.up' for key 'Up'
09:39:25 DEBUG - InputProcessor: About to publish command.executed for 'nav.up'
09:39:25 DEBUG - EventBus received command.executed: nav.up
09:39:25 DEBUG - Screen.HandleCommand called with: 'nav.up'
09:39:25 DEBUG - ListScreen.HandleScreenCommand called with: nav.up
09:39:25 DEBUG - Moving up
09:39:25 DEBUG - InputProcessor: Published command.executed for 'nav.up'
09:39:25 DEBUG - DEBUG: RenderColumnHeaders() completed - columnLine: 'ID1 ID2           Created     Due            Task                                         '
09:39:25 DEBUG - DEBUG: RenderFooter() completed - footerY: 21
09:39:25 DEBUG - RENDER OUTPUT: Wrote 4297 bytes to ACTUAL-OUTPUT.txt
09:39:25 DEBUG - RENDER OUTPUT PREVIEW: [2J[H[1;1H[?25l[1;1H[48;2;100;150;255m[38;2;100;150;255m Tasks                                                                                    [0m
[48;2;100;150;255m───────────────────────
09:39:25 DEBUG - InputProcessor: Processing key 'Up'
09:39:25 DEBUG - InputProcessor: Executing command 'nav.up' for key 'Up'
09:39:25 DEBUG - InputProcessor: About to publish command.executed for 'nav.up'
09:39:25 DEBUG - EventBus received command.executed: nav.up
09:39:25 DEBUG - Screen.HandleCommand called with: 'nav.up'
09:39:25 DEBUG - ListScreen.HandleScreenCommand called with: nav.up
09:39:25 DEBUG - Moving up
09:39:25 DEBUG - InputProcessor: Published command.executed for 'nav.up'
09:39:25 DEBUG - DEBUG: RenderColumnHeaders() completed - columnLine: 'ID1 ID2           Created     Due            Task                                         '
09:39:25 DEBUG - DEBUG: RenderFooter() completed - footerY: 21
09:39:25 DEBUG - RENDER OUTPUT: Wrote 4297 bytes to ACTUAL-OUTPUT.txt
09:39:25 DEBUG - RENDER OUTPUT PREVIEW: [2J[H[1;1H[?25l[1;1H[48;2;100;150;255m[38;2;100;150;255m Tasks                                                                                    [0m
[48;2;100;150;255m───────────────────────
09:39:25 DEBUG - InputProcessor: Processing key 'Up'
09:39:25 DEBUG - InputProcessor: Executing command 'nav.up' for key 'Up'
09:39:25 DEBUG - InputProcessor: About to publish command.executed for 'nav.up'
09:39:25 DEBUG - EventBus received command.executed: nav.up
09:39:25 DEBUG - Screen.HandleCommand called with: 'nav.up'
09:39:25 DEBUG - ListScreen.HandleScreenCommand called with: nav.up
09:39:25 DEBUG - Moving up
09:39:25 DEBUG - InputProcessor: Published command.executed for 'nav.up'
09:39:25 DEBUG - DEBUG: RenderColumnHeaders() completed - columnLine: 'ID1 ID2           Created     Due            Task                                         '
09:39:25 DEBUG - DEBUG: RenderFooter() completed - footerY: 21
09:39:26 DEBUG - RENDER OUTPUT: Wrote 4297 bytes to ACTUAL-OUTPUT.txt
09:39:26 DEBUG - RENDER OUTPUT PREVIEW: [2J[H[1;1H[?25l[1;1H[48;2;100;150;255m[38;2;100;150;255m Tasks                                                                                    [0m
[48;2;100;150;255m───────────────────────
09:39:26 DEBUG - InputProcessor: Processing key 'Up'
09:39:26 DEBUG - InputProcessor: Executing command 'nav.up' for key 'Up'
09:39:26 DEBUG - InputProcessor: About to publish command.executed for 'nav.up'
09:39:26 DEBUG - EventBus received command.executed: nav.up
09:39:26 DEBUG - Screen.HandleCommand called with: 'nav.up'
09:39:26 DEBUG - ListScreen.HandleScreenCommand called with: nav.up
09:39:26 DEBUG - Moving up
09:39:26 DEBUG - InputProcessor: Published command.executed for 'nav.up'
09:39:26 DEBUG - DEBUG: RenderColumnHeaders() completed - columnLine: 'ID1 ID2           Created     Due            Task                                         '
09:39:26 DEBUG - DEBUG: RenderFooter() completed - footerY: 21
09:39:26 DEBUG - RENDER OUTPUT: Wrote 4297 bytes to ACTUAL-OUTPUT.txt
09:39:26 DEBUG - RENDER OUTPUT PREVIEW: [2J[H[1;1H[?25l[1;1H[48;2;100;150;255m[38;2;100;150;255m Tasks                                                                                    [0m
[48;2;100;150;255m───────────────────────
09:39:26 DEBUG - InputProcessor: Processing key 'Up'
09:39:26 DEBUG - InputProcessor: Executing command 'nav.up' for key 'Up'
09:39:26 DEBUG - InputProcessor: About to publish command.executed for 'nav.up'
09:39:26 DEBUG - EventBus received command.executed: nav.up
09:39:26 DEBUG - Screen.HandleCommand called with: 'nav.up'
09:39:26 DEBUG - ListScreen.HandleScreenCommand called with: nav.up
09:39:26 DEBUG - Moving up
09:39:26 DEBUG - InputProcessor: Published command.executed for 'nav.up'
09:39:26 DEBUG - DEBUG: RenderColumnHeaders() completed - columnLine: 'ID1 ID2           Created     Due            Task                                         '
09:39:26 DEBUG - DEBUG: RenderFooter() completed - footerY: 21
09:39:26 DEBUG - RENDER OUTPUT: Wrote 4297 bytes to ACTUAL-OUTPUT.txt
09:39:26 DEBUG - RENDER OUTPUT PREVIEW: [2J[H[1;1H[?25l[1;1H[48;2;100;150;255m[38;2;100;150;255m Tasks                                                                                    [0m
[48;2;100;150;255m───────────────────────
09:39:26 DEBUG - InputProcessor: Processing key 'Up'
09:39:26 DEBUG - InputProcessor: Executing command 'nav.up' for key 'Up'
09:39:26 DEBUG - InputProcessor: About to publish command.executed for 'nav.up'
09:39:26 DEBUG - EventBus received command.executed: nav.up
09:39:26 DEBUG - Screen.HandleCommand called with: 'nav.up'
09:39:26 DEBUG - ListScreen.HandleScreenCommand called with: nav.up
09:39:26 DEBUG - Moving up
09:39:26 DEBUG - InputProcessor: Published command.executed for 'nav.up'
09:39:26 DEBUG - DEBUG: RenderColumnHeaders() completed - columnLine: 'ID1 ID2           Created     Due            Task                                         '
09:39:26 DEBUG - DEBUG: RenderFooter() completed - footerY: 21
09:39:26 DEBUG - RENDER OUTPUT: Wrote 4297 bytes to ACTUAL-OUTPUT.txt
09:39:26 DEBUG - RENDER OUTPUT PREVIEW: [2J[H[1;1H[?25l[1;1H[48;2;100;150;255m[38;2;100;150;255m Tasks                                                                                    [0m
[48;2;100;150;255m───────────────────────
09:39:26 DEBUG - InputProcessor: Processing key 'Up'
09:39:26 DEBUG - InputProcessor: Executing command 'nav.up' for key 'Up'
09:39:26 DEBUG - InputProcessor: About to publish command.executed for 'nav.up'
09:39:26 DEBUG - EventBus received command.executed: nav.up
09:39:26 DEBUG - Screen.HandleCommand called with: 'nav.up'
09:39:26 DEBUG - ListScreen.HandleScreenCommand called with: nav.up
09:39:26 DEBUG - Moving up
09:39:26 DEBUG - InputProcessor: Published command.executed for 'nav.up'
09:39:26 DEBUG - DEBUG: RenderColumnHeaders() completed - columnLine: 'ID1 ID2           Created     Due            Task                                         '
09:39:26 DEBUG - DEBUG: RenderFooter() completed - footerY: 21
09:39:26 DEBUG - RENDER OUTPUT: Wrote 4297 bytes to ACTUAL-OUTPUT.txt
09:39:26 DEBUG - RENDER OUTPUT PREVIEW: [2J[H[1;1H[?25l[1;1H[48;2;100;150;255m[38;2;100;150;255m Tasks                                                                                    [0m
[48;2;100;150;255m───────────────────────
09:39:33 INFO  - Bootstrapper: Beginning application cleanup
09:39:33 DEBUG - RenderEngine: Console state restored
--- Log Initialized at 08/14/2025 11:05:51 ---
11:05:51 DEBUG - Registering all application services...
11:05:51 DEBUG - SimpleStateManager initialized with PowerShell-native state
11:05:51 DEBUG - InputProcessor: Default commands registered
11:05:51 DEBUG - InputProcessor: Default key mappings registered
11:05:52 INFO  - No user key mappings file found at /home/teej/projects/github/praxis/simpletaskpro/keymappings.json
11:05:52 INFO  - InputProcessor initialized
11:05:52 INFO  - RenderEngine initialized with 5 pooled string builders
11:05:54 INFO  - All application screens have been instantiated.
11:05:54 INFO  - SimpleTaskPro initialization complete.
11:05:54 INFO  - Application launcher running. Handing control to initial screen.
11:05:54 DEBUG - Screen TaskListScreen bounds set to 80x24
11:05:54 DEBUG - Screen TaskListScreen initializing...
11:05:54 DEBUG - Screen subscribing to command.executed events
11:05:54 DEBUG - ListScreen TaskListScreen post-construction setup complete
11:05:54 DEBUG - Screen TaskListScreen OnInitialize hook completed.
11:05:54 DEBUG - DEBUG: RenderColumnHeaders() completed - columnLine: 'ID1 ID2           Created     Due            Task                               '
11:05:54 DEBUG - DEBUG: RenderFooter() completed - footerY: 22
11:05:55 DEBUG - RENDER OUTPUT: Wrote 4135 bytes to ACTUAL-OUTPUT.txt
11:05:55 DEBUG - RENDER OUTPUT PREVIEW: [2J[H[1;1H[?25l[1;1H[48;2;100;150;255m[38;2;100;150;255m Tasks                                                                          [0m
[48;2;100;150;255m─────────────────────────────────
11:05:55 INFO  - Bootstrapper: Beginning application cleanup
11:05:55 DEBUG - RenderEngine: Console state restored
--- Log Initialized at 08/14/2025 11:11:27 ---
11:11:27 DEBUG - Registering all application services...
11:11:27 DEBUG - SimpleStateManager initialized with PowerShell-native state
11:11:27 DEBUG - InputProcessor: Default commands registered
11:11:27 DEBUG - InputProcessor: Default key mappings registered
11:11:27 INFO  - No user key mappings file found at /home/teej/projects/github/praxis/simpletaskpro/keymappings.json
11:11:27 INFO  - InputProcessor initialized
11:11:27 INFO  - RenderEngine initialized with 5 pooled string builders
11:11:29 INFO  - All application screens have been instantiated.
11:11:29 INFO  - SimpleTaskPro initialization complete.
11:11:29 INFO  - Application launcher running. Handing control to initial screen.
11:11:29 DEBUG - Screen TaskListScreen bounds set to 90x23
11:11:29 DEBUG - Screen TaskListScreen initializing...
11:11:29 DEBUG - Screen subscribing to command.executed events
11:11:29 DEBUG - ListScreen TaskListScreen post-construction setup complete
11:11:29 DEBUG - Screen TaskListScreen OnInitialize hook completed.
11:11:29 DEBUG - DEBUG: RenderColumnHeaders() completed - columnLine: 'ID1 ID2           Created     Due            Task                                         '
11:11:30 DEBUG - DEBUG: RenderFooter() completed - footerY: 21
11:11:30 DEBUG - RENDER OUTPUT: Wrote 4395 bytes to ACTUAL-OUTPUT.txt
11:11:30 DEBUG - RENDER OUTPUT PREVIEW: [2J[H[1;1H[?25l[1;1H[48;2;100;150;255m[38;2;100;150;255m Tasks                                                                                    [0m
[48;2;100;150;255m───────────────────────
11:11:32 DEBUG - InputProcessor: Processing key 'Down'
11:11:32 DEBUG - InputProcessor: Executing command 'nav.down' for key 'Down'
11:11:32 DEBUG - InputProcessor: About to publish command.executed for 'nav.down'
11:11:32 DEBUG - EventBus received command.executed: nav.down
11:11:32 DEBUG - Screen.HandleCommand called with: 'nav.down'
11:11:32 DEBUG - ListScreen.HandleScreenCommand called with: nav.down
11:11:32 DEBUG - Moving down
11:11:32 DEBUG - InputProcessor: Published command.executed for 'nav.down'
11:11:32 DEBUG - DEBUG: RenderColumnHeaders() completed - columnLine: 'ID1 ID2           Created     Due            Task                                         '
11:11:32 DEBUG - DEBUG: RenderFooter() completed - footerY: 21
11:11:33 DEBUG - RENDER OUTPUT: Wrote 4395 bytes to ACTUAL-OUTPUT.txt
11:11:33 DEBUG - RENDER OUTPUT PREVIEW: [2J[H[1;1H[?25l[1;1H[48;2;100;150;255m[38;2;100;150;255m Tasks                                                                                    [0m
[48;2;100;150;255m───────────────────────
11:11:33 DEBUG - InputProcessor: Processing key 'Down'
11:11:33 DEBUG - InputProcessor: Executing command 'nav.down' for key 'Down'
11:11:33 DEBUG - InputProcessor: About to publish command.executed for 'nav.down'
11:11:33 DEBUG - EventBus received command.executed: nav.down
11:11:33 DEBUG - Screen.HandleCommand called with: 'nav.down'
11:11:33 DEBUG - ListScreen.HandleScreenCommand called with: nav.down
11:11:33 DEBUG - Moving down
11:11:33 DEBUG - InputProcessor: Published command.executed for 'nav.down'
11:11:33 DEBUG - DEBUG: RenderColumnHeaders() completed - columnLine: 'ID1 ID2           Created     Due            Task                                         '
11:11:33 DEBUG - DEBUG: RenderFooter() completed - footerY: 21
11:11:34 DEBUG - RENDER OUTPUT: Wrote 4395 bytes to ACTUAL-OUTPUT.txt
11:11:34 DEBUG - RENDER OUTPUT PREVIEW: [2J[H[1;1H[?25l[1;1H[48;2;100;150;255m[38;2;100;150;255m Tasks                                                                                    [0m
[48;2;100;150;255m───────────────────────
11:11:36 DEBUG - InputProcessor: Processing key 'e'
11:11:36 DEBUG - InputProcessor: Executing command 'action.edit' for key 'e'
11:11:36 DEBUG - InputProcessor: About to publish command.executed for 'action.edit'
11:11:36 DEBUG - EventBus received command.executed: action.edit
11:11:36 DEBUG - Screen.HandleCommand called with: 'action.edit'
11:11:36 DEBUG - ListScreen.HandleScreenCommand called with: action.edit
11:11:36 DEBUG - InputProcessor: Published command.executed for 'action.edit'
11:11:36 DEBUG - DEBUG: RenderColumnHeaders() completed - columnLine: 'ID1 ID2           Created     Due            Task                                         '
11:11:36 DEBUG - DEBUG: RenderFooter() completed - footerY: 21
11:11:37 DEBUG - RENDER OUTPUT: Wrote 4395 bytes to ACTUAL-OUTPUT.txt
11:11:37 DEBUG - RENDER OUTPUT PREVIEW: [2J[H[1;1H[?25l[1;1H[48;2;100;150;255m[38;2;100;150;255m Tasks                                                                                    [0m
[48;2;100;150;255m───────────────────────
11:11:38 DEBUG - InputProcessor: Processing key 'Up'
11:11:38 DEBUG - InputProcessor: Executing command 'nav.up' for key 'Up'
11:11:38 DEBUG - InputProcessor: About to publish command.executed for 'nav.up'
11:11:38 DEBUG - EventBus received command.executed: nav.up
11:11:38 DEBUG - Screen.HandleCommand called with: 'nav.up'
11:11:38 DEBUG - ListScreen.HandleScreenCommand called with: nav.up
11:11:38 DEBUG - Moving up
11:11:38 DEBUG - InputProcessor: Published command.executed for 'nav.up'
11:11:38 DEBUG - DEBUG: RenderColumnHeaders() completed - columnLine: 'ID1 ID2           Created     Due            Task                                         '
11:11:38 DEBUG - DEBUG: RenderFooter() completed - footerY: 21
11:11:38 DEBUG - RENDER OUTPUT: Wrote 4395 bytes to ACTUAL-OUTPUT.txt
11:11:38 DEBUG - RENDER OUTPUT PREVIEW: [2J[H[1;1H[?25l[1;1H[48;2;100;150;255m[38;2;100;150;255m Tasks                                                                                    [0m
[48;2;100;150;255m───────────────────────
11:11:40 DEBUG - InputProcessor: Processing key 'n'
11:11:40 DEBUG - InputProcessor: Executing command 'action.new' for key 'n'
11:11:40 DEBUG - InputProcessor: About to publish command.executed for 'action.new'
11:11:40 DEBUG - EventBus received command.executed: action.new
11:11:40 DEBUG - Screen.HandleCommand called with: 'action.new'
11:11:40 DEBUG - ListScreen.HandleScreenCommand called with: action.new
11:11:40 DEBUG - InputProcessor: Published command.executed for 'action.new'
11:11:40 DEBUG - DEBUG: RenderColumnHeaders() completed - columnLine: 'ID1 ID2           Created     Due            Task                                         '
11:11:40 DEBUG - DEBUG: RenderFooter() completed - footerY: 21
11:11:40 DEBUG - RENDER OUTPUT: Wrote 4395 bytes to ACTUAL-OUTPUT.txt
11:11:40 DEBUG - RENDER OUTPUT PREVIEW: [2J[H[1;1H[?25l[1;1H[48;2;100;150;255m[38;2;100;150;255m Tasks                                                                                    [0m
[48;2;100;150;255m───────────────────────
11:11:41 DEBUG - InputProcessor: Processing key 'Down'
11:11:41 DEBUG - InputProcessor: Executing command 'nav.down' for key 'Down'
11:11:41 DEBUG - InputProcessor: About to publish command.executed for 'nav.down'
11:11:41 DEBUG - EventBus received command.executed: nav.down
11:11:41 DEBUG - Screen.HandleCommand called with: 'nav.down'
11:11:41 DEBUG - ListScreen.HandleScreenCommand called with: nav.down
11:11:41 DEBUG - Moving down
11:11:41 DEBUG - InputProcessor: Published command.executed for 'nav.down'
11:11:41 DEBUG - DEBUG: RenderColumnHeaders() completed - columnLine: 'ID1 ID2           Created     Due            Task                                         '
11:11:41 DEBUG - DEBUG: RenderFooter() completed - footerY: 21
11:11:41 DEBUG - RENDER OUTPUT: Wrote 4395 bytes to ACTUAL-OUTPUT.txt
11:11:41 DEBUG - RENDER OUTPUT PREVIEW: [2J[H[1;1H[?25l[1;1H[48;2;100;150;255m[38;2;100;150;255m Tasks                                                                                    [0m
[48;2;100;150;255m───────────────────────
11:11:44 INFO  - Bootstrapper: Beginning application cleanup
11:11:44 DEBUG - RenderEngine: Console state restored
--- Log Initialized at 08/14/2025 11:19:08 ---
11:19:08 DEBUG - Registering all application services...
11:19:08 DEBUG - SimpleStateManager initialized with PowerShell-native state
11:19:08 DEBUG - InputProcessor: Default commands registered
11:19:08 DEBUG - InputProcessor: Default key mappings registered
11:19:08 INFO  - No user key mappings file found at /home/teej/projects/github/praxis/simpletaskpro/keymappings.json
11:19:08 INFO  - InputProcessor initialized
11:19:08 INFO  - RenderEngine initialized with 5 pooled string builders
11:19:11 INFO  - All application screens have been instantiated.
11:19:11 INFO  - SimpleTaskPro initialization complete.
11:19:11 INFO  - Application launcher running. Handing control to initial screen.
11:19:11 DEBUG - Screen TaskListScreen bounds set to 80x24
11:19:11 DEBUG - Screen TaskListScreen initializing...
11:19:11 DEBUG - Screen subscribing to command.executed events
11:19:11 DEBUG - ListScreen TaskListScreen post-construction setup complete
11:19:11 DEBUG - Screen TaskListScreen OnInitialize hook completed.
11:19:11 DEBUG - DEBUG: RenderColumnHeaders() completed - columnLine: 'ID1 ID2           Created     Due            Task                               '
11:19:12 DEBUG - DEBUG: RenderFooter() completed - footerY: 22
11:19:12 INFO  - Bootstrapper: Beginning application cleanup
11:19:12 DEBUG - RenderEngine: Console state restored
--- Log Initialized at 08/14/2025 11:29:31 ---
11:29:31 DEBUG - Registering all application services...
11:29:31 DEBUG - SimpleStateManager initialized with PowerShell-native state
11:29:31 DEBUG - InputProcessor: Default commands registered
11:29:31 DEBUG - InputProcessor: Default key mappings registered
11:29:31 INFO  - No user key mappings file found at /home/teej/projects/github/praxis/simpletaskpro/keymappings.json
11:29:31 INFO  - InputProcessor initialized
11:29:31 INFO  - RenderEngine initialized with 5 pooled string builders
11:29:33 INFO  - All application screens have been instantiated.
11:29:33 INFO  - SimpleTaskPro initialization complete.
11:29:33 INFO  - Application launcher running. Handing control to initial screen.
11:29:33 DEBUG - Screen TaskListScreen bounds set to 90x23
11:29:34 DEBUG - Screen TaskListScreen initializing...
11:29:34 DEBUG - Screen subscribing to command.executed events
11:29:34 DEBUG - ListScreen TaskListScreen post-construction setup complete
11:29:34 DEBUG - Screen TaskListScreen OnInitialize hook completed.
11:29:34 DEBUG - DEBUG: RenderColumnHeaders() completed - columnLine: 'ID1 ID2           Created     Due            Task                                         '
11:29:34 DEBUG - DEBUG: RenderFooter() completed - footerY: 21
11:29:35 DEBUG - RENDER OUTPUT: Wrote 4321 bytes to ACTUAL-OUTPUT.txt
11:29:35 DEBUG - RENDER OUTPUT PREVIEW: [2J[H[1;1H[?25l[1;1H[48;2;100;150;255m[38;2;100;150;255m Tasks                                                                                    [0m
[48;2;100;150;255m───────────────────────
11:29:38 DEBUG - InputProcessor: Processing key 'Down'
11:29:38 DEBUG - InputProcessor: Executing command 'nav.down' for key 'Down'
11:29:38 DEBUG - InputProcessor: About to publish command.executed for 'nav.down'
11:29:38 DEBUG - EventBus received command.executed: nav.down
11:29:38 DEBUG - Screen.HandleCommand called with: 'nav.down'
11:29:38 DEBUG - ListScreen.HandleScreenCommand called with: nav.down
11:29:38 DEBUG - Moving down
11:29:38 DEBUG - InputProcessor: Published command.executed for 'nav.down'
11:29:38 DEBUG - DEBUG: RenderColumnHeaders() completed - columnLine: 'ID1 ID2           Created     Due            Task                                         '
11:29:38 DEBUG - DEBUG: RenderFooter() completed - footerY: 21
11:29:38 DEBUG - RENDER OUTPUT: Wrote 4321 bytes to ACTUAL-OUTPUT.txt
11:29:39 DEBUG - RENDER OUTPUT PREVIEW: [2J[H[1;1H[?25l[1;1H[48;2;100;150;255m[38;2;100;150;255m Tasks                                                                                    [0m
[48;2;100;150;255m───────────────────────
11:29:39 DEBUG - InputProcessor: Processing key 'Down'
11:29:39 DEBUG - InputProcessor: Executing command 'nav.down' for key 'Down'
11:29:39 DEBUG - InputProcessor: About to publish command.executed for 'nav.down'
11:29:39 DEBUG - EventBus received command.executed: nav.down
11:29:39 DEBUG - Screen.HandleCommand called with: 'nav.down'
11:29:39 DEBUG - ListScreen.HandleScreenCommand called with: nav.down
11:29:39 DEBUG - Moving down
11:29:39 DEBUG - InputProcessor: Published command.executed for 'nav.down'
11:29:39 DEBUG - DEBUG: RenderColumnHeaders() completed - columnLine: 'ID1 ID2           Created     Due            Task                                         '
11:29:39 DEBUG - DEBUG: RenderFooter() completed - footerY: 21
11:29:39 DEBUG - RENDER OUTPUT: Wrote 4321 bytes to ACTUAL-OUTPUT.txt
11:29:39 DEBUG - RENDER OUTPUT PREVIEW: [2J[H[1;1H[?25l[1;1H[48;2;100;150;255m[38;2;100;150;255m Tasks                                                                                    [0m
[48;2;100;150;255m───────────────────────
11:29:40 DEBUG - InputProcessor: Processing key 'Down'
11:29:40 DEBUG - InputProcessor: Executing command 'nav.down' for key 'Down'
11:29:40 DEBUG - InputProcessor: About to publish command.executed for 'nav.down'
11:29:40 DEBUG - EventBus received command.executed: nav.down
11:29:40 DEBUG - Screen.HandleCommand called with: 'nav.down'
11:29:40 DEBUG - ListScreen.HandleScreenCommand called with: nav.down
11:29:40 DEBUG - Moving down
11:29:40 DEBUG - InputProcessor: Published command.executed for 'nav.down'
11:29:40 DEBUG - DEBUG: RenderColumnHeaders() completed - columnLine: 'ID1 ID2           Created     Due            Task                                         '
11:29:40 DEBUG - DEBUG: RenderFooter() completed - footerY: 21
11:29:40 DEBUG - RENDER OUTPUT: Wrote 4321 bytes to ACTUAL-OUTPUT.txt
11:29:40 DEBUG - RENDER OUTPUT PREVIEW: [2J[H[1;1H[?25l[1;1H[48;2;100;150;255m[38;2;100;150;255m Tasks                                                                                    [0m
[48;2;100;150;255m───────────────────────
11:29:40 DEBUG - InputProcessor: Processing key 'Down'
11:29:40 DEBUG - InputProcessor: Executing command 'nav.down' for key 'Down'
11:29:40 DEBUG - InputProcessor: About to publish command.executed for 'nav.down'
11:29:40 DEBUG - EventBus received command.executed: nav.down
11:29:40 DEBUG - Screen.HandleCommand called with: 'nav.down'
11:29:40 DEBUG - ListScreen.HandleScreenCommand called with: nav.down
11:29:40 DEBUG - Moving down
11:29:40 DEBUG - InputProcessor: Published command.executed for 'nav.down'
11:29:40 DEBUG - DEBUG: RenderColumnHeaders() completed - columnLine: 'ID1 ID2           Created     Due            Task                                         '
11:29:40 DEBUG - DEBUG: RenderFooter() completed - footerY: 21
11:29:41 DEBUG - RENDER OUTPUT: Wrote 4321 bytes to ACTUAL-OUTPUT.txt
11:29:41 DEBUG - RENDER OUTPUT PREVIEW: [2J[H[1;1H[?25l[1;1H[48;2;100;150;255m[38;2;100;150;255m Tasks                                                                                    [0m
[48;2;100;150;255m───────────────────────
11:29:41 DEBUG - InputProcessor: Processing key 'Down'
11:29:41 DEBUG - InputProcessor: Executing command 'nav.down' for key 'Down'
11:29:41 DEBUG - InputProcessor: About to publish command.executed for 'nav.down'
11:29:41 DEBUG - EventBus received command.executed: nav.down
11:29:41 DEBUG - Screen.HandleCommand called with: 'nav.down'
11:29:41 DEBUG - ListScreen.HandleScreenCommand called with: nav.down
11:29:41 DEBUG - Moving down
11:29:41 DEBUG - InputProcessor: Published command.executed for 'nav.down'
11:29:41 DEBUG - DEBUG: RenderColumnHeaders() completed - columnLine: 'ID1 ID2           Created     Due            Task                                         '
11:29:41 DEBUG - DEBUG: RenderFooter() completed - footerY: 21
11:29:42 DEBUG - RENDER OUTPUT: Wrote 4321 bytes to ACTUAL-OUTPUT.txt
11:29:42 DEBUG - RENDER OUTPUT PREVIEW: [2J[H[1;1H[?25l[1;1H[48;2;100;150;255m[38;2;100;150;255m Tasks                                                                                    [0m
[48;2;100;150;255m───────────────────────
11:29:42 DEBUG - InputProcessor: Processing key 'Up'
11:29:42 DEBUG - InputProcessor: Executing command 'nav.up' for key 'Up'
11:29:42 DEBUG - InputProcessor: About to publish command.executed for 'nav.up'
11:29:42 DEBUG - EventBus received command.executed: nav.up
11:29:42 DEBUG - Screen.HandleCommand called with: 'nav.up'
11:29:42 DEBUG - ListScreen.HandleScreenCommand called with: nav.up
11:29:42 DEBUG - Moving up
11:29:42 DEBUG - InputProcessor: Published command.executed for 'nav.up'
11:29:42 DEBUG - DEBUG: RenderColumnHeaders() completed - columnLine: 'ID1 ID2           Created     Due            Task                                         '
11:29:42 DEBUG - DEBUG: RenderFooter() completed - footerY: 21
11:29:43 DEBUG - RENDER OUTPUT: Wrote 4321 bytes to ACTUAL-OUTPUT.txt
11:29:43 DEBUG - RENDER OUTPUT PREVIEW: [2J[H[1;1H[?25l[1;1H[48;2;100;150;255m[38;2;100;150;255m Tasks                                                                                    [0m
[48;2;100;150;255m───────────────────────
11:29:43 DEBUG - InputProcessor: Processing key 'Up'
11:29:43 DEBUG - InputProcessor: Executing command 'nav.up' for key 'Up'
11:29:43 DEBUG - InputProcessor: About to publish command.executed for 'nav.up'
11:29:43 DEBUG - EventBus received command.executed: nav.up
11:29:43 DEBUG - Screen.HandleCommand called with: 'nav.up'
11:29:43 DEBUG - ListScreen.HandleScreenCommand called with: nav.up
11:29:43 DEBUG - Moving up
11:29:43 DEBUG - InputProcessor: Published command.executed for 'nav.up'
11:29:43 DEBUG - DEBUG: RenderColumnHeaders() completed - columnLine: 'ID1 ID2           Created     Due            Task                                         '
11:29:43 DEBUG - DEBUG: RenderFooter() completed - footerY: 21
11:29:43 DEBUG - RENDER OUTPUT: Wrote 4321 bytes to ACTUAL-OUTPUT.txt
11:29:43 DEBUG - RENDER OUTPUT PREVIEW: [2J[H[1;1H[?25l[1;1H[48;2;100;150;255m[38;2;100;150;255m Tasks                                                                                    [0m
[48;2;100;150;255m───────────────────────
11:29:43 DEBUG - InputProcessor: Processing key 'Up'
11:29:43 DEBUG - InputProcessor: Executing command 'nav.up' for key 'Up'
11:29:43 DEBUG - InputProcessor: About to publish command.executed for 'nav.up'
11:29:43 DEBUG - EventBus received command.executed: nav.up
11:29:43 DEBUG - Screen.HandleCommand called with: 'nav.up'
11:29:43 DEBUG - ListScreen.HandleScreenCommand called with: nav.up
11:29:43 DEBUG - Moving up
11:29:43 DEBUG - InputProcessor: Published command.executed for 'nav.up'
11:29:43 DEBUG - DEBUG: RenderColumnHeaders() completed - columnLine: 'ID1 ID2           Created     Due            Task                                         '
11:29:43 DEBUG - DEBUG: RenderFooter() completed - footerY: 21
11:29:43 DEBUG - RENDER OUTPUT: Wrote 4321 bytes to ACTUAL-OUTPUT.txt
11:29:43 DEBUG - RENDER OUTPUT PREVIEW: [2J[H[1;1H[?25l[1;1H[48;2;100;150;255m[38;2;100;150;255m Tasks                                                                                    [0m
[48;2;100;150;255m───────────────────────
11:29:43 DEBUG - InputProcessor: Processing key 'Up'
11:29:43 DEBUG - InputProcessor: Executing command 'nav.up' for key 'Up'
11:29:43 DEBUG - InputProcessor: About to publish command.executed for 'nav.up'
11:29:43 DEBUG - EventBus received command.executed: nav.up
11:29:44 DEBUG - Screen.HandleCommand called with: 'nav.up'
11:29:44 DEBUG - ListScreen.HandleScreenCommand called with: nav.up
11:29:44 DEBUG - Moving up
11:29:44 DEBUG - InputProcessor: Published command.executed for 'nav.up'
11:29:44 DEBUG - DEBUG: RenderColumnHeaders() completed - columnLine: 'ID1 ID2           Created     Due            Task                                         '
11:29:44 DEBUG - DEBUG: RenderFooter() completed - footerY: 21
11:29:44 DEBUG - RENDER OUTPUT: Wrote 4321 bytes to ACTUAL-OUTPUT.txt
11:29:44 DEBUG - RENDER OUTPUT PREVIEW: [2J[H[1;1H[?25l[1;1H[48;2;100;150;255m[38;2;100;150;255m Tasks                                                                                    [0m
[48;2;100;150;255m───────────────────────
11:29:44 DEBUG - InputProcessor: Processing key 'Up'
11:29:44 DEBUG - InputProcessor: Executing command 'nav.up' for key 'Up'
11:29:44 DEBUG - InputProcessor: About to publish command.executed for 'nav.up'
11:29:44 DEBUG - EventBus received command.executed: nav.up
11:29:44 DEBUG - Screen.HandleCommand called with: 'nav.up'
11:29:44 DEBUG - ListScreen.HandleScreenCommand called with: nav.up
11:29:44 DEBUG - Moving up
11:29:44 DEBUG - InputProcessor: Published command.executed for 'nav.up'
11:29:44 DEBUG - DEBUG: RenderColumnHeaders() completed - columnLine: 'ID1 ID2           Created     Due            Task                                         '
11:29:44 DEBUG - DEBUG: RenderFooter() completed - footerY: 21
11:29:44 DEBUG - RENDER OUTPUT: Wrote 4321 bytes to ACTUAL-OUTPUT.txt
11:29:44 DEBUG - RENDER OUTPUT PREVIEW: [2J[H[1;1H[?25l[1;1H[48;2;100;150;255m[38;2;100;150;255m Tasks                                                                                    [0m
[48;2;100;150;255m───────────────────────
11:29:44 DEBUG - InputProcessor: Processing key 'Up'
11:29:44 DEBUG - InputProcessor: Executing command 'nav.up' for key 'Up'
11:29:44 DEBUG - InputProcessor: About to publish command.executed for 'nav.up'
11:29:44 DEBUG - EventBus received command.executed: nav.up
11:29:44 DEBUG - Screen.HandleCommand called with: 'nav.up'
11:29:44 DEBUG - ListScreen.HandleScreenCommand called with: nav.up
11:29:44 DEBUG - Moving up
11:29:44 DEBUG - InputProcessor: Published command.executed for 'nav.up'
11:29:44 DEBUG - DEBUG: RenderColumnHeaders() completed - columnLine: 'ID1 ID2           Created     Due            Task                                         '
11:29:44 DEBUG - DEBUG: RenderFooter() completed - footerY: 21
11:29:44 DEBUG - RENDER OUTPUT: Wrote 4321 bytes to ACTUAL-OUTPUT.txt
11:29:44 DEBUG - RENDER OUTPUT PREVIEW: [2J[H[1;1H[?25l[1;1H[48;2;100;150;255m[38;2;100;150;255m Tasks                                                                                    [0m
[48;2;100;150;255m───────────────────────
11:29:44 DEBUG - InputProcessor: Processing key 'Up'
11:29:44 DEBUG - InputProcessor: Executing command 'nav.up' for key 'Up'
11:29:44 DEBUG - InputProcessor: About to publish command.executed for 'nav.up'
11:29:44 DEBUG - EventBus received command.executed: nav.up
11:29:44 DEBUG - Screen.HandleCommand called with: 'nav.up'
11:29:44 DEBUG - ListScreen.HandleScreenCommand called with: nav.up
11:29:44 DEBUG - Moving up
11:29:44 DEBUG - InputProcessor: Published command.executed for 'nav.up'
11:29:44 DEBUG - DEBUG: RenderColumnHeaders() completed - columnLine: 'ID1 ID2           Created     Due            Task                                         '
11:29:44 DEBUG - DEBUG: RenderFooter() completed - footerY: 21
11:29:45 DEBUG - RENDER OUTPUT: Wrote 4321 bytes to ACTUAL-OUTPUT.txt
11:29:45 DEBUG - RENDER OUTPUT PREVIEW: [2J[H[1;1H[?25l[1;1H[48;2;100;150;255m[38;2;100;150;255m Tasks                                                                                    [0m
[48;2;100;150;255m───────────────────────
11:29:45 DEBUG - InputProcessor: Processing key 'Up'
11:29:45 DEBUG - InputProcessor: Executing command 'nav.up' for key 'Up'
11:29:45 DEBUG - InputProcessor: About to publish command.executed for 'nav.up'
11:29:45 DEBUG - EventBus received command.executed: nav.up
11:29:45 DEBUG - Screen.HandleCommand called with: 'nav.up'
11:29:45 DEBUG - ListScreen.HandleScreenCommand called with: nav.up
11:29:45 DEBUG - Moving up
11:29:45 DEBUG - InputProcessor: Published command.executed for 'nav.up'
11:29:45 DEBUG - DEBUG: RenderColumnHeaders() completed - columnLine: 'ID1 ID2           Created     Due            Task                                         '
11:29:45 DEBUG - DEBUG: RenderFooter() completed - footerY: 21
11:29:45 DEBUG - RENDER OUTPUT: Wrote 4321 bytes to ACTUAL-OUTPUT.txt
11:29:45 DEBUG - RENDER OUTPUT PREVIEW: [2J[H[1;1H[?25l[1;1H[48;2;100;150;255m[38;2;100;150;255m Tasks                                                                                    [0m
[48;2;100;150;255m───────────────────────
11:29:45 DEBUG - InputProcessor: Processing key 'Down'
11:29:45 DEBUG - InputProcessor: Executing command 'nav.down' for key 'Down'
11:29:45 DEBUG - InputProcessor: About to publish command.executed for 'nav.down'
11:29:45 DEBUG - EventBus received command.executed: nav.down
11:29:45 DEBUG - Screen.HandleCommand called with: 'nav.down'
11:29:45 DEBUG - ListScreen.HandleScreenCommand called with: nav.down
11:29:45 DEBUG - Moving down
11:29:45 DEBUG - InputProcessor: Published command.executed for 'nav.down'
11:29:45 DEBUG - DEBUG: RenderColumnHeaders() completed - columnLine: 'ID1 ID2           Created     Due            Task                                         '
11:29:45 DEBUG - DEBUG: RenderFooter() completed - footerY: 21
11:29:45 DEBUG - RENDER OUTPUT: Wrote 4321 bytes to ACTUAL-OUTPUT.txt
11:29:45 DEBUG - RENDER OUTPUT PREVIEW: [2J[H[1;1H[?25l[1;1H[48;2;100;150;255m[38;2;100;150;255m Tasks                                                                                    [0m
[48;2;100;150;255m───────────────────────
11:29:45 DEBUG - InputProcessor: Processing key 'Down'
11:29:45 DEBUG - InputProcessor: Executing command 'nav.down' for key 'Down'
11:29:45 DEBUG - InputProcessor: About to publish command.executed for 'nav.down'
11:29:45 DEBUG - EventBus received command.executed: nav.down
11:29:45 DEBUG - Screen.HandleCommand called with: 'nav.down'
11:29:45 DEBUG - ListScreen.HandleScreenCommand called with: nav.down
11:29:45 DEBUG - Moving down
11:29:45 DEBUG - InputProcessor: Published command.executed for 'nav.down'
11:29:45 DEBUG - DEBUG: RenderColumnHeaders() completed - columnLine: 'ID1 ID2           Created     Due            Task                                         '
11:29:45 DEBUG - DEBUG: RenderFooter() completed - footerY: 21
11:29:45 DEBUG - RENDER OUTPUT: Wrote 4321 bytes to ACTUAL-OUTPUT.txt
11:29:45 DEBUG - RENDER OUTPUT PREVIEW: [2J[H[1;1H[?25l[1;1H[48;2;100;150;255m[38;2;100;150;255m Tasks                                                                                    [0m
[48;2;100;150;255m───────────────────────
11:29:45 DEBUG - InputProcessor: Processing key 'Down'
11:29:45 DEBUG - InputProcessor: Executing command 'nav.down' for key 'Down'
11:29:45 DEBUG - InputProcessor: About to publish command.executed for 'nav.down'
11:29:45 DEBUG - EventBus received command.executed: nav.down
11:29:45 DEBUG - Screen.HandleCommand called with: 'nav.down'
11:29:45 DEBUG - ListScreen.HandleScreenCommand called with: nav.down
11:29:45 DEBUG - Moving down
11:29:45 DEBUG - InputProcessor: Published command.executed for 'nav.down'
11:29:45 DEBUG - DEBUG: RenderColumnHeaders() completed - columnLine: 'ID1 ID2           Created     Due            Task                                         '
11:29:45 DEBUG - DEBUG: RenderFooter() completed - footerY: 21
11:29:46 DEBUG - RENDER OUTPUT: Wrote 4321 bytes to ACTUAL-OUTPUT.txt
11:29:46 DEBUG - RENDER OUTPUT PREVIEW: [2J[H[1;1H[?25l[1;1H[48;2;100;150;255m[38;2;100;150;255m Tasks                                                                                    [0m
[48;2;100;150;255m───────────────────────
11:29:46 DEBUG - InputProcessor: Processing key 'Down'
11:29:46 DEBUG - InputProcessor: Executing command 'nav.down' for key 'Down'
11:29:46 DEBUG - InputProcessor: About to publish command.executed for 'nav.down'
11:29:46 DEBUG - EventBus received command.executed: nav.down
11:29:46 DEBUG - Screen.HandleCommand called with: 'nav.down'
11:29:46 DEBUG - ListScreen.HandleScreenCommand called with: nav.down
11:29:46 DEBUG - Moving down
11:29:46 DEBUG - InputProcessor: Published command.executed for 'nav.down'
11:29:46 DEBUG - DEBUG: RenderColumnHeaders() completed - columnLine: 'ID1 ID2           Created     Due            Task                                         '
11:29:46 DEBUG - DEBUG: RenderFooter() completed - footerY: 21
11:29:46 DEBUG - RENDER OUTPUT: Wrote 4321 bytes to ACTUAL-OUTPUT.txt
11:29:46 DEBUG - RENDER OUTPUT PREVIEW: [2J[H[1;1H[?25l[1;1H[48;2;100;150;255m[38;2;100;150;255m Tasks                                                                                    [0m
[48;2;100;150;255m───────────────────────
11:29:46 DEBUG - InputProcessor: Processing key 'Down'
11:29:46 DEBUG - InputProcessor: Executing command 'nav.down' for key 'Down'
11:29:46 DEBUG - InputProcessor: About to publish command.executed for 'nav.down'
11:29:46 DEBUG - EventBus received command.executed: nav.down
11:29:46 DEBUG - Screen.HandleCommand called with: 'nav.down'
11:29:46 DEBUG - ListScreen.HandleScreenCommand called with: nav.down
11:29:46 DEBUG - Moving down
11:29:46 DEBUG - InputProcessor: Published command.executed for 'nav.down'
11:29:46 DEBUG - DEBUG: RenderColumnHeaders() completed - columnLine: 'ID1 ID2           Created     Due            Task                                         '
11:29:46 DEBUG - DEBUG: RenderFooter() completed - footerY: 21
11:29:46 DEBUG - RENDER OUTPUT: Wrote 4321 bytes to ACTUAL-OUTPUT.txt
11:29:46 DEBUG - RENDER OUTPUT PREVIEW: [2J[H[1;1H[?25l[1;1H[48;2;100;150;255m[38;2;100;150;255m Tasks                                                                                    [0m
[48;2;100;150;255m───────────────────────
11:29:46 DEBUG - InputProcessor: Processing key 'Down'
11:29:46 DEBUG - InputProcessor: Executing command 'nav.down' for key 'Down'
11:29:46 DEBUG - InputProcessor: About to publish command.executed for 'nav.down'
11:29:46 DEBUG - EventBus received command.executed: nav.down
11:29:46 DEBUG - Screen.HandleCommand called with: 'nav.down'
11:29:46 DEBUG - ListScreen.HandleScreenCommand called with: nav.down
11:29:46 DEBUG - Moving down
11:29:46 DEBUG - InputProcessor: Published command.executed for 'nav.down'
11:29:46 DEBUG - DEBUG: RenderColumnHeaders() completed - columnLine: 'ID1 ID2           Created     Due            Task                                         '
11:29:46 DEBUG - DEBUG: RenderFooter() completed - footerY: 21
11:29:46 DEBUG - RENDER OUTPUT: Wrote 4321 bytes to ACTUAL-OUTPUT.txt
11:29:46 DEBUG - RENDER OUTPUT PREVIEW: [2J[H[1;1H[?25l[1;1H[48;2;100;150;255m[38;2;100;150;255m Tasks                                                                                    [0m
[48;2;100;150;255m───────────────────────
11:29:47 DEBUG - InputProcessor: Processing key 'Up'
11:29:47 DEBUG - InputProcessor: Executing command 'nav.up' for key 'Up'
11:29:47 DEBUG - InputProcessor: About to publish command.executed for 'nav.up'
11:29:47 DEBUG - EventBus received command.executed: nav.up
11:29:47 DEBUG - Screen.HandleCommand called with: 'nav.up'
11:29:47 DEBUG - ListScreen.HandleScreenCommand called with: nav.up
11:29:47 DEBUG - Moving up
11:29:47 DEBUG - InputProcessor: Published command.executed for 'nav.up'
11:29:47 DEBUG - DEBUG: RenderColumnHeaders() completed - columnLine: 'ID1 ID2           Created     Due            Task                                         '
11:29:47 DEBUG - DEBUG: RenderFooter() completed - footerY: 21
11:29:47 DEBUG - RENDER OUTPUT: Wrote 4321 bytes to ACTUAL-OUTPUT.txt
11:29:47 DEBUG - RENDER OUTPUT PREVIEW: [2J[H[1;1H[?25l[1;1H[48;2;100;150;255m[38;2;100;150;255m Tasks                                                                                    [0m
[48;2;100;150;255m───────────────────────
11:29:47 DEBUG - InputProcessor: Processing key 'Up'
11:29:47 DEBUG - InputProcessor: Executing command 'nav.up' for key 'Up'
11:29:47 DEBUG - InputProcessor: About to publish command.executed for 'nav.up'
11:29:47 DEBUG - EventBus received command.executed: nav.up
11:29:47 DEBUG - Screen.HandleCommand called with: 'nav.up'
11:29:47 DEBUG - ListScreen.HandleScreenCommand called with: nav.up
11:29:47 DEBUG - Moving up
11:29:47 DEBUG - InputProcessor: Published command.executed for 'nav.up'
11:29:47 DEBUG - DEBUG: RenderColumnHeaders() completed - columnLine: 'ID1 ID2           Created     Due            Task                                         '
11:29:47 DEBUG - DEBUG: RenderFooter() completed - footerY: 21
11:29:47 DEBUG - RENDER OUTPUT: Wrote 4321 bytes to ACTUAL-OUTPUT.txt
11:29:47 DEBUG - RENDER OUTPUT PREVIEW: [2J[H[1;1H[?25l[1;1H[48;2;100;150;255m[38;2;100;150;255m Tasks                                                                                    [0m
[48;2;100;150;255m───────────────────────
11:29:47 DEBUG - InputProcessor: Processing key 'Up'
11:29:47 DEBUG - InputProcessor: Executing command 'nav.up' for key 'Up'
11:29:47 DEBUG - InputProcessor: About to publish command.executed for 'nav.up'
11:29:47 DEBUG - EventBus received command.executed: nav.up
11:29:47 DEBUG - Screen.HandleCommand called with: 'nav.up'
11:29:47 DEBUG - ListScreen.HandleScreenCommand called with: nav.up
11:29:47 DEBUG - Moving up
11:29:47 DEBUG - InputProcessor: Published command.executed for 'nav.up'
11:29:47 DEBUG - DEBUG: RenderColumnHeaders() completed - columnLine: 'ID1 ID2           Created     Due            Task                                         '
11:29:47 DEBUG - DEBUG: RenderFooter() completed - footerY: 21
11:29:47 DEBUG - RENDER OUTPUT: Wrote 4321 bytes to ACTUAL-OUTPUT.txt
11:29:47 DEBUG - RENDER OUTPUT PREVIEW: [2J[H[1;1H[?25l[1;1H[48;2;100;150;255m[38;2;100;150;255m Tasks                                                                                    [0m
[48;2;100;150;255m───────────────────────
11:29:47 DEBUG - InputProcessor: Processing key 'Up'
11:29:47 DEBUG - InputProcessor: Executing command 'nav.up' for key 'Up'
11:29:47 DEBUG - InputProcessor: About to publish command.executed for 'nav.up'
11:29:47 DEBUG - EventBus received command.executed: nav.up
11:29:47 DEBUG - Screen.HandleCommand called with: 'nav.up'
11:29:47 DEBUG - ListScreen.HandleScreenCommand called with: nav.up
11:29:47 DEBUG - Moving up
11:29:47 DEBUG - InputProcessor: Published command.executed for 'nav.up'
11:29:47 DEBUG - DEBUG: RenderColumnHeaders() completed - columnLine: 'ID1 ID2           Created     Due            Task                                         '
11:29:47 DEBUG - DEBUG: RenderFooter() completed - footerY: 21
11:29:48 DEBUG - RENDER OUTPUT: Wrote 4321 bytes to ACTUAL-OUTPUT.txt
11:29:48 DEBUG - RENDER OUTPUT PREVIEW: [2J[H[1;1H[?25l[1;1H[48;2;100;150;255m[38;2;100;150;255m Tasks                                                                                    [0m
[48;2;100;150;255m───────────────────────
11:29:48 DEBUG - InputProcessor: Processing key 'Up'
11:29:48 DEBUG - InputProcessor: Executing command 'nav.up' for key 'Up'
11:29:48 DEBUG - InputProcessor: About to publish command.executed for 'nav.up'
11:29:48 DEBUG - EventBus received command.executed: nav.up
11:29:48 DEBUG - Screen.HandleCommand called with: 'nav.up'
11:29:48 DEBUG - ListScreen.HandleScreenCommand called with: nav.up
11:29:48 DEBUG - Moving up
11:29:48 DEBUG - InputProcessor: Published command.executed for 'nav.up'
11:29:48 DEBUG - DEBUG: RenderColumnHeaders() completed - columnLine: 'ID1 ID2           Created     Due            Task                                         '
11:29:48 DEBUG - DEBUG: RenderFooter() completed - footerY: 21
11:29:48 DEBUG - RENDER OUTPUT: Wrote 4321 bytes to ACTUAL-OUTPUT.txt
11:29:48 DEBUG - RENDER OUTPUT PREVIEW: [2J[H[1;1H[?25l[1;1H[48;2;100;150;255m[38;2;100;150;255m Tasks                                                                                    [0m
[48;2;100;150;255m───────────────────────
11:29:48 DEBUG - InputProcessor: Processing key 'Up'
11:29:48 DEBUG - InputProcessor: Executing command 'nav.up' for key 'Up'
11:29:48 DEBUG - InputProcessor: About to publish command.executed for 'nav.up'
11:29:48 DEBUG - EventBus received command.executed: nav.up
11:29:48 DEBUG - Screen.HandleCommand called with: 'nav.up'
11:29:48 DEBUG - ListScreen.HandleScreenCommand called with: nav.up
11:29:48 DEBUG - Moving up
11:29:48 DEBUG - InputProcessor: Published command.executed for 'nav.up'
11:29:48 DEBUG - DEBUG: RenderColumnHeaders() completed - columnLine: 'ID1 ID2           Created     Due            Task                                         '
11:29:48 DEBUG - DEBUG: RenderFooter() completed - footerY: 21
11:29:48 DEBUG - RENDER OUTPUT: Wrote 4321 bytes to ACTUAL-OUTPUT.txt
11:29:48 DEBUG - RENDER OUTPUT PREVIEW: [2J[H[1;1H[?25l[1;1H[48;2;100;150;255m[38;2;100;150;255m Tasks                                                                                    [0m
[48;2;100;150;255m───────────────────────
11:29:48 DEBUG - InputProcessor: Processing key 'Up'
11:29:48 DEBUG - InputProcessor: Executing command 'nav.up' for key 'Up'
11:29:48 DEBUG - InputProcessor: About to publish command.executed for 'nav.up'
11:29:48 DEBUG - EventBus received command.executed: nav.up
11:29:48 DEBUG - Screen.HandleCommand called with: 'nav.up'
11:29:48 DEBUG - ListScreen.HandleScreenCommand called with: nav.up
11:29:48 DEBUG - Moving up
11:29:48 DEBUG - InputProcessor: Published command.executed for 'nav.up'
11:29:48 DEBUG - DEBUG: RenderColumnHeaders() completed - columnLine: 'ID1 ID2           Created     Due            Task                                         '
11:29:48 DEBUG - DEBUG: RenderFooter() completed - footerY: 21
11:29:48 DEBUG - RENDER OUTPUT: Wrote 4321 bytes to ACTUAL-OUTPUT.txt
11:29:48 DEBUG - RENDER OUTPUT PREVIEW: [2J[H[1;1H[?25l[1;1H[48;2;100;150;255m[38;2;100;150;255m Tasks                                                                                    [0m
[48;2;100;150;255m───────────────────────
11:29:48 DEBUG - InputProcessor: Processing key 'Up'
11:29:48 DEBUG - InputProcessor: Executing command 'nav.up' for key 'Up'
11:29:48 DEBUG - InputProcessor: About to publish command.executed for 'nav.up'
11:29:48 DEBUG - EventBus received command.executed: nav.up
11:29:48 DEBUG - Screen.HandleCommand called with: 'nav.up'
11:29:48 DEBUG - ListScreen.HandleScreenCommand called with: nav.up
11:29:48 DEBUG - Moving up
11:29:48 DEBUG - InputProcessor: Published command.executed for 'nav.up'
11:29:48 DEBUG - DEBUG: RenderColumnHeaders() completed - columnLine: 'ID1 ID2           Created     Due            Task                                         '
11:29:48 DEBUG - DEBUG: RenderFooter() completed - footerY: 21
11:29:48 DEBUG - RENDER OUTPUT: Wrote 4321 bytes to ACTUAL-OUTPUT.txt
11:29:48 DEBUG - RENDER OUTPUT PREVIEW: [2J[H[1;1H[?25l[1;1H[48;2;100;150;255m[38;2;100;150;255m Tasks                                                                                    [0m
[48;2;100;150;255m───────────────────────
11:29:54 INFO  - Bootstrapper: Beginning application cleanup
11:29:54 DEBUG - RenderEngine: Console state restored
--- Log Initialized at 08/14/2025 11:29:59 ---
11:29:59 DEBUG - Registering all application services...
11:29:59 DEBUG - SimpleStateManager initialized with PowerShell-native state
11:29:59 DEBUG - InputProcessor: Default commands registered
11:29:59 DEBUG - InputProcessor: Default key mappings registered
11:29:59 INFO  - No user key mappings file found at /home/teej/projects/github/praxis/simpletaskpro/keymappings.json
11:29:59 INFO  - InputProcessor initialized
11:29:59 INFO  - RenderEngine initialized with 5 pooled string builders
11:30:01 INFO  - All application screens have been instantiated.
11:30:01 INFO  - SimpleTaskPro initialization complete.
11:30:01 INFO  - Application launcher running. Handing control to initial screen.
11:30:01 DEBUG - Screen TaskListScreen bounds set to 90x23
11:30:01 DEBUG - Screen TaskListScreen initializing...
11:30:01 DEBUG - Screen subscribing to command.executed events
11:30:01 DEBUG - ListScreen TaskListScreen post-construction setup complete
11:30:01 DEBUG - Screen TaskListScreen OnInitialize hook completed.
11:30:02 DEBUG - DEBUG: RenderColumnHeaders() completed - columnLine: 'ID1 ID2           Created     Due            Task                                         '
11:30:02 DEBUG - DEBUG: RenderFooter() completed - footerY: 21
11:30:03 DEBUG - RENDER OUTPUT: Wrote 4297 bytes to ACTUAL-OUTPUT.txt
11:30:03 DEBUG - RENDER OUTPUT PREVIEW: [2J[H[1;1H[?25l[1;1H[48;2;100;150;255m[38;2;100;150;255m Tasks                                                                                    [0m
[48;2;100;150;255m───────────────────────
11:30:08 DEBUG - InputProcessor: Processing key 'e'
11:30:08 DEBUG - InputProcessor: Executing command 'action.edit' for key 'e'
11:30:08 DEBUG - InputProcessor: About to publish command.executed for 'action.edit'
11:30:08 DEBUG - EventBus received command.executed: action.edit
11:30:08 DEBUG - Screen.HandleCommand called with: 'action.edit'
11:30:08 DEBUG - ListScreen.HandleScreenCommand called with: action.edit
11:30:08 DEBUG - InputProcessor: Published command.executed for 'action.edit'
11:30:08 DEBUG - DEBUG: RenderColumnHeaders() completed - columnLine: 'ID1 ID2           Created     Due            Task                                         '
11:30:08 DEBUG - DEBUG: RenderFooter() completed - footerY: 21
11:30:08 DEBUG - RENDER OUTPUT: Wrote 4297 bytes to ACTUAL-OUTPUT.txt
11:30:08 DEBUG - RENDER OUTPUT PREVIEW: [2J[H[1;1H[?25l[1;1H[48;2;100;150;255m[38;2;100;150;255m Tasks                                                                                    [0m
[48;2;100;150;255m───────────────────────
11:30:10 DEBUG - InputProcessor: Processing key 'n'
11:30:10 DEBUG - InputProcessor: Executing command 'action.new' for key 'n'
11:30:10 DEBUG - InputProcessor: About to publish command.executed for 'action.new'
11:30:10 DEBUG - EventBus received command.executed: action.new
11:30:10 DEBUG - Screen.HandleCommand called with: 'action.new'
11:30:10 DEBUG - ListScreen.HandleScreenCommand called with: action.new
11:30:11 DEBUG - InputProcessor: Published command.executed for 'action.new'
11:30:11 DEBUG - DEBUG: RenderColumnHeaders() completed - columnLine: 'ID1 ID2           Created     Due            Task                                         '
11:30:11 DEBUG - DEBUG: RenderFooter() completed - footerY: 21
11:30:11 DEBUG - RENDER OUTPUT: Wrote 4297 bytes to ACTUAL-OUTPUT.txt
11:30:11 DEBUG - RENDER OUTPUT PREVIEW: [2J[H[1;1H[?25l[1;1H[48;2;100;150;255m[38;2;100;150;255m Tasks                                                                                    [0m
[48;2;100;150;255m───────────────────────
11:30:12 DEBUG - InputProcessor: Processing key 'Enter'
11:30:12 DEBUG - InputProcessor: Executing command 'action.select' for key 'Enter'
11:30:12 DEBUG - InputProcessor: About to publish command.executed for 'action.select'
11:30:12 DEBUG - EventBus received command.executed: action.select
11:30:12 DEBUG - Screen.HandleCommand called with: 'action.select'
11:30:12 DEBUG - ListScreen.HandleScreenCommand called with: action.select
11:30:12 DEBUG - InputProcessor: Published command.executed for 'action.select'
11:30:12 DEBUG - DEBUG: RenderColumnHeaders() completed - columnLine: 'ID1 ID2           Created     Due            Task                                         '
11:30:12 DEBUG - DEBUG: RenderFooter() completed - footerY: 21
11:30:12 DEBUG - RENDER OUTPUT: Wrote 4297 bytes to ACTUAL-OUTPUT.txt
11:30:12 DEBUG - RENDER OUTPUT PREVIEW: [2J[H[1;1H[?25l[1;1H[48;2;100;150;255m[38;2;100;150;255m Tasks                                                                                    [0m
[48;2;100;150;255m───────────────────────
11:30:15 INFO  - Bootstrapper: Beginning application cleanup
11:30:15 DEBUG - RenderEngine: Console state restored
--- Log Initialized at 08/14/2025 12:16:33 ---
12:16:33 DEBUG - Registering all application services...
12:16:33 DEBUG - SimpleStateManager initialized with PowerShell-native state
12:16:33 DEBUG - InputProcessor: Default commands registered
12:16:33 DEBUG - InputProcessor: Default key mappings registered
12:16:33 INFO  - No user key mappings file found at /home/teej/projects/github/praxis/simpletaskpro/keymappings.json
12:16:33 INFO  - InputProcessor initialized
12:16:33 INFO  - RenderEngine initialized with 5 pooled string builders
12:16:36 INFO  - All application screens have been instantiated.
12:16:36 INFO  - SimpleTaskPro initialization complete.
12:16:36 INFO  - Application launcher running. Handing control to initial screen.
12:16:36 DEBUG - Screen TaskListScreen bounds set to 80x24
12:16:36 DEBUG - Screen TaskListScreen initializing...
12:16:36 DEBUG - Screen subscribing to command.executed events
12:16:36 DEBUG - ListScreen TaskListScreen post-construction setup complete
12:16:36 DEBUG - Screen TaskListScreen OnInitialize hook completed.
12:16:36 DEBUG - DEBUG: RenderColumnHeaders() completed - columnLine: 'ID1 ID2           Created     Due            Task                               '
12:16:37 DEBUG - DEBUG: RenderFooter() completed - footerY: 22
12:16:37 INFO  - Bootstrapper: Beginning application cleanup
12:16:37 DEBUG - RenderEngine: Console state restored
--- Log Initialized at 08/14/2025 12:17:04 ---
12:17:04 DEBUG - Registering all application services...
12:17:05 DEBUG - SimpleStateManager initialized with PowerShell-native state
12:17:05 DEBUG - InputProcessor: Default commands registered
12:17:05 DEBUG - InputProcessor: Default key mappings registered
12:17:05 INFO  - No user key mappings file found at /home/teej/projects/github/praxis/simpletaskpro/keymappings.json
12:17:05 INFO  - InputProcessor initialized
12:17:05 INFO  - RenderEngine initialized with 5 pooled string builders
12:17:07 INFO  - All application screens have been instantiated.
12:17:07 INFO  - SimpleTaskPro initialization complete.
12:17:07 INFO  - Application launcher running. Handing control to initial screen.
12:17:07 DEBUG - Screen TaskListScreen bounds set to 80x24
12:17:07 DEBUG - Screen TaskListScreen initializing...
12:17:07 DEBUG - Screen subscribing to command.executed events
12:17:07 DEBUG - ListScreen TaskListScreen post-construction setup complete
12:17:07 DEBUG - Screen TaskListScreen OnInitialize hook completed.
12:17:07 DEBUG - DEBUG: RenderColumnHeaders() completed - columnLine: 'ID1 ID2           Created     Due            Task                               '
12:17:08 DEBUG - DEBUG: RenderFooter() completed - footerY: 22
12:17:08 ERROR - Console input failed
Exception calling "ReadKey" with "1" argument(s): "Cannot read keys when either application does not have a console or when console input has been redirected. Try Console.Read."
Stack Trace:
at Show, /home/teej/projects/github/praxis/simpletaskpro/Base/ListScreen.ps1: line 35
at Run, /home/teej/projects/github/praxis/simpletaskpro/Core/SimpleTaskProApp.ps1: line 27
at <ScriptBlock>, /home/teej/projects/github/praxis/simpletaskpro/SimpleTaskPro.ps1: line 74
12:17:08 INFO  - Bootstrapper: Beginning application cleanup
12:17:08 DEBUG - RenderEngine: Console state restored
--- Log Initialized at 08/14/2025 12:18:45 ---
12:18:46 DEBUG - Registering all application services...
12:18:46 DEBUG - SimpleStateManager initialized with PowerShell-native state
12:18:46 DEBUG - InputProcessor: Default commands registered
12:18:46 DEBUG - InputProcessor: Default key mappings registered
12:18:46 INFO  - No user key mappings file found at /home/teej/projects/github/praxis/simpletaskpro/keymappings.json
12:18:46 INFO  - InputProcessor initialized
12:18:46 INFO  - RenderEngine initialized with 5 pooled string builders
12:18:48 INFO  - All application screens have been instantiated.
12:18:48 INFO  - SimpleTaskPro initialization complete.
12:18:48 INFO  - Application launcher running. Handing control to initial screen.
12:18:48 DEBUG - Screen TaskListScreen bounds set to 90x23
12:18:48 DEBUG - Screen TaskListScreen initializing...
12:18:48 DEBUG - Screen subscribing to command.executed events
12:18:48 DEBUG - ListScreen TaskListScreen post-construction setup complete
12:18:48 DEBUG - Screen TaskListScreen OnInitialize hook completed.
12:18:48 DEBUG - DEBUG: RenderColumnHeaders() completed - columnLine: 'ID1 ID2           Created     Due            Task                                         '
12:18:49 DEBUG - DEBUG: RenderFooter() completed - footerY: 21
12:18:49 DEBUG - RENDER OUTPUT: Wrote 4387 bytes to ACTUAL-OUTPUT.txt
12:18:49 DEBUG - RENDER OUTPUT PREVIEW: [2J[H[1;1H[?25l[1;1H[48;2;100;150;255m[38;2;100;150;255m Tasks                                                                                    [0m
[48;2;100;150;255m───────────────────────
12:18:52 DEBUG - InputProcessor: Processing key 'Down'
12:18:52 DEBUG - InputProcessor: Executing command 'nav.down' for key 'Down'
12:18:52 DEBUG - InputProcessor: About to publish command.executed for 'nav.down'
12:18:52 DEBUG - EventBus received command.executed: nav.down
12:18:52 DEBUG - Screen.HandleCommand called with: 'nav.down'
12:18:52 DEBUG - ListScreen.HandleScreenCommand called with: nav.down
12:18:52 DEBUG - Moving down
12:18:52 DEBUG - InputProcessor: Published command.executed for 'nav.down'
12:18:52 DEBUG - DEBUG: RenderColumnHeaders() completed - columnLine: 'ID1 ID2           Created     Due            Task                                         '
12:18:52 DEBUG - DEBUG: RenderFooter() completed - footerY: 21
12:18:53 DEBUG - RENDER OUTPUT: Wrote 4387 bytes to ACTUAL-OUTPUT.txt
12:18:53 DEBUG - RENDER OUTPUT PREVIEW: [2J[H[1;1H[?25l[1;1H[48;2;100;150;255m[38;2;100;150;255m Tasks                                                                                    [0m
[48;2;100;150;255m───────────────────────
12:18:53 DEBUG - InputProcessor: Processing key 'Down'
12:18:53 DEBUG - InputProcessor: Executing command 'nav.down' for key 'Down'
12:18:53 DEBUG - InputProcessor: About to publish command.executed for 'nav.down'
12:18:53 DEBUG - EventBus received command.executed: nav.down
12:18:53 DEBUG - Screen.HandleCommand called with: 'nav.down'
12:18:53 DEBUG - ListScreen.HandleScreenCommand called with: nav.down
12:18:53 DEBUG - Moving down
12:18:53 DEBUG - InputProcessor: Published command.executed for 'nav.down'
12:18:53 DEBUG - DEBUG: RenderColumnHeaders() completed - columnLine: 'ID1 ID2           Created     Due            Task                                         '
12:18:53 DEBUG - DEBUG: RenderFooter() completed - footerY: 21
12:18:54 DEBUG - RENDER OUTPUT: Wrote 4387 bytes to ACTUAL-OUTPUT.txt
12:18:54 DEBUG - RENDER OUTPUT PREVIEW: [2J[H[1;1H[?25l[1;1H[48;2;100;150;255m[38;2;100;150;255m Tasks                                                                                    [0m
[48;2;100;150;255m───────────────────────
12:18:54 DEBUG - InputProcessor: Processing key 'Down'
12:18:54 DEBUG - InputProcessor: Executing command 'nav.down' for key 'Down'
12:18:54 DEBUG - InputProcessor: About to publish command.executed for 'nav.down'
12:18:54 DEBUG - EventBus received command.executed: nav.down
12:18:54 DEBUG - Screen.HandleCommand called with: 'nav.down'
12:18:54 DEBUG - ListScreen.HandleScreenCommand called with: nav.down
12:18:54 DEBUG - Moving down
12:18:54 DEBUG - InputProcessor: Published command.executed for 'nav.down'
12:18:54 DEBUG - DEBUG: RenderColumnHeaders() completed - columnLine: 'ID1 ID2           Created     Due            Task                                         '
12:18:54 DEBUG - DEBUG: RenderFooter() completed - footerY: 21
12:18:54 DEBUG - RENDER OUTPUT: Wrote 4387 bytes to ACTUAL-OUTPUT.txt
12:18:54 DEBUG - RENDER OUTPUT PREVIEW: [2J[H[1;1H[?25l[1;1H[48;2;100;150;255m[38;2;100;150;255m Tasks                                                                                    [0m
[48;2;100;150;255m───────────────────────
12:18:54 DEBUG - InputProcessor: Processing key 'Down'
12:18:54 DEBUG - InputProcessor: Executing command 'nav.down' for key 'Down'
12:18:54 DEBUG - InputProcessor: About to publish command.executed for 'nav.down'
12:18:54 DEBUG - EventBus received command.executed: nav.down
12:18:54 DEBUG - Screen.HandleCommand called with: 'nav.down'
12:18:54 DEBUG - ListScreen.HandleScreenCommand called with: nav.down
12:18:54 DEBUG - Moving down
12:18:54 DEBUG - InputProcessor: Published command.executed for 'nav.down'
12:18:54 DEBUG - DEBUG: RenderColumnHeaders() completed - columnLine: 'ID1 ID2           Created     Due            Task                                         '
12:18:54 DEBUG - DEBUG: RenderFooter() completed - footerY: 21
12:18:55 DEBUG - RENDER OUTPUT: Wrote 4387 bytes to ACTUAL-OUTPUT.txt
12:18:55 DEBUG - RENDER OUTPUT PREVIEW: [2J[H[1;1H[?25l[1;1H[48;2;100;150;255m[38;2;100;150;255m Tasks                                                                                    [0m
[48;2;100;150;255m───────────────────────
12:18:55 DEBUG - InputProcessor: Processing key 'Down'
12:18:55 DEBUG - InputProcessor: Executing command 'nav.down' for key 'Down'
12:18:55 DEBUG - InputProcessor: About to publish command.executed for 'nav.down'
12:18:55 DEBUG - EventBus received command.executed: nav.down
12:18:55 DEBUG - Screen.HandleCommand called with: 'nav.down'
12:18:55 DEBUG - ListScreen.HandleScreenCommand called with: nav.down
12:18:55 DEBUG - Moving down
12:18:55 DEBUG - InputProcessor: Published command.executed for 'nav.down'
12:18:55 DEBUG - DEBUG: RenderColumnHeaders() completed - columnLine: 'ID1 ID2           Created     Due            Task                                         '
12:18:55 DEBUG - DEBUG: RenderFooter() completed - footerY: 21
12:18:55 DEBUG - RENDER OUTPUT: Wrote 4387 bytes to ACTUAL-OUTPUT.txt
12:18:55 DEBUG - RENDER OUTPUT PREVIEW: [2J[H[1;1H[?25l[1;1H[48;2;100;150;255m[38;2;100;150;255m Tasks                                                                                    [0m
[48;2;100;150;255m───────────────────────
12:18:55 DEBUG - InputProcessor: Processing key 'Down'
12:18:55 DEBUG - InputProcessor: Executing command 'nav.down' for key 'Down'
12:18:55 DEBUG - InputProcessor: About to publish command.executed for 'nav.down'
12:18:55 DEBUG - EventBus received command.executed: nav.down
12:18:55 DEBUG - Screen.HandleCommand called with: 'nav.down'
12:18:55 DEBUG - ListScreen.HandleScreenCommand called with: nav.down
12:18:55 DEBUG - Moving down
12:18:55 DEBUG - InputProcessor: Published command.executed for 'nav.down'
12:18:55 DEBUG - DEBUG: RenderColumnHeaders() completed - columnLine: 'ID1 ID2           Created     Due            Task                                         '
12:18:55 DEBUG - DEBUG: RenderFooter() completed - footerY: 21
12:18:55 DEBUG - RENDER OUTPUT: Wrote 4387 bytes to ACTUAL-OUTPUT.txt
12:18:55 DEBUG - RENDER OUTPUT PREVIEW: [2J[H[1;1H[?25l[1;1H[48;2;100;150;255m[38;2;100;150;255m Tasks                                                                                    [0m
[48;2;100;150;255m───────────────────────
12:18:58 DEBUG - InputProcessor: Processing key 'Up'
12:18:58 DEBUG - InputProcessor: Executing command 'nav.up' for key 'Up'
12:18:58 DEBUG - InputProcessor: About to publish command.executed for 'nav.up'
12:18:58 DEBUG - EventBus received command.executed: nav.up
12:18:58 DEBUG - Screen.HandleCommand called with: 'nav.up'
12:18:58 DEBUG - ListScreen.HandleScreenCommand called with: nav.up
12:18:58 DEBUG - Moving up
12:18:58 DEBUG - InputProcessor: Published command.executed for 'nav.up'
12:18:58 DEBUG - DEBUG: RenderColumnHeaders() completed - columnLine: 'ID1 ID2           Created     Due            Task                                         '
12:18:58 DEBUG - DEBUG: RenderFooter() completed - footerY: 21
12:18:58 DEBUG - RENDER OUTPUT: Wrote 4387 bytes to ACTUAL-OUTPUT.txt
12:18:58 DEBUG - RENDER OUTPUT PREVIEW: [2J[H[1;1H[?25l[1;1H[48;2;100;150;255m[38;2;100;150;255m Tasks                                                                                    [0m
[48;2;100;150;255m───────────────────────
12:19:02 DEBUG - InputProcessor: Processing key 'Down'
12:19:02 DEBUG - InputProcessor: Executing command 'nav.down' for key 'Down'
12:19:02 DEBUG - InputProcessor: About to publish command.executed for 'nav.down'
12:19:02 DEBUG - EventBus received command.executed: nav.down
12:19:02 DEBUG - Screen.HandleCommand called with: 'nav.down'
12:19:02 DEBUG - ListScreen.HandleScreenCommand called with: nav.down
12:19:02 DEBUG - Moving down
12:19:02 DEBUG - InputProcessor: Published command.executed for 'nav.down'
12:19:02 DEBUG - DEBUG: RenderColumnHeaders() completed - columnLine: 'ID1 ID2           Created     Due            Task                                         '
12:19:02 DEBUG - DEBUG: RenderFooter() completed - footerY: 21
12:19:02 DEBUG - RENDER OUTPUT: Wrote 4387 bytes to ACTUAL-OUTPUT.txt
12:19:02 DEBUG - RENDER OUTPUT PREVIEW: [2J[H[1;1H[?25l[1;1H[48;2;100;150;255m[38;2;100;150;255m Tasks                                                                                    [0m
[48;2;100;150;255m───────────────────────
12:19:02 DEBUG - InputProcessor: Processing key 'Down'
12:19:02 DEBUG - InputProcessor: Executing command 'nav.down' for key 'Down'
12:19:02 DEBUG - InputProcessor: About to publish command.executed for 'nav.down'
12:19:02 DEBUG - EventBus received command.executed: nav.down
12:19:02 DEBUG - Screen.HandleCommand called with: 'nav.down'
12:19:02 DEBUG - ListScreen.HandleScreenCommand called with: nav.down
12:19:02 DEBUG - Moving down
12:19:02 DEBUG - InputProcessor: Published command.executed for 'nav.down'
12:19:02 DEBUG - DEBUG: RenderColumnHeaders() completed - columnLine: 'ID1 ID2           Created     Due            Task                                         '
12:19:02 DEBUG - DEBUG: RenderFooter() completed - footerY: 21
12:19:02 DEBUG - RENDER OUTPUT: Wrote 4387 bytes to ACTUAL-OUTPUT.txt
12:19:02 DEBUG - RENDER OUTPUT PREVIEW: [2J[H[1;1H[?25l[1;1H[48;2;100;150;255m[38;2;100;150;255m Tasks                                                                                    [0m
[48;2;100;150;255m───────────────────────
12:19:02 DEBUG - InputProcessor: Processing key 'Down'
12:19:02 DEBUG - InputProcessor: Executing command 'nav.down' for key 'Down'
12:19:02 DEBUG - InputProcessor: About to publish command.executed for 'nav.down'
12:19:02 DEBUG - EventBus received command.executed: nav.down
12:19:02 DEBUG - Screen.HandleCommand called with: 'nav.down'
12:19:02 DEBUG - ListScreen.HandleScreenCommand called with: nav.down
12:19:02 DEBUG - Moving down
12:19:02 DEBUG - InputProcessor: Published command.executed for 'nav.down'
12:19:02 DEBUG - DEBUG: RenderColumnHeaders() completed - columnLine: 'ID1 ID2           Created     Due            Task                                         '
12:19:02 DEBUG - DEBUG: RenderFooter() completed - footerY: 21
12:19:02 DEBUG - RENDER OUTPUT: Wrote 3667 bytes to ACTUAL-OUTPUT.txt
12:19:02 DEBUG - RENDER OUTPUT PREVIEW: [2J[H[1;1H[?25l[1;1H[48;2;100;150;255m[38;2;100;150;255m Tasks                                                                                    [0m
[48;2;100;150;255m───────────────────────
12:19:03 DEBUG - InputProcessor: Processing key 'Up'
12:19:03 DEBUG - InputProcessor: Executing command 'nav.up' for key 'Up'
12:19:03 DEBUG - InputProcessor: About to publish command.executed for 'nav.up'
12:19:03 DEBUG - EventBus received command.executed: nav.up
12:19:03 DEBUG - Screen.HandleCommand called with: 'nav.up'
12:19:03 DEBUG - ListScreen.HandleScreenCommand called with: nav.up
12:19:03 DEBUG - Moving up
12:19:03 DEBUG - InputProcessor: Published command.executed for 'nav.up'
12:19:03 DEBUG - DEBUG: RenderColumnHeaders() completed - columnLine: 'ID1 ID2           Created     Due            Task                                         '
12:19:03 DEBUG - DEBUG: RenderFooter() completed - footerY: 21
12:19:03 DEBUG - RENDER OUTPUT: Wrote 4387 bytes to ACTUAL-OUTPUT.txt
12:19:03 DEBUG - RENDER OUTPUT PREVIEW: [2J[H[1;1H[?25l[1;1H[48;2;100;150;255m[38;2;100;150;255m Tasks                                                                                    [0m
[48;2;100;150;255m───────────────────────
12:19:03 DEBUG - InputProcessor: Processing key 'Up'
12:19:03 DEBUG - InputProcessor: Executing command 'nav.up' for key 'Up'
12:19:03 DEBUG - InputProcessor: About to publish command.executed for 'nav.up'
12:19:03 DEBUG - EventBus received command.executed: nav.up
12:19:03 DEBUG - Screen.HandleCommand called with: 'nav.up'
12:19:03 DEBUG - ListScreen.HandleScreenCommand called with: nav.up
12:19:03 DEBUG - Moving up
12:19:03 DEBUG - InputProcessor: Published command.executed for 'nav.up'
12:19:03 DEBUG - DEBUG: RenderColumnHeaders() completed - columnLine: 'ID1 ID2           Created     Due            Task                                         '
12:19:03 DEBUG - DEBUG: RenderFooter() completed - footerY: 21
12:19:04 DEBUG - RENDER OUTPUT: Wrote 4387 bytes to ACTUAL-OUTPUT.txt
12:19:04 DEBUG - RENDER OUTPUT PREVIEW: [2J[H[1;1H[?25l[1;1H[48;2;100;150;255m[38;2;100;150;255m Tasks                                                                                    [0m
[48;2;100;150;255m───────────────────────
12:19:04 DEBUG - InputProcessor: Processing key 'Up'
12:19:04 DEBUG - InputProcessor: Executing command 'nav.up' for key 'Up'
12:19:04 DEBUG - InputProcessor: About to publish command.executed for 'nav.up'
12:19:04 DEBUG - EventBus received command.executed: nav.up
12:19:04 DEBUG - Screen.HandleCommand called with: 'nav.up'
12:19:04 DEBUG - ListScreen.HandleScreenCommand called with: nav.up
12:19:04 DEBUG - Moving up
12:19:04 DEBUG - InputProcessor: Published command.executed for 'nav.up'
12:19:04 DEBUG - DEBUG: RenderColumnHeaders() completed - columnLine: 'ID1 ID2           Created     Due            Task                                         '
12:19:04 DEBUG - DEBUG: RenderFooter() completed - footerY: 21
12:19:04 DEBUG - RENDER OUTPUT: Wrote 4387 bytes to ACTUAL-OUTPUT.txt
12:19:04 DEBUG - RENDER OUTPUT PREVIEW: [2J[H[1;1H[?25l[1;1H[48;2;100;150;255m[38;2;100;150;255m Tasks                                                                                    [0m
[48;2;100;150;255m───────────────────────
12:19:04 DEBUG - InputProcessor: Processing key 'Up'
12:19:04 DEBUG - InputProcessor: Executing command 'nav.up' for key 'Up'
12:19:04 DEBUG - InputProcessor: About to publish command.executed for 'nav.up'
12:19:04 DEBUG - EventBus received command.executed: nav.up
12:19:04 DEBUG - Screen.HandleCommand called with: 'nav.up'
12:19:04 DEBUG - ListScreen.HandleScreenCommand called with: nav.up
12:19:04 DEBUG - Moving up
12:19:04 DEBUG - InputProcessor: Published command.executed for 'nav.up'
12:19:04 DEBUG - DEBUG: RenderColumnHeaders() completed - columnLine: 'ID1 ID2           Created     Due            Task                                         '
12:19:04 DEBUG - DEBUG: RenderFooter() completed - footerY: 21
12:19:04 DEBUG - RENDER OUTPUT: Wrote 4387 bytes to ACTUAL-OUTPUT.txt
12:19:04 DEBUG - RENDER OUTPUT PREVIEW: [2J[H[1;1H[?25l[1;1H[48;2;100;150;255m[38;2;100;150;255m Tasks                                                                                    [0m
[48;2;100;150;255m───────────────────────
12:19:04 DEBUG - InputProcessor: Processing key 'Up'
12:19:04 DEBUG - InputProcessor: Executing command 'nav.up' for key 'Up'
12:19:04 DEBUG - InputProcessor: About to publish command.executed for 'nav.up'
12:19:04 DEBUG - EventBus received command.executed: nav.up
12:19:04 DEBUG - Screen.HandleCommand called with: 'nav.up'
12:19:04 DEBUG - ListScreen.HandleScreenCommand called with: nav.up
12:19:04 DEBUG - Moving up
12:19:04 DEBUG - InputProcessor: Published command.executed for 'nav.up'
12:19:04 DEBUG - DEBUG: RenderColumnHeaders() completed - columnLine: 'ID1 ID2           Created     Due            Task                                         '
12:19:04 DEBUG - DEBUG: RenderFooter() completed - footerY: 21
12:19:05 DEBUG - RENDER OUTPUT: Wrote 4387 bytes to ACTUAL-OUTPUT.txt
12:19:05 DEBUG - RENDER OUTPUT PREVIEW: [2J[H[1;1H[?25l[1;1H[48;2;100;150;255m[38;2;100;150;255m Tasks                                                                                    [0m
[48;2;100;150;255m───────────────────────
12:19:05 DEBUG - InputProcessor: Processing key 'Up'
12:19:05 DEBUG - InputProcessor: Executing command 'nav.up' for key 'Up'
12:19:05 DEBUG - InputProcessor: About to publish command.executed for 'nav.up'
12:19:05 DEBUG - EventBus received command.executed: nav.up
12:19:05 DEBUG - Screen.HandleCommand called with: 'nav.up'
12:19:05 DEBUG - ListScreen.HandleScreenCommand called with: nav.up
12:19:05 DEBUG - Moving up
12:19:05 DEBUG - InputProcessor: Published command.executed for 'nav.up'
12:19:05 DEBUG - DEBUG: RenderColumnHeaders() completed - columnLine: 'ID1 ID2           Created     Due            Task                                         '
12:19:05 DEBUG - DEBUG: RenderFooter() completed - footerY: 21
12:19:05 DEBUG - RENDER OUTPUT: Wrote 4387 bytes to ACTUAL-OUTPUT.txt
12:19:05 DEBUG - RENDER OUTPUT PREVIEW: [2J[H[1;1H[?25l[1;1H[48;2;100;150;255m[38;2;100;150;255m Tasks                                                                                    [0m
[48;2;100;150;255m───────────────────────
12:19:05 DEBUG - InputProcessor: Processing key 'Up'
12:19:05 DEBUG - InputProcessor: Executing command 'nav.up' for key 'Up'
12:19:05 DEBUG - InputProcessor: About to publish command.executed for 'nav.up'
12:19:05 DEBUG - EventBus received command.executed: nav.up
12:19:05 DEBUG - Screen.HandleCommand called with: 'nav.up'
12:19:05 DEBUG - ListScreen.HandleScreenCommand called with: nav.up
12:19:05 DEBUG - Moving up
12:19:05 DEBUG - InputProcessor: Published command.executed for 'nav.up'
12:19:05 DEBUG - DEBUG: RenderColumnHeaders() completed - columnLine: 'ID1 ID2           Created     Due            Task                                         '
12:19:05 DEBUG - DEBUG: RenderFooter() completed - footerY: 21
12:19:05 DEBUG - RENDER OUTPUT: Wrote 4387 bytes to ACTUAL-OUTPUT.txt
12:19:05 DEBUG - RENDER OUTPUT PREVIEW: [2J[H[1;1H[?25l[1;1H[48;2;100;150;255m[38;2;100;150;255m Tasks                                                                                    [0m
[48;2;100;150;255m───────────────────────
12:19:06 DEBUG - InputProcessor: Processing key 'Up'
12:19:06 DEBUG - InputProcessor: Executing command 'nav.up' for key 'Up'
12:19:06 DEBUG - InputProcessor: About to publish command.executed for 'nav.up'
12:19:06 DEBUG - EventBus received command.executed: nav.up
12:19:06 DEBUG - Screen.HandleCommand called with: 'nav.up'
12:19:06 DEBUG - ListScreen.HandleScreenCommand called with: nav.up
12:19:06 DEBUG - Moving up
12:19:06 DEBUG - InputProcessor: Published command.executed for 'nav.up'
12:19:06 DEBUG - DEBUG: RenderColumnHeaders() completed - columnLine: 'ID1 ID2           Created     Due            Task                                         '
12:19:06 DEBUG - DEBUG: RenderFooter() completed - footerY: 21
12:19:06 DEBUG - RENDER OUTPUT: Wrote 4387 bytes to ACTUAL-OUTPUT.txt
12:19:06 DEBUG - RENDER OUTPUT PREVIEW: [2J[H[1;1H[?25l[1;1H[48;2;100;150;255m[38;2;100;150;255m Tasks                                                                                    [0m
[48;2;100;150;255m───────────────────────
12:19:09 INFO  - Bootstrapper: Beginning application cleanup
12:19:09 DEBUG - RenderEngine: Console state restored
--- Log Initialized at 08/14/2025 12:27:18 ---
12:27:18 DEBUG - Registering all application services...
12:27:18 DEBUG - SimpleStateManager initialized with PowerShell-native state
12:27:18 DEBUG - InputProcessor: Default commands registered
12:27:18 DEBUG - InputProcessor: Default key mappings registered
12:27:18 INFO  - No user key mappings file found at /home/teej/projects/github/praxis/simpletaskpro/keymappings.json
12:27:18 INFO  - InputProcessor initialized
12:27:18 INFO  - RenderEngine initialized with 5 pooled string builders
12:27:20 INFO  - All application screens have been instantiated.
12:27:20 INFO  - SimpleTaskPro initialization complete.
12:27:20 INFO  - Application launcher running. Handing control to initial screen.
12:27:20 DEBUG - Screen TaskListScreen bounds set to 80x24
12:27:20 DEBUG - Screen TaskListScreen initializing...
12:27:20 DEBUG - Screen subscribing to command.executed events
12:27:21 DEBUG - ListScreen TaskListScreen post-construction setup complete
12:27:21 DEBUG - Screen TaskListScreen OnInitialize hook completed.
12:27:21 DEBUG - DEBUG: RenderColumnHeaders() completed - columnLine: 'ID1 ID2           Created     Due            Task                               '
12:27:21 DEBUG - DEBUG: RenderFooter() completed - footerY: 22
12:27:21 ERROR - Console input failed
Exception calling "ReadKey" with "1" argument(s): "Cannot read keys when either application does not have a console or when console input has been redirected. Try Console.Read."
Stack Trace:
at Show, /home/teej/projects/github/praxis/simpletaskpro/Base/ListScreen.ps1: line 35
at Run, /home/teej/projects/github/praxis/simpletaskpro/Core/SimpleTaskProApp.ps1: line 27
at <ScriptBlock>, /home/teej/projects/github/praxis/simpletaskpro/SimpleTaskPro.ps1: line 74
12:27:21 INFO  - Bootstrapper: Beginning application cleanup
12:27:21 DEBUG - RenderEngine: Console state restored
--- Log Initialized at 08/14/2025 12:31:10 ---
12:31:10 DEBUG - Registering all application services...
12:31:10 DEBUG - SimpleStateManager initialized with PowerShell-native state
12:31:11 DEBUG - InputProcessor: Default commands registered
12:31:11 DEBUG - InputProcessor: Default key mappings registered
12:31:11 INFO  - No user key mappings file found at /home/teej/projects/github/praxis/simpletaskpro/keymappings.json
12:31:11 INFO  - InputProcessor initialized
12:31:11 INFO  - RenderEngine initialized with 5 pooled string builders
--- Log Initialized at 08/14/2025 12:42:45 ---
12:42:45 DEBUG - Registering all application services...
12:42:45 DEBUG - SimpleStateManager initialized with PowerShell-native state
12:42:45 DEBUG - InputProcessor: Default commands registered
12:42:45 DEBUG - InputProcessor: Default key mappings registered
12:42:45 INFO  - No user key mappings file found at /home/teej/projects/github/praxis/simpletaskpro/keymappings.json
12:42:45 INFO  - InputProcessor initialized
12:42:45 INFO  - RenderEngine initialized with 5 pooled string builders
12:42:47 INFO  - All application screens have been instantiated.
12:42:47 INFO  - SimpleTaskPro initialization complete.
12:42:47 INFO  - Application launcher running. Handing control to initial screen.
12:42:48 DEBUG - Screen TaskListScreen bounds set to 80x24
12:42:48 DEBUG - Screen TaskListScreen initializing...
12:42:48 DEBUG - Screen subscribing to command.executed events
12:42:48 DEBUG - ListScreen TaskListScreen post-construction setup complete
12:42:48 DEBUG - Screen TaskListScreen OnInitialize hook completed.
12:42:48 DEBUG - DEBUG: RenderColumnHeaders() completed - columnLine: 'ID1 ID2           Created     Due            Task                               '
12:42:49 DEBUG - DEBUG: RenderFooter() completed - footerY: 22
12:42:49 ERROR - Console input failed
Exception calling "ReadKey" with "1" argument(s): "Cannot read keys when either application does not have a console or when console input has been redirected. Try Console.Read."
Stack Trace:
at Show, /home/teej/projects/github/praxis/simpletaskpro/Base/ListScreen.ps1: line 35
at Run, /home/teej/projects/github/praxis/simpletaskpro/Core/SimpleTaskProApp.ps1: line 27
at <ScriptBlock>, /home/teej/projects/github/praxis/simpletaskpro/SimpleTaskPro.ps1: line 74
12:42:49 INFO  - Bootstrapper: Beginning application cleanup
12:42:49 DEBUG - RenderEngine: Console state restored
